flt_no,flt_date,original_ab_price,original_bc_price,original_ac_price,original_ab_revenue,original_bc_revenue,original_ac_revenue,original_total_revenue,optimal_ab_price,optimal_bc_price,optimal_ac_price,predicted_ab_pax,predicted_bc_pax,predicted_ac_pax,allocated_ab_seats,allocated_bc_seats,allocated_ac_seats,expected_revenue,revenue_improvement,revenue_improvement_amount
4ZzUixjOkas=,2024-06-10,1181.08547008547,753.4942528735633,1610.0,138187.0,65554.0,3220.0,206961.0,2331,1170,3688,94,85,10,116,116,12,355444,71.74443494184895,148483.0
T1S3Wvaoo74=,2024-06-30,534.3137254901961,1137.7952755905512,1334.5,54500.0,144500.0,26690.0,225690.0,1108,2101,2163,113,105,3,175,175,5,352298,56.09818777969782,126608.0
Lvc2e+2nFB0=,2024-06-23,577.7173913043479,767.4166666666666,472.58474576271186,26575.0,46045.0,55765.0,128385.0,1100,1232,1481,71,63,76,87,87,93,268272,108.9589905362776,139887.0
GLfHLRegmrc=,2024-06-18,292.29411764705884,350.7258064516129,,14907.0,21745.0,0.0,36652.0,408,304,421,51,54,14,71,71,19,43118,17.641602095383607,6466.0
Tdc9g6ophFU=,2024-06-13,1119.9204545454545,532.5769230769231,1532.9876543209878,98553.0,41541.0,124172.0,264266.0,2476,1035,3449,81,104,58,114,114,64,508238,92.32061634867898,243972.0
Qb8G/8LIsac=,2024-06-18,167.0,1160.877192982456,657.8947368421053,501.0,66170.0,25000.0,91671.0,640,1974,2308,34,83,14,136,136,23,217914,137.71312628857544,126243.0
b6d29pf57wI=,2024-06-22,400.6928571428571,669.1686746987951,847.1428571428571,56097.0,55541.0,5930.0,117568.0,1233,1396,2487,85,90,20,129,129,29,280185,138.31739929232444,162617.0
yMzVnsdMBnc=,2024-06-30,425.99333333333334,490.2682926829268,633.7142857142857,63899.0,40202.0,17744.0,121845.0,983,1389,1983,125,140,41,146,146,43,398638,227.16812343551234,276793.0
hf7vk0e3c+w=,2024-06-12,293.0,394.7264150943397,423.38709677419354,8497.0,41841.0,26250.0,76588.0,497,788,1330,56,103,43,120,120,50,166186,116.98699535175223,89598.0
REDwHoHNRUM=,2024-06-13,311.19310344827585,263.7090909090909,697.625,45123.0,43512.0,11162.0,99797.0,992,855,1026,128,163,22,162,162,22,288058,188.64394721284208,188261.0
IFfJH38AcPI=,2024-06-21,326.3478260869565,911.9183673469388,732.9803921568628,22518.0,44684.0,74764.0,141966.0,690,2010,2639,72,74,60,99,99,81,356760,151.2996069481425,214794.0
M6h0CRxx1U4=,2024-06-17,644.5544554455446,447.9047619047619,685.8823529411765,65100.0,37624.0,34980.0,137704.0,1472,810,1514,118,115,23,132,132,26,301668,119.0698890373555,163964.0
fHXC8L6Bwew=,2024-06-28,969.8474576271186,612.9636363636364,1277.6666666666667,114442.0,67426.0,42163.0,224031.0,1878,969,1989,109,127,24,145,145,27,375501,67.61117881007539,151470.0
8bv1Fbq9DEU=,2024-06-28,594.4444444444445,315.7692307692308,596.7857142857143,10700.0,4105.0,33420.0,48225.0,935,522,1219,24,21,18,51,51,38,55344,14.762052877138412,7119.0
gXkvr7EBZNk=,2024-06-03,1160.2151898734178,581.0,1361.25,91657.0,69720.0,5445.0,166822.0,2365,899,2798,72,90,18,107,107,21,301554,80.76392801908621,134732.0
Lbn9JElvWH4=,2024-06-02,722.1041666666666,360.7916666666667,599.7549019607843,34661.0,8659.0,61175.0,104495.0,1609,811,2225,41,37,62,69,69,105,233926,123.86334274367195,129431.0
mt0K+XtH5EA=,2024-06-18,650.8913043478261,622.5344827586207,597.8974358974359,59882.0,72214.0,23318.0,155414.0,1047,1481,1709,137,127,8,176,176,10,345198,122.11512476353481,189784.0
m4qcZWEVbws=,2024-06-08,310.8478260869565,128.32558139534885,433.75,14299.0,5518.0,6940.0,26757.0,655,263,762,42,43,22,60,60,30,55583,107.73255596666293,28826.0
qrk5F/8EGrY=,2024-06-11,378.6551724137931,478.4347826086956,662.7647058823529,43924.0,44016.0,22534.0,110474.0,962,847,1583,112,93,27,132,132,32,229256,107.52032152361642,118782.0
BmuSFfpFMss=,2024-06-01,711.175,389.5192307692308,412.1428571428572,56894.0,20255.0,40390.0,117539.0,1230,766,1447,84,63,66,101,101,79,247080,110.21107887594756,129541.0
GFhuRVhUJ70=,2024-06-20,640.4545454545455,1165.8805970149251,1851.5,84540.0,156228.0,74060.0,314828.0,1370,1667,2006,107,88,40,131,131,49,373526,18.64446618471038,58698.0
yzmsRm0Bwwk=,2024-06-23,820.68,694.3333333333334,1012.6511627906976,102585.0,64573.0,43544.0,210702.0,1325,939,1393,109,102,3,165,165,5,244382,15.984660800561931,33680.0
kZFa4pVTJBM=,2024-06-22,489.5238095238095,576.3333333333334,806.875,20560.0,25935.0,25820.0,72315.0,1046,1015,1394,47,35,11,72,72,17,100021,38.3129364585494,27706.0
3KGHLOkH5EE=,2024-06-29,574.3207547169811,853.3962264150944,994.125,60878.0,90460.0,47718.0,199056.0,1274,1513,2025,94,95,32,123,123,41,328291,64.92394100152721,129235.0
/Eq9wx6EMyU=,2024-06-10,571.1612903225806,362.86290322580646,560.0,53118.0,44995.0,17920.0,116033.0,1476,896,1887,108,113,52,116,116,54,358780,209.20513991709254,242747.0
bCl4I3AtNhA=,2024-06-20,606.2678571428571,837.4406779661017,666.969696969697,67902.0,49409.0,22010.0,139321.0,1622,1433,1947,96,105,7,148,148,10,319806,129.5461559994545,180485.0
LGLefxzZ8v4=,2024-06-14,713.7894736842105,315.0,450.0887096774194,13562.0,2205.0,55811.0,71578.0,1297,1144,1411,42,48,64,68,68,90,199690,178.98236888429406,128112.0
EAbTHg60zZY=,2024-06-17,472.6333333333333,416.4017094017094,682.9545454545455,42537.0,48719.0,15025.0,106281.0,972,1298,1474,76,129,0,134,134,0,241314,127.05281282637537,135033.0
EB5Sx2MJDAg=,2024-06-20,1168.09900990099,543.3913043478261,1834.304347826087,117978.0,37494.0,42189.0,197661.0,2320,1537,2419,122,93,3,168,168,4,433238,119.18233743631774,235577.0
i1pc0xzZ2TA=,2024-06-26,910.75,532.3728813559322,1294.0,76503.0,31410.0,3882.0,111795.0,1298,828,1409,70,63,10,78,78,11,157114,40.53759112661568,45319.0
FNFR9qKCc8w=,2024-06-10,518.4827586206897,203.90625,473.1794871794872,75180.0,26100.0,18454.0,119734.0,1669,905,2101,175,142,0,189,189,0,420585,251.2661399435415,300851.0
2YmZgSa7x7s=,2024-06-01,383.1684210526316,522.9645390070922,694.6,36401.0,73738.0,3473.0,113612.0,845,934,1264,123,113,23,145,145,27,238549,109.96813716860896,124937.0
iL3fJ02gjcU=,2024-06-10,483.32089552238807,369.3435114503817,894.1428571428571,64765.0,48384.0,6259.0,119408.0,1321,900,1612,113,116,4,158,158,5,260121,117.84218812809861,140713.0
6Qy8VAqbyzg=,2024-06-22,608.3418803418804,660.64,1134.7727272727273,71176.0,82580.0,49930.0,203686.0,1686,1112,2514,117,114,37,137,137,43,417048,104.75044922085957,213362.0
PcooYCwHKGQ=,2024-06-06,347.12359550561797,832.4078947368421,855.1818181818181,30894.0,126526.0,9407.0,166827.0,651,1296,1477,76,142,2,164,164,2,236462,41.74084530681485,69635.0
hxp4q4QvRCM=,2024-06-25,500.10526315789474,315.0,632.025641025641,9502.0,3150.0,24649.0,37301.0,878,1063,1258,37,34,36,45,45,44,113916,205.39663815983485,76615.0
xfYYCZtCTOA=,2024-06-20,548.5454545454545,264.44444444444446,414.3220338983051,54306.0,7140.0,24445.0,85891.0,1143,655,1380,97,46,25,148,148,38,175501,104.32990650941309,89610.0
C2OyQ+WYnfc=,2024-06-09,352.0873786407767,1042.4444444444443,1078.357142857143,36265.0,103202.0,45291.0,184758.0,1013,2255,3335,99,92,28,139,139,39,401127,117.10940798233365,216369.0
5EvCA88tul0=,2024-06-30,791.7058823529412,802.8241758241758,699.484375,53836.0,73057.0,44767.0,171660.0,1716,1233,1742,73,85,30,130,130,46,282333,64.47221251310731,110673.0
itEcZvJKPt8=,2024-06-17,814.5454545454545,571.6306306306307,953.9375,80640.0,63451.0,45789.0,189880.0,1837,1104,1871,113,108,22,147,147,29,367975,93.79344849378555,178095.0
Fhmn0NtSFCs=,2024-06-20,1822.5416666666667,449.985401459854,1374.264705882353,174964.0,61648.0,46725.0,283337.0,2857,1203,2915,93,106,54,117,117,59,550629,94.33713210770213,267292.0
x9vyLxWI+WI=,2024-06-29,853.7096774193549,591.4285714285714,721.6346153846154,52930.0,41400.0,75050.0,169380.0,2003,858,2051,50,58,89,71,71,109,332453,96.27641988428385,163073.0
wPq1YpM7dNY=,2024-06-21,687.2957746478874,435.54615384615386,581.4444444444445,97596.0,56621.0,10466.0,164683.0,1314,1088,1895,120,129,37,129,129,37,368147,123.54887875494131,203464.0
Z+rarX9eGx4=,2024-06-15,505.97222222222223,217.35294117647055,649.2285714285714,36430.0,14780.0,22723.0,73933.0,1288,915,1297,81,81,21,88,88,23,205680,178.19782776297458,131747.0
TKwErHNI0Z4=,2024-06-17,424.7619047619048,690.687898089172,,62440.0,108438.0,0.0,170878.0,974,1386,2005,139,138,31,142,142,32,388809,127.5360198504196,217931.0
GMLKKuB75bo=,2024-06-27,652.9264705882352,549.968,1198.904761904762,88798.0,68746.0,25177.0,182721.0,1212,1482,1885,104,127,16,151,151,19,344422,88.49612250370784,161701.0
y64bcm3DjDk=,2024-06-15,318.2758620689655,556.1764705882352,780.5263157894736,27690.0,37820.0,44490.0,110000.0,1246,1482,1801,101,102,0,162,162,0,277010,151.8272727272727,167010.0
c4sVUD4LnFc=,2024-06-02,220.2063492063492,470.27,434.93617021276594,13873.0,47027.0,20442.0,81342.0,470,1124,1250,85,108,16,148,148,22,181342,122.93771975117404,100000.0
SYqdImkhK/M=,2024-06-05,205.1851851851852,264.10714285714283,246.72222222222223,5540.0,7395.0,4441.0,17376.0,592,744,817,39,43,24,57,57,32,74688,329.8342541436464,57312.0
kCv63I95Hw0=,2024-06-20,661.5217391304348,262.15686274509807,906.0,30430.0,13370.0,9060.0,52860.0,1123,684,1618,38,35,36,46,46,43,124862,136.2126371547484,72002.0
/aaDEhIbVZY=,2024-06-17,322.85714285714283,170.0,302.2340425531915,6780.0,1360.0,14205.0,22345.0,624,379,762,18,15,27,36,36,53,37491,67.78250167822779,15146.0
aXJGnEhKFjk=,2024-06-04,280.0,438.7264150943397,712.0,21840.0,46505.0,28480.0,96825.0,1091,1929,2671,91,100,31,125,125,39,374982,287.27807900852054,278157.0
WtPOTfgqns4=,2024-06-19,298.8207547169811,408.1551724137931,478.84375,31675.0,47346.0,15323.0,94344.0,897,1130,1219,117,126,31,138,138,34,285118,202.21105740693633,190774.0
Z9dniBZohC8=,2024-06-21,506.9306930693069,658.5545454545454,919.5102040816328,51200.0,72441.0,45056.0,168697.0,1309,1150,1663,109,103,38,122,122,42,324325,92.25297426747363,155628.0
uudlq7xGzkY=,2024-06-02,374.39716312056737,380.96062992125985,698.0645161290323,52790.0,48382.0,21640.0,122812.0,767,1035,1220,122,120,37,135,135,41,262914,114.0784288180308,140102.0
CMtyvx0wfns=,2024-06-10,444.3225806451613,451.73015873015873,610.2985074626865,27548.0,28459.0,40890.0,96897.0,1108,609,1821,51,57,71,77,77,97,220512,127.57360909006469,123615.0
lDbMeLnDkOk=,2024-06-30,561.9722222222222,1071.378947368421,968.156862745098,40462.0,101781.0,49376.0,191619.0,1080,1572,2015,73,47,40,102,102,56,233324,21.764543182043532,41705.0
T+NGIcqgCF4=,2024-06-24,408.5869565217391,1324.1975308641977,1245.483870967742,37590.0,107260.0,77220.0,222070.0,818,2036,2486,143,115,10,168,168,12,375974,69.3042734272977,153904.0
jYl9Hd9KNgM=,2024-06-18,513.9423076923077,450.8222222222222,443.75,26725.0,20287.0,35500.0,82512.0,1100,846,2005,52,52,68,58,58,76,237532,187.87570292805896,155020.0
g0Ohqo/Uk18=,2024-06-22,677.0891089108911,714.8545454545455,1838.2857142857144,68386.0,78634.0,25736.0,172756.0,1329,1591,1866,67,93,0,138,138,0,237006,37.19118294010049,64250.0
Bo81kgSCdRw=,2024-06-12,735.5932203389831,1302.014705882353,1380.9326923076924,43400.0,88537.0,143617.0,275554.0,1054,1760,2015,73,94,36,126,126,48,314922,14.28685484514832,39368.0
bBptvFOhelQ=,2024-06-16,593.0,591.0361445783133,634.030303030303,43882.0,49056.0,62769.0,155707.0,1567,1246,2317,60,56,64,89,89,95,312084,100.43029536244357,156377.0
0IBAp1mw8+o=,2024-06-04,746.4887218045113,365.42477876106193,762.2941176470588,99283.0,41293.0,25918.0,166494.0,1469,1047,1668,99,84,7,159,159,11,245055,47.185484161591404,78561.0
iwpcKwiz70A=,2024-06-12,385.05882352941177,681.3071895424837,955.0,58914.0,104240.0,26740.0,189894.0,1386,1992,2104,152,132,15,167,167,17,505176,166.03052229138362,315282.0
YYiSsATUt4g=,2024-06-03,239.56521739130432,313.8157894736842,533.75,27550.0,47700.0,12810.0,88060.0,787,1227,1313,139,138,18,159,159,21,302353,243.3488530547354,214293.0
+XCZCCetuXE=,2024-06-01,312.25,362.9756097560976,399.1428571428572,12490.0,14882.0,11176.0,38548.0,743,640,746,42,45,42,46,46,43,91338,136.94614506589187,52790.0
g9QYQ9CCT18=,2024-06-17,663.1111111111111,493.9130434782609,982.3931623931624,29840.0,22720.0,114940.0,167500.0,2011,1045,2449,72,58,76,90,90,96,391526,133.7468656716418,224026.0
3/HFy3qeyTc=,2024-06-25,524.9009900990098,1077.4384236453202,1580.0,106030.0,218720.0,4740.0,329490.0,1353,2078,2429,159,148,5,220,220,7,534816,62.31630701993991,205326.0
lYqMGSpPiic=,2024-06-15,214.86138613861385,433.4567901234568,455.2941176470589,21701.0,35110.0,15480.0,72291.0,694,955,1057,81,87,13,132,132,20,153040,111.69993498499122,80749.0
XkXqI5NBVeE=,2024-06-25,701.3793103448276,668.5702479338843,954.3157894736842,81360.0,80897.0,54396.0,216653.0,1575,1407,1635,97,97,30,137,137,43,338304,56.15015716375956,121651.0
CHBtY5fH3xY=,2024-06-01,345.32575757575756,493.03125,1118.1538461538462,45583.0,47331.0,14536.0,107450.0,907,1179,1428,83,103,19,140,140,26,223850,108.32945556072593,116400.0
jciVLvbMtzw=,2024-06-05,657.5,802.5490196078431,652.1978021978022,55230.0,40930.0,59350.0,155510.0,1072,1516,1605,96,92,42,125,125,55,309794,99.21162626197673,154284.0
s41THQLO3F0=,2024-06-02,475.4230769230769,330.3736263736264,561.875,37083.0,30064.0,22475.0,89622.0,1340,1102,1711,117,109,51,109,109,49,350017,290.5480797125706,260395.0
BnYIhQSAPf4=,2024-06-23,1140.4761904761904,470.7142857142857,1089.1666666666667,23950.0,32950.0,65350.0,122250.0,1835,1299,2143,48,74,36,106,106,52,261354,113.78650306748466,139104.0
egmvCGQc/+Y=,2024-06-30,447.4782608695652,405.30864197530866,857.3448275862069,20584.0,32830.0,24863.0,78277.0,911,709,1107,71,63,52,91,91,67,166912,113.23249485800426,88635.0
QG2DG350pQ0=,2024-06-09,325.9622641509434,445.3119266055046,560.9230769230769,34552.0,48539.0,7292.0,90383.0,1150,1043,1401,90,92,38,90,90,38,250608,177.27338105617207,160225.0
EKM1u6mcV+k=,2024-06-04,415.55555555555554,762.5675675675676,1258.75,59840.0,112860.0,20140.0,192840.0,1479,1941,2017,139,132,0,174,174,0,461793,139.46950840074672,268953.0
WlPssD/OccQ=,2024-06-08,416.5806451612903,157.6969696969697,,25828.0,10408.0,0.0,36236.0,669,382,892,63,47,26,63,63,26,83293,129.86256761231925,47057.0
wESOZbqL3bo=,2024-06-12,415.5769230769231,734.0,808.421052631579,21610.0,95420.0,30720.0,147750.0,1225,1568,2223,128,114,36,136,136,38,415580,181.27241962774957,267830.0
lDbMeLnDkOk=,2024-06-06,591.5254237288135,657.7291666666666,573.6486486486486,34900.0,31571.0,42450.0,108921.0,1080,1572,1661,64,51,55,85,85,73,240647,120.93719301144867,131726.0
AngXc8cI8t8=,2024-06-09,435.1011235955056,1065.7534246575342,693.0,38724.0,155600.0,2772.0,197096.0,1042,1908,2160,109,112,8,153,153,11,344554,74.81531842350935,147458.0
WffwAF7bXmk=,2024-06-23,557.7826086956521,941.1363636363636,960.1652892561984,25658.0,41410.0,116180.0,183248.0,872,1519,2473,63,42,49,98,98,76,239911,30.921483454116828,56663.0
2buXr9e9K8Q=,2024-06-08,230.6027397260274,524.9268292682926,631.5492957746479,16834.0,43044.0,44840.0,104718.0,611,1460,1623,92,93,36,123,123,47,250420,139.13749307664395,145702.0
F5RkBLbr2fc=,2024-06-04,458.9904761904762,447.4186046511628,479.09090909090907,48194.0,38478.0,31620.0,118292.0,1201,1837,2102,104,69,75,99,99,75,403302,240.93767964021237,285010.0
/4FL1AvlKaI=,2024-06-17,743.6576576576576,826.5172413793103,870.5254237288135,82546.0,71907.0,51361.0,205814.0,1725,1586,2105,106,111,12,153,153,17,384156,86.65202561536144,178342.0
v7kRwRE1Szk=,2024-06-04,686.8782051282051,404.28648648648647,618.0,107153.0,74793.0,1236.0,183182.0,1603,1088,1827,158,171,54,158,158,40,498258,172.00161587928946,315076.0
riIkj8w23AE=,2024-06-30,855.2380952380952,572.7051282051282,853.0612244897959,71840.0,44671.0,41800.0,158311.0,1638,1132,2021,86,93,40,106,106,46,326984,106.54534429066838,168673.0
s41THQLO3F0=,2024-06-01,478.3739837398374,299.1007194244604,544.1176470588235,58840.0,41575.0,9250.0,109665.0,1340,1102,1711,106,106,45,111,111,47,335847,206.24811927232938,226182.0
uNWYEmhLIzs=,2024-06-22,566.9433962264151,832.9111111111112,713.4379562043796,30048.0,37481.0,97741.0,165270.0,894,1080,1300,86,90,100,99,99,111,304084,83.99225509771888,138814.0
i/F5QE/s9Lo=,2024-06-07,741.8666666666667,582.258064516129,1581.428571428571,111280.0,90250.0,33210.0,234740.0,2138,1031,2721,151,167,10,170,170,10,522225,122.46954076850984,287485.0
xb0zI9xi/pU=,2024-06-24,846.5044247787611,326.01307189542484,,95655.0,49880.0,0.0,145535.0,1561,611,1769,89,111,32,132,132,38,263358,80.95853231181502,117823.0
6wNve+ovD3Q=,2024-06-06,977.8740157480316,586.2231404958678,765.2340425531914,124190.0,70933.0,35966.0,231089.0,1582,1453,2466,112,86,60,117,117,63,450102,94.77430773424958,219013.0
itEcZvJKPt8=,2024-06-01,787.5416666666666,412.1666666666667,776.625,94505.0,42041.0,31065.0,167611.0,1837,1104,1871,112,122,22,149,149,27,381594,127.66644193996814,213983.0
u5+On6JkQek=,2024-06-08,385.7910447761194,469.5590551181102,515.4117647058823,51696.0,59634.0,17524.0,128854.0,874,1020,1479,139,136,27,142,142,28,300139,132.92951712791222,171285.0
OfE6xJ28ApI=,2024-06-16,467.4125874125874,140.33333333333334,603.7894736842105,66840.0,21050.0,11472.0,99362.0,1314,938,1752,123,134,34,144,144,36,346882,249.109317445301,247520.0
SPn3Qu6ChAU=,2024-06-02,727.2857142857143,642.5396825396825,336.8235294117647,45819.0,40480.0,28630.0,114929.0,1079,965,1229,61,65,46,89,89,63,185078,61.03681403301169,70149.0
L3AEY35RJDQ=,2024-06-27,910.1267605633802,878.3806451612903,845.3333333333334,129238.0,136149.0,5072.0,270459.0,1260,1440,1788,133,138,16,158,158,18,394908,46.013998424899896,124449.0
Uxa3Cihsjp4=,2024-06-17,466.94117647058823,471.8627450980392,750.0,39690.0,48130.0,36750.0,124570.0,1243,1229,1469,111,113,15,154,154,20,298885,139.93337079553666,174315.0
dSCwRcobh98=,2024-06-13,434.59183673469386,258.75,482.53731343283584,42590.0,8280.0,32330.0,83200.0,1381,384,1647,60,55,72,82,82,98,222564,167.50480769230768,139364.0
mhRPCz2OaoI=,2024-06-20,809.1234567901234,587.8080808080808,735.5686274509804,65539.0,58193.0,37514.0,161246.0,1649,1197,1947,79,115,28,127,127,31,322442,99.9689914788584,161196.0
nBotzbJXqJ4=,2024-06-27,611.344262295082,1446.2301587301588,1794.7222222222222,74584.0,182225.0,64610.0,321419.0,1260,2437,3289,109,94,5,157,157,7,382863,19.11648035741509,61444.0
30HTtm/gLQk=,2024-06-17,683.1958762886597,664.8383838383838,567.9130434782609,66270.0,65819.0,26124.0,158213.0,1360,1433,1817,89,118,11,152,152,14,310121,96.01486603502872,151908.0
Z6So3vHfiQM=,2024-06-07,1475.5684210526315,360.3809523809524,887.2105263157895,140179.0,30272.0,50571.0,221022.0,1362,434,1630,102,97,27,125,125,33,225032,1.814299029055931,4010.0
cZurR6fBQYM=,2024-06-18,787.4137931034483,547.8947368421053,577.9807692307693,45670.0,31230.0,60110.0,137010.0,1198,897,1359,57,60,75,80,80,100,224031,63.51434201883074,87021.0
PoAm+tuMgew=,2024-06-16,895.6198347107438,357.719298245614,594.0,108370.0,40780.0,17820.0,166970.0,1845,1044,2061,91,71,14,142,142,22,270873,62.22854404982932,103903.0
2FmqA/O+yPA=,2024-06-29,816.5806451612904,495.2380952380952,659.1379310344828,50628.0,20800.0,76460.0,147888.0,1368,713,1535,44,64,82,79,79,101,231694,56.6685599913448,83806.0
s05h4FZwUFg=,2024-06-12,285.7,338.832,303.6774193548387,25713.0,42354.0,9414.0,77481.0,579,611,1010,82,93,74,98,98,78,179041,131.0772963694325,101560.0
j4r1ZjS5P+s=,2024-06-18,572.5886524822695,809.0483870967741,1109.0,80735.0,100322.0,8872.0,189929.0,923,1603,1706,126,124,0,158,158,0,315070,65.88830562999858,125141.0
Qa6/23MDcKk=,2024-06-12,758.3653846153846,523.9560439560439,941.9607843137256,78870.0,47680.0,48040.0,174590.0,1795,1820,2177,116,107,23,132,132,26,453031,159.48278824674952,278441.0
8sBI+zUA0MU=,2024-06-16,533.1527777777778,808.0833333333334,802.3012048192771,38387.0,58182.0,66591.0,163160.0,927,961,1584,104,97,76,97,97,61,279760,71.46359401814169,116600.0
o602/DimIco=,2024-06-29,1619.1625,773.1904761904761,1464.0833333333333,129533.0,81185.0,52707.0,263425.0,2220,1239,2333,102,96,29,129,129,37,413041,56.796431621903764,149616.0
Iu+bhJObMx0=,2024-06-16,391.09090909090907,140.05,499.21875,51624.0,2801.0,15975.0,70400.0,1145,331,1390,129,45,30,149,149,35,204300,190.19886363636365,133900.0
77ohOJuCSZ8=,2024-06-15,490.5301204819277,302.1875,658.4193548387096,40714.0,9670.0,40822.0,91206.0,1426,771,1662,73,51,53,92,92,66,231505,153.82650264237,140299.0
wnuG6NP8ASE=,2024-06-05,358.57142857142856,454.55555555555554,321.42857142857144,7530.0,20455.0,13500.0,41485.0,610,1078,1466,34,34,42,42,42,53,118964,186.76389056285404,77479.0
uieYwV6cD6w=,2024-06-16,494.7761194029851,667.945205479452,868.0625,33150.0,48760.0,55556.0,137466.0,2015,1616,2216,74,80,45,105,105,59,378110,175.05710502960733,240644.0
6ieO8iwHn7c=,2024-06-23,301.3333333333333,485.24590163934425,305.8536585365854,18080.0,29600.0,25080.0,72760.0,703,1725,2199,71,67,35,110,110,54,242453,233.22292468389224,169693.0
WPYlfvEdQsw=,2024-06-20,430.79245283018867,664.6949152542373,1142.178571428571,45664.0,78434.0,63962.0,188060.0,1115,1513,2207,111,122,32,141,141,37,378975,101.51813251090078,190915.0
Ysk7bTesZRo=,2024-06-27,440.5348837209302,972.7142857142856,1111.9555555555555,37886.0,108944.0,50038.0,196868.0,1002,1715,2254,99,102,31,121,121,37,344002,74.73738748806306,147134.0
REW+lQV1oPA=,2024-06-22,524.9019607843137,510.2,575.75,26770.0,25510.0,69090.0,121370.0,907,797,1324,89,73,75,98,98,82,238204,96.26266787509269,116834.0
gmINc9ksSw8=,2024-06-21,592.96875,455.1333333333333,512.7777777777778,75900.0,40962.0,27690.0,144552.0,1007,696,1542,129,88,46,137,137,49,262083,81.30707288726549,117531.0
wL5HidECU9I=,2024-06-28,777.5,447.94117647058823,544.1538461538462,48205.0,22845.0,63666.0,134716.0,1166,692,1465,79,64,94,82,82,98,274112,103.47397488048932,139396.0
nOuTYwL71I0=,2024-06-02,490.65384615384613,329.2283464566929,389.1707317073171,63785.0,41812.0,15956.0,121553.0,1098,950,1417,132,133,45,137,137,47,335051,175.6419010637335,213498.0
l/Lbc8vlcnE=,2024-06-26,245.0909090909091,558.75,973.015873015873,21568.0,42465.0,61300.0,125333.0,1039,1822,1993,96,90,21,130,130,28,305577,143.81208460660798,180244.0
gxUetf94Iz4=,2024-06-10,502.7830188679245,1018.84375,996.1333333333332,53295.0,97809.0,44826.0,195930.0,1021,1541,1983,73,87,16,144,144,26,240328,22.66013372122697,44398.0
fDSHT3FcAb8=,2024-06-29,814.5348837209302,456.72727272727275,953.890243902439,70050.0,40192.0,78219.0,188461.0,1695,1020,2287,66,73,58,100,100,80,318976,69.2530550087286,130515.0
UwhjysXBggs=,2024-06-09,532.972972972973,493.30357142857144,725.3888888888889,59160.0,55250.0,26114.0,140524.0,1783,1549,2058,146,135,2,156,156,2,473549,236.98798781702772,333025.0
xtRJBdk4C8M=,2024-06-28,1049.6237623762377,1734.9647887323945,1635.5757575757575,106012.0,246365.0,53974.0,406351.0,1367,1929,2144,120,121,25,148,148,30,451049,10.999849883475123,44698.0
bptpoA/d/EY=,2024-06-26,175.0,507.34375,300.0,4200.0,16235.0,4500.0,24935.0,245,735,1092,32,37,40,43,43,46,78715,215.68077000200523,53780.0
asgnU7bxK/Y=,2024-06-07,657.5,576.4197530864197,860.0,81530.0,46690.0,28380.0,156600.0,1182,1232,1777,67,65,47,93,93,65,242793,55.04022988505747,86193.0
VRwfAYaMI0E=,2024-06-16,648.7861271676301,983.8,1909.6774193548388,112240.0,147570.0,59200.0,319010.0,1721,1602,2581,144,164,5,220,220,7,523457,64.08795962509012,204447.0
cM0neiglvBo=,2024-06-11,453.1571428571429,375.6258503401361,1031.5384615384614,63442.0,55217.0,13410.0,132069.0,896,1235,1322,134,130,0,167,167,0,280614,112.47529700383889,148545.0
h0TdcX+BDVk=,2024-06-28,1057.9855072463768,895.6714285714286,1525.9120879120878,73001.0,62697.0,138858.0,274556.0,1680,1298,2796,100,86,18,139,139,25,329956,20.178032896749663,55400.0
69P2CsXtn7w=,2024-06-17,697.1979166666666,717.3875,844.9642857142857,66931.0,57391.0,47318.0,171640.0,1001,1245,1728,96,79,39,112,112,46,261843,52.55360055931019,90203.0
EEc1cL83Iw4=,2024-06-17,308.8181818181818,718.725,644.7945205479452,6794.0,57498.0,47070.0,111362.0,917,1573,2191,45,66,71,84,84,90,300644,169.97000772256246,189282.0
CHBtY5fH3xY=,2024-06-18,363.76146788990826,882.4409448818898,984.3125,39650.0,112070.0,31498.0,183218.0,907,1444,1662,74,97,30,122,122,38,257046,40.295167505376114,73828.0
mMB3KX9t03U=,2024-06-09,536.3302752293578,564.4247787610619,918.8888888888888,58460.0,63780.0,49620.0,171860.0,949,644,1055,123,103,30,145,145,35,214709,24.932503200279296,42849.0
Sfxk/Z1HoS0=,2024-06-06,399.4117647058824,1009.6527777777778,1016.8080808080808,20370.0,72695.0,100664.0,193729.0,1842,1760,2437,75,89,46,116,116,60,406892,110.03153890228101,213163.0
dFZqLQilo9I=,2024-06-06,712.9638554216867,398.16438356164383,709.2394366197183,59176.0,29066.0,50356.0,138598.0,1548,967,1595,73,59,26,128,128,46,211527,52.61908541248791,72929.0
4igCy+8DmE0=,2024-06-19,577.4193548387096,491.9596774193548,977.0,71600.0,61003.0,19540.0,152143.0,1281,960,1387,106,101,35,119,119,39,281291,84.88592968457307,129148.0
0Si6SFgmOVk=,2024-06-11,469.4024390243902,439.970297029703,661.3529411764706,38491.0,44437.0,22486.0,105414.0,1051,1677,2559,95,83,24,137,137,35,300452,185.0209649572163,195038.0
UP3f8DXb3Y4=,2024-06-02,337.6880733944954,307.2043010752688,602.9,36808.0,28570.0,24116.0,89494.0,1137,1017,1235,100,108,39,125,125,45,271701,203.59688917692807,182207.0
4j4UF9IpYFE=,2024-06-10,682.9180327868852,533.2125,916.5,41658.0,42657.0,1833.0,86148.0,1402,897,1976,72,70,9,80,80,10,181518,110.70483354227609,95370.0
9iVtw/tqFMY=,2024-06-27,529.987012987013,480.9555555555556,1352.0,81618.0,64929.0,1352.0,147899.0,956,1071,1479,154,140,10,148,148,10,306218,107.04534851486487,158319.0
b+ZrZfg+YD0=,2024-06-07,404.2127659574468,379.4343434343434,548.1818181818181,37996.0,37564.0,30150.0,105710.0,961,892,1925,74,78,46,107,107,63,229240,116.85744016649325,123530.0
cooqjrrYmcQ=,2024-06-20,390.95238095238096,527.8723404255319,370.19417475728153,16420.0,24810.0,38130.0,79360.0,863,1140,1427,73,55,82,81,81,91,242713,205.83795362903228,163353.0
46GZYhn0Gns=,2024-06-25,496.2307692307692,442.109375,387.8,70961.0,56590.0,1939.0,129490.0,1390,954,1556,146,142,20,155,155,21,369528,185.37184338558964,240038.0
2A5zV0FFer0=,2024-06-13,855.9597315436241,929.3586206896553,1576.0,127538.0,134757.0,3152.0,265447.0,1648,1628,1889,127,106,0,158,158,0,381864,43.856965797315475,116417.0
RamUUAaL76s=,2024-06-24,533.10101010101,333.7260273972603,736.5833333333334,52777.0,24362.0,26517.0,103656.0,1106,861,1299,100,102,33,128,128,42,241289,132.77861387666897,137633.0
RUWE5NURwBU=,2024-06-23,492.8067226890756,243.14615384615385,399.0,58644.0,31609.0,10773.0,101026.0,1300,868,1754,125,131,20,164,164,25,311288,208.1266208698751,210262.0
TteXIliXCb4=,2024-06-20,670.0,375.0,730.4615384615385,54940.0,28875.0,47480.0,131295.0,1116,725,1338,99,93,26,125,125,33,212697,61.99931452073575,81402.0
0fzIohr1t8A=,2024-06-12,554.6753246753246,734.1772151898734,721.875,42710.0,58000.0,34650.0,135360.0,1127,2033,2135,76,77,11,133,133,19,265678,96.27511820330969,130318.0
/KrxMK18TcE=,2024-06-29,587.224,505.51851851851853,1323.1851851851852,73403.0,40947.0,35726.0,150076.0,946,1304,1842,108,101,36,132,132,44,300184,100.02132252991818,150108.0
Ox5waQXS5n0=,2024-06-30,220.1217391304348,847.6728971962617,880.8771929824561,25314.0,90701.0,50210.0,166225.0,704,1399,1509,101,108,27,147,147,37,262939,58.18258384719507,96714.0
yXl0aXixg6U=,2024-06-27,744.5376344086021,580.5779816513761,764.4285714285714,69242.0,63283.0,32106.0,164631.0,1390,1392,1758,106,132,20,137,137,21,366244,122.46357004452382,201613.0
thAyTdk2Km0=,2024-06-03,237.47916666666663,469.0595238095238,542.8823529411765,11399.0,39401.0,18458.0,69258.0,1008,1479,2015,68,67,17,126,126,32,201892,191.50711831124204,132634.0
5OoYixRFr/M=,2024-06-24,457.2950819672131,808.5566037735849,954.782608695652,27895.0,85707.0,21960.0,135562.0,1174,1541,1665,73,88,40,109,109,49,287910,112.38252607662915,152348.0
JGGMYB6axvA=,2024-06-04,234.13793103448276,200.0,476.7407407407408,6790.0,3600.0,25744.0,36134.0,418,666,801,16,18,14,50,50,39,29890,-17.280123982952343,-6244.0
Eiprv5pN+Ps=,2024-06-07,511.9548872180451,754.07299270073,666.875,68090.0,103308.0,21340.0,192738.0,1300,1367,2639,97,97,32,131,131,43,343147,78.03806203239631,150409.0
hyiczHOd8J0=,2024-06-16,562.3714285714286,546.5555555555555,1114.5,98415.0,98380.0,22290.0,219085.0,1956,2334,2698,191,201,0,210,210,0,842730,284.65892233607957,623645.0
/TwWiQK1thk=,2024-06-12,412.05882352941177,563.7241379310345,491.9767441860465,7005.0,16348.0,21155.0,44508.0,712,609,746,27,29,37,39,39,50,64487,44.88855936011504,19979.0
yp7NJzv8G6Q=,2024-06-21,781.9090909090909,498.1012658227848,1343.3333333333333,129015.0,78700.0,4030.0,211745.0,1114,955,1715,157,154,26,154,154,22,356356,68.29488299605659,144611.0
yz5AIMVAhgM=,2024-06-02,660.375,283.3333333333333,737.5625,79245.0,33150.0,23602.0,135997.0,1491,1263,1878,120,108,34,137,137,39,379176,178.81203261836657,243179.0
eXk1TnH7GKE=,2024-06-03,973.8415841584158,762.0326086956521,1087.8,98358.0,70107.0,97902.0,266367.0,1603,1667,2676,114,102,38,146,146,49,454464,70.61572942594239,188097.0
s6h11a3TwEc=,2024-06-26,456.5112781954887,763.3650793650794,850.4791666666666,60716.0,96184.0,40823.0,197723.0,2005,1657,2195,158,137,26,158,158,26,600869,203.89433702705298,403146.0
cZabAmK+rUU=,2024-06-30,992.3846153846154,562.5431034482758,1072.4186046511627,103208.0,65255.0,46114.0,214577.0,1393,864,1544,110,114,46,125,125,51,322750,50.41220634084734,108173.0
w0ig6LUIXhU=,2024-06-13,492.2597402597403,1347.6913580246917,1426.943820224719,37904.0,109163.0,126998.0,274065.0,1260,2437,3289,108,101,28,140,140,36,474309,73.06441902468393,200244.0
jv5VnxQxNMk=,2024-06-21,1219.428571428571,457.4805194805195,1442.75,93896.0,35226.0,51939.0,181061.0,2231,1095,2419,72,79,29,94,94,34,317288,75.2381793981034,136227.0
W9ftKdDoYuU=,2024-06-07,460.7,348.7,301.5242718446602,13821.0,10461.0,31057.0,55339.0,806,666,1366,48,36,58,69,69,83,141892,156.40506695097488,86553.0
uLg75/iIr28=,2024-06-28,2042.6805555555557,729.1510791366907,1615.6666666666667,294146.0,101352.0,48470.0,443968.0,2577,955,2710,147,124,7,168,168,8,516209,16.271668228340783,72241.0
sJJy/KlvEeg=,2024-06-04,284.73770491803276,599.3636363636364,208.0612244897959,17369.0,13186.0,20390.0,50945.0,1122,1236,1350,67,39,94,72,72,100,250278,391.2709785062322,199333.0
8UPKqRvrBug=,2024-06-04,587.3483870967742,274.09420289855075,862.1666666666666,91039.0,37825.0,10346.0,139210.0,1277,1282,2091,138,120,43,132,132,43,412317,196.18346383162128,273107.0
6dBbXgwAkPo=,2024-06-24,385.3896103896104,425.0344827586207,1008.0,59350.0,61630.0,8064.0,129044.0,1128,1149,1956,152,159,70,152,152,58,459552,256.12039304423297,330508.0
m0M+YC4pnZE=,2024-06-24,571.1012658227849,481.5462962962963,714.7058823529412,45117.0,52007.0,36450.0,133574.0,1134,1277,1807,97,102,71,104,104,72,368549,175.91372572506626,234975.0
U4HjKxV2Z0o=,2024-06-11,1137.625,637.6923076923077,1595.1764705882354,45505.0,24870.0,135590.0,205965.0,1296,1401,1519,55,55,45,70,70,58,216690,5.207195397276236,10725.0
748sRlxutZc=,2024-06-05,311.87394957983196,692.9929078014185,1005.0,37113.0,97712.0,8040.0,142865.0,1115,1432,1983,106,107,35,128,128,42,340819,138.56017919014454,197954.0
67nvE/DFUBM=,2024-06-16,481.7567567567568,813.360824742268,745.5094339622641,35650.0,78896.0,39512.0,154058.0,1188,1609,2044,88,93,6,148,148,10,266445,72.95109634033935,112387.0
FNFR9qKCc8w=,2024-06-20,575.5917159763313,289.80405405405406,636.8235294117648,97275.0,42891.0,10826.0,150992.0,1669,905,2101,170,144,0,189,189,0,414050,174.21982621595845,263058.0
PEJgbJwJoYY=,2024-06-16,580.0792079207921,373.3956043956044,683.7333333333333,58588.0,33979.0,41024.0,133591.0,1193,1046,1635,117,141,49,117,117,47,338808,153.615887297797,205217.0
DWrKm9m7tMI=,2024-06-05,401.91752577319585,563.8823529411765,384.3108108108109,38986.0,57516.0,28439.0,124941.0,958,1107,1229,135,125,40,142,142,42,316865,153.61170472463002,191924.0
Ng6yvZIsFvg=,2024-06-27,628.3013698630137,852.3561643835617,1215.142857142857,91732.0,124444.0,17012.0,233188.0,1729,1697,1839,118,122,19,151,151,23,445997,91.2606995214162,212809.0
VX3QXR9p7ow=,2024-06-30,733.9485294117648,2321.8214285714284,2657.1428571428573,99817.0,325055.0,18600.0,443472.0,1199,2712,3456,126,131,30,143,143,33,610026,37.55682433163762,166554.0
84DfLZSJLGI=,2024-06-22,208.91666666666663,944.65873015873,1316.4,17549.0,119027.0,46074.0,182650.0,864,1828,1842,70,77,29,119,119,45,254654,39.42184505885574,72004.0
spBOJP7x0a0=,2024-06-09,968.0941176470589,294.9855072463768,1286.5666666666666,82288.0,20354.0,38597.0,141239.0,2413,953,3016,110,105,53,111,111,53,525343,271.9532140556079,384104.0
1oJT7bgIUKA=,2024-06-01,494.44736842105266,357.4246575342466,779.5714285714286,56367.0,52184.0,21828.0,130379.0,1039,1040,1273,130,163,32,166,166,32,345326,164.86320649797898,214947.0
A4tgQv5cqkc=,2024-06-11,354.8484848484849,406.7230769230769,588.4158415841584,11710.0,26437.0,59430.0,97577.0,899,776,2052,25,43,90,55,55,115,240523,146.49558809965464,142946.0
Eq5x2tN2yHg=,2024-06-19,1683.2666666666669,786.7745098039215,2084.0625,252490.0,80251.0,33345.0,366086.0,2876,1657,3449,125,99,26,146,146,30,613217,67.50626901875516,247131.0
iakjNH9eRXk=,2024-06-29,615.8,734.4159292035398,836.9375,46185.0,82989.0,53564.0,182738.0,1123,1517,1828,91,110,44,130,130,52,349495,91.25469251058892,166757.0
YiQGOsyzNIg=,2024-06-25,715.4533333333334,428.8974358974359,856.0,53659.0,33454.0,37664.0,124777.0,1432,1378,1989,68,65,14,106,106,22,214792,72.14069900702854,90015.0
UtQS7zbhjik=,2024-06-18,275.0,385.8666666666667,376.41747572815535,15400.0,28940.0,38771.0,83111.0,736,696,1282,60,96,66,110,110,76,195588,135.333469697152,112477.0
UmbWV+pmZL8=,2024-06-27,306.2903225806452,902.5242718446602,801.081081081081,18990.0,92960.0,29640.0,141590.0,757,1549,1732,43,69,19,129,129,35,172340,21.717635426230668,30750.0
Td+wVTCGozE=,2024-06-20,570.4590163934427,591.1428571428571,793.7349397590361,34798.0,41380.0,65880.0,142058.0,1184,1584,2268,95,82,25,125,125,33,299068,110.52527840741107,157010.0
pm0KWvayLyQ=,2024-06-16,433.1914893617021,930.5309734513274,768.1818181818181,20360.0,105150.0,8450.0,133960.0,813,1308,1322,46,96,2,131,131,3,165610,23.626455658405494,31650.0
G39fI0jZ+0U=,2024-06-20,431.25,551.7142857142857,771.9285714285714,3450.0,19310.0,43228.0,65988.0,964,1223,1837,34,31,44,77,77,99,151517,129.61295993210885,85529.0
dK7m5F3VHN4=,2024-06-16,191.72413793103448,664.1428571428571,621.8350515463917,5560.0,46490.0,60318.0,112368.0,602,1508,1605,52,68,88,82,82,107,275088,144.80991029474583,162720.0
p3spkNHRfrw=,2024-06-11,598.2978723404256,627.0967741935484,644.4444444444445,56240.0,58320.0,52200.0,166760.0,1225,1346,1711,77,75,67,96,96,84,309912,85.8431278484049,143152.0
Z6So3vHfiQM=,2024-06-15,833.4731182795699,334.1511627906977,564.0697674418604,77513.0,28737.0,24255.0,130505.0,1362,434,1630,105,98,27,126,126,32,229552,75.89517643002183,99047.0
M4UE2XgwipE=,2024-06-08,478.53389830508473,929.359375,1036.851851851852,56467.0,59479.0,27995.0,143941.0,1114,1635,1835,133,120,24,149,149,27,388402,169.83416816612362,244461.0
s41THQLO3F0=,2024-06-16,668.4782608695652,519.6330275229358,777.8333333333334,61500.0,56640.0,23335.0,141475.0,1340,1102,1711,118,111,51,111,111,47,351479,148.43894681039055,210004.0
+2OUR9mFJuw=,2024-06-12,662.4173913043478,451.1271186440678,810.3095238095239,76178.0,53233.0,34033.0,163444.0,1647,1293,1835,104,108,2,163,163,3,314602,92.48305229925846,151158.0
YYiSsATUt4g=,2024-06-25,303.18518518518516,595.3076923076923,605.8536585365854,40930.0,77390.0,24840.0,143160.0,787,1227,1313,145,155,21,159,159,21,331873,131.8196423582006,188713.0
qkDF/+ELne8=,2024-06-13,437.6470588235294,322.5,436.1475409836066,14880.0,7740.0,53210.0,75830.0,1128,620,1542,45,43,83,63,63,117,205406,170.8769616246868,129576.0
WAcxh1JYywg=,2024-06-20,945.311377245509,704.8411764705883,1274.2857142857142,157867.0,119823.0,8920.0,286610.0,1942,1662,2572,145,135,25,154,154,26,570260,98.96723770977984,283650.0
l0Cpo80mBi8=,2024-06-27,290.0,384.1578947368421,832.2894736842105,8410.0,7299.0,31627.0,47336.0,790,804,950,35,44,30,54,54,36,91526,93.35389555517999,44190.0
q/HT5qZlz1U=,2024-06-01,652.1008403361344,768.8190476190476,1052.7906976744189,77600.0,80726.0,45270.0,203596.0,1370,1667,2006,100,89,39,127,127,49,363597,78.5874968074029,160001.0
AAThChrENWM=,2024-06-27,1007.516129032258,887.2068965517242,1610.0,156165.0,128645.0,16100.0,300910.0,1975,1610,2369,147,137,20,153,153,21,558275,85.5288956830946,257365.0
nVzCA6B1ygc=,2024-06-17,465.0,187.5,545.0,2790.0,375.0,23435.0,26600.0,684,695,908,15,13,16,43,43,46,33823,27.154135338345863,7223.0
pDYycsjxP4M=,2024-06-23,667.7204301075269,407.83673469387753,625.2,62098.0,19984.0,31260.0,113342.0,1220,865,1259,73,79,71,87,87,79,246784,117.733937992977,133442.0
Pb/wYkWWzWo=,2024-06-12,277.31297709923666,296.008,495.3,36328.0,37001.0,14859.0,88188.0,779,961,1569,105,126,38,131,131,39,262503,197.66294733977412,174315.0
6Qy8VAqbyzg=,2024-06-25,675.4945054945055,630.7258064516129,872.5,61470.0,78210.0,34900.0,174580.0,1686,1112,2058,122,124,34,141,141,39,413552,136.8839500515523,238972.0
1CvLLY3aSAs=,2024-06-30,820.4545454545455,716.5263157894736,701.5384615384615,54150.0,68070.0,45600.0,167820.0,1881,1662,2177,127,103,13,149,149,15,438374,161.2167798832082,270554.0
RcKx5ecGN5I=,2024-06-14,251.35245901639345,244.16,560.36,30665.0,24416.0,14009.0,69090.0,834,852,1022,114,102,32,123,123,35,214684,210.73093067014042,145594.0
RBtpN0RKjLY=,2024-06-17,608.9560439560439,1355.7,1121.3809523809523,55415.0,122013.0,117745.0,295173.0,1439,2334,2427,141,144,44,161,161,49,645783,118.78118933642305,350610.0
2p33m5MTvw4=,2024-06-15,455.83916083916085,609.9701492537314,866.9583333333334,65185.0,81736.0,20807.0,167728.0,1245,742,1469,116,95,46,126,126,50,282484,68.41791471906897,114756.0
m/tPXed9XHg=,2024-06-08,247.78688524590163,677.1698113207547,846.9642857142857,15115.0,35890.0,23715.0,74720.0,753,1219,1328,47,56,21,69,69,26,131543,76.04791220556744,56823.0
UkWhIzr3srU=,2024-06-22,385.2628205128205,1069.8461538461538,1226.0454545454545,60101.0,166896.0,26973.0,253970.0,1342,2096,3349,135,141,6,181,181,8,496800,95.6136551561208,242830.0
c91Lyvki+xY=,2024-06-28,520.1847826086956,1017.7916666666666,1586.780487804878,47857.0,97708.0,130116.0,275681.0,1100,1760,2331,109,100,42,136,136,53,393802,42.846986190560834,118121.0
sLY2b4J3CCk=,2024-06-19,1192.1333333333334,817.8796296296297,794.8571428571429,125174.0,88331.0,22256.0,235761.0,1603,1700,2159,107,84,44,112,112,46,409317,73.61522898189267,173556.0
XLxRYBGLK24=,2024-06-11,397.20338983050846,493.97058823529414,412.82608695652175,46870.0,67180.0,9495.0,123545.0,717,1505,1725,123,125,31,141,141,35,329791,166.93998138330164,206246.0
pJEE2x8vrXk=,2024-06-04,418.8888888888889,506.3030303030303,593.4782608695652,26390.0,33416.0,40950.0,100756.0,822,1008,1359,83,87,32,111,111,41,199410,97.91377188455279,98654.0
TNogGJ8EQqY=,2024-06-04,454.0816326530612,385.55555555555554,438.64935064935065,22250.0,20820.0,33776.0,76846.0,997,967,1568,86,91,60,86,86,49,245736,219.77721677120473,168890.0
pCAG5xeZ3tc=,2024-06-10,1203.448275862069,482.3008849557522,1118.4615384615386,104700.0,54500.0,43620.0,202820.0,1952,1626,1962,119,114,16,139,139,19,449044,121.4002563849719,246224.0
8q7tYHLowlo=,2024-06-14,687.8828828828829,432.5486725663717,945.1698113207548,76355.0,48878.0,50094.0,175327.0,1526,864,1816,93,117,51,123,123,53,335622,91.42630627342052,160295.0
t8JPCrrv1lw=,2024-06-02,496.58666666666664,890.5185185185185,766.5833333333334,37244.0,72132.0,36796.0,146172.0,1399,1362,2924,82,80,59,97,97,70,396194,171.04643844238294,250022.0
EAbTHg60zZY=,2024-06-13,442.54545454545456,344.73118279569894,524.0625,38944.0,32060.0,8385.0,79389.0,972,1298,1474,77,140,1,133,133,1,248952,213.58500547934852,169563.0
s6h11a3TwEc=,2024-06-25,521.547770700637,666.9848484848485,872.0,81883.0,88042.0,20928.0,190853.0,2005,1657,2195,146,126,33,150,150,34,573947,200.7272612953425,383094.0
mifoIIftbTk=,2024-06-14,972.0196078431372,591.0373831775701,1026.0833333333333,99146.0,63241.0,61565.0,223952.0,1677,1721,1753,119,137,29,140,140,30,486177,117.08982281917555,262225.0
eEJpX8DMO/Y=,2024-06-11,457.6438356164384,303.1446540880503,1002.7272727272727,66816.0,48200.0,22060.0,137076.0,1191,1618,1750,144,137,34,149,149,35,452670,230.23286352096645,315594.0
0Ag+G5yfOf0=,2024-06-02,575.2748091603054,505.008547008547,1059.4193548387098,75361.0,59086.0,32842.0,167289.0,1411,1314,2219,154,130,25,154,154,25,443589,165.16328031131755,276300.0
hCH/hPKoqnI=,2024-06-17,655.5882352941177,1286.0645161290322,716.6666666666666,89160.0,159472.0,2150.0,250782.0,1207,1390,1841,128,134,28,130,130,28,386744,54.215214808080326,135962.0
filJuZYox/k=,2024-06-18,972.3853211009174,691.9615384615385,796.695652173913,105990.0,89955.0,18324.0,214269.0,1603,1596,2032,147,104,35,143,143,35,466333,117.63904251198261,252064.0
mhRPCz2OaoI=,2024-06-01,596.7313432835821,516.1052631578947,496.94444444444446,39981.0,39224.0,26835.0,106040.0,1649,1197,1947,72,92,18,132,132,26,263898,148.86646548472277,157858.0
EcVcEyCES+Q=,2024-06-25,372.968253968254,504.68,709.1724137931035,46994.0,63085.0,20566.0,130645.0,1010,811,1349,121,121,27,146,146,32,256764,96.5356500440124,126119.0
mzm27wcQCTk=,2024-06-05,347.05839416058393,964.574074074074,1224.0,47547.0,156261.0,13464.0,217272.0,1071,1333,1465,133,137,1,181,181,1,326529,50.28581685629073,109257.0
V3hoeSO14J4=,2024-06-25,381.9,896.7407407407408,825.047619047619,15276.0,48424.0,86630.0,150330.0,839,1664,2048,61,56,54,92,92,82,254955,69.59688684893234,104625.0
fQFzN7JC2WQ=,2024-06-30,604.0532544378698,418.62857142857143,788.0,102085.0,58608.0,10244.0,170937.0,1271,1081,1794,126,138,50,134,134,50,394700,130.90378326517958,223763.0
WLOkfQIknPQ=,2024-06-18,379.68840579710144,998.2739726027396,1890.5555555555557,52397.0,145748.0,34030.0,232175.0,997,1967,2025,129,129,20,145,145,23,422856,82.12813610423171,190681.0
M6h0CRxx1U4=,2024-06-18,718.2075471698113,469.6103896103896,655.8695652173913,76130.0,36160.0,30170.0,142460.0,1472,810,1514,115,114,20,135,135,23,291900,104.89962094623053,149440.0
LAQva9aJTZc=,2024-06-16,1060.045871559633,391.4044943820225,800.8571428571429,115545.0,34835.0,28030.0,178410.0,1651,1009,1886,103,114,61,103,103,55,377710,111.70898492236982,199300.0
3/HFy3qeyTc=,2024-06-15,404.6543778801843,1745.7674418604652,665.0,87810.0,375340.0,1330.0,464480.0,1353,2078,2429,166,143,5,220,220,7,533897,14.945099896658629,69417.0
sxQCnQ24xlk=,2024-06-19,559.1891891891892,560.0819672131148,645.0,62070.0,68330.0,15480.0,145880.0,1353,1299,1595,98,83,26,120,120,32,281881,93.22799561283247,136001.0
yZ0IDusLMTY=,2024-06-17,427.84415584415586,1142.0833333333333,870.4166666666666,32944.0,109640.0,52225.0,194809.0,1353,2444,3392,110,103,16,154,154,22,454834,133.4768927513616,260025.0
/SNN+GQaAmc=,2024-06-30,713.953488372093,245.61111111111111,1415.0,92100.0,30947.0,5660.0,128707.0,1747,639,2198,142,119,15,143,143,15,357085,177.44023246598863,228378.0
gk6TbOKubB8=,2024-06-13,608.7619047619048,476.0810810810811,1494.2105263157894,63920.0,35230.0,28390.0,127540.0,1538,1546,1635,88,82,10,115,115,13,278466,118.33620824839267,150926.0
ta40qTN7FPw=,2024-06-02,417.4074074074074,357.3191489361702,624.7260273972603,33810.0,33588.0,45605.0,113003.0,1108,921,1956,76,86,61,102,102,72,282730,150.19689742750194,169727.0
/UFbNJ7F/q4=,2024-06-23,473.3623188405797,525.4305555555555,1005.7962962962964,32662.0,37831.0,54313.0,124806.0,1078,1215,1283,83,63,23,133,133,37,195528,56.66554492572472,70722.0
wxAdO/SpuJU=,2024-06-09,850.1587301587301,432.2597402597403,659.1549295774648,53560.0,33284.0,46800.0,133644.0,1673,962,2572,77,67,79,86,86,88,396463,196.6560414234833,262819.0
lbxYntEGiH4=,2024-06-15,806.3673469387755,322.2173913043478,726.1682242990654,39512.0,14822.0,77700.0,132034.0,1753,747,1942,47,62,53,94,94,80,231631,75.4328430555766,99597.0
fQFzN7JC2WQ=,2024-06-15,570.3875968992248,317.4296875,651.4814814814815,73580.0,40631.0,35180.0,149391.0,1271,1081,1794,116,131,53,131,131,53,384129,157.12994758720404,234738.0
9hiM9XnUIRE=,2024-06-21,514.758064516129,512.6890756302521,666.734693877551,63830.0,61010.0,32670.0,157510.0,994,1204,1445,142,153,18,161,161,19,351370,123.0778998158847,193860.0
Ax1KKP5EmMo=,2024-06-15,1270.372340425532,421.505376344086,1647.0754716981132,119415.0,39200.0,174590.0,333205.0,2266,1460,2564,114,142,11,195,195,15,493848,48.21146141264387,160643.0
3WvhHVy2Lrk=,2024-06-20,553.6,394.7058823529411,505.28846153846155,8304.0,6710.0,26275.0,41289.0,748,684,767,20,19,39,30,30,59,57869,40.15597374603405,16580.0
nlMo4TLkA3o=,2024-06-15,548.7818181818182,512.5555555555555,807.8727272727273,30183.0,36904.0,88866.0,155953.0,1322,1640,2268,91,67,54,115,115,69,352654,126.12838483389226,196701.0
WSWxERtHnuk=,2024-06-19,766.0567375886525,460.17857142857144,1115.0,108014.0,51540.0,4460.0,164014.0,1417,916,1866,142,110,28,136,136,28,345720,110.78688404648385,181706.0
rmGDA7YTs+k=,2024-06-21,451.3157894736842,552.4299065420561,641.3260869565217,34300.0,59110.0,29501.0,122911.0,1271,1103,1878,92,116,61,103,103,61,345099,180.771452514421,222188.0
2rAHhvSpztQ=,2024-06-18,455.9,549.6744186046511,480.9183673469388,18236.0,23636.0,47130.0,89002.0,1519,910,2095,27,32,68,56,56,120,212593,138.86317161412103,123591.0
4Nv1qRFm514=,2024-06-19,797.5849056603773,383.20454545454544,893.939393939394,84544.0,33722.0,59000.0,177266.0,1640,1306,1987,99,84,36,142,142,52,343596,93.8307402434759,166330.0
SSQrYJM3d1g=,2024-06-22,639.0568181818181,196.2463768115942,1028.5,112474.0,27082.0,8228.0,147784.0,1408,1138,1777,139,120,29,156,156,33,383805,159.70673415254697,236021.0
EZLCQvQ1/m4=,2024-06-06,721.9537037037037,344.8484848484849,625.8823529411765,77971.0,11380.0,31920.0,121271.0,1369,924,1975,77,38,88,81,81,93,314325,159.1922223779799,193054.0
IhdIxZjEGOk=,2024-06-02,355.2631578947368,390.5897435897436,659.4878048780488,13500.0,15233.0,27039.0,55772.0,1037,822,1362,60,46,21,67,67,23,128634,130.6426163666356,72862.0
8iEVQ1M/iaI=,2024-06-29,974.5072463768116,262.7121212121212,896.9186046511628,67241.0,17339.0,77135.0,161715.0,1458,460,1569,95,98,36,127,127,47,240074,48.45499799029157,78359.0
4vAUwNywfX4=,2024-06-02,681.7575757575758,248.5211267605634,380.0,112490.0,35290.0,1520.0,149300.0,2006,912,2337,111,127,20,152,152,24,385230,158.0241125251172,235930.0
lIbmUuqJl4s=,2024-06-11,387.3174603174603,718.5277777777778,730.1923076923077,24401.0,51734.0,37970.0,114105.0,980,1371,1682,76,88,1,127,127,1,196810,72.4814863502914,82705.0
t8JPCrrv1lw=,2024-06-30,759.0975609756098,1318.0232558139537,1447.926229508197,31123.0,56675.0,176647.0,264445.0,1399,1362,2924,107,91,59,113,113,63,446151,68.71220858779708,181706.0
/um44pu8fVM=,2024-06-15,2660.0,484.88461538461536,3021.824742268041,82460.0,25214.0,293117.0,400791.0,3130,640,3481,69,25,62,84,84,75,447792,11.727059739365405,47001.0
TKwErHNI0Z4=,2024-06-21,381.0287769784173,804.8299319727892,,52963.0,118310.0,0.0,171273.0,974,1386,1616,143,141,35,141,141,33,386088,125.42257098316722,214815.0
b3OWVGkaH0I=,2024-06-26,380.7547169811321,600.0,806.8648648648649,20180.0,38400.0,89562.0,148142.0,813,1138,1548,62,69,79,84,84,96,251220,69.58053759231008,103078.0
Nu7CicX/4uQ=,2024-06-12,407.2105263157895,392.4390243902439,726.5428571428571,46422.0,48270.0,25429.0,120121.0,921,787,1394,118,125,34,134,134,36,254449,111.82724086546065,134328.0
s2+SqlT9BoE=,2024-06-06,453.66161616161617,498.775,405.0,89825.0,99755.0,810.0,190390.0,1079,986,1457,165,162,26,180,180,28,375649,97.30500551499553,185259.0
9SaRFYJX0B0=,2024-06-25,341.2170542635659,641.6212121212121,1460.0,44017.0,84694.0,7300.0,136011.0,1359,1214,1598,115,105,4,153,153,5,290147,113.32612803376199,154136.0
D8T0nuJt1OA=,2024-06-07,926.0073529411764,416.06299212598424,899.0625,125937.0,52840.0,28770.0,207547.0,1416,1271,2698,98,91,34,129,129,45,346161,66.78680009829098,138614.0
YM1zKgyybPU=,2024-06-05,340.85593220338984,572.3495145631068,449.84,40221.0,58952.0,22492.0,121665.0,1305,1304,1955,113,109,30,134,134,36,348251,186.23761969342044,226586.0
VnKi37ngltQ=,2024-06-25,308.79545454545456,261.44444444444446,659.945205479452,13587.0,4706.0,48176.0,66469.0,594,295,891,62,28,54,65,65,57,93202,40.21874858956807,26733.0
6w9nKU7lyJQ=,2024-06-03,614.248,630.2619047619048,523.1538461538462,76781.0,52942.0,13602.0,143325.0,1363,955,1522,122,90,17,163,163,23,278110,94.04151404151403,134785.0
q9rwdFRJajs=,2024-06-09,528.3358778625955,645.28,479.8571428571428,69212.0,48396.0,6718.0,124326.0,1009,1055,1407,134,87,15,158,158,18,248096,99.55278863632707,123770.0
LdW6b9puRHs=,2024-06-06,515.047619047619,693.2233009708738,937.4285714285714,54080.0,71402.0,13124.0,138606.0,1317,1291,2102,92,92,37,92,92,36,315608,127.70154250176759,177002.0
nivILK8mImo=,2024-06-01,294.1666666666667,529.7727272727273,300.24719101123594,7060.0,34965.0,26722.0,68747.0,842,929,1239,57,42,80,70,70,98,186132,170.7492690590135,117385.0
5tzeHf5qCmc=,2024-06-23,388.22857142857146,608.28125,484.4,54352.0,77860.0,4844.0,137056.0,1041,997,1788,147,118,18,151,151,19,302857,120.97317884660286,165801.0
Y+cLE8FjHXw=,2024-06-30,454.3815789473685,761.8411214953271,919.0,34533.0,81517.0,10109.0,126159.0,725,922,927,104,102,18,121,121,21,186130,47.53604578349543,59971.0
TNogGJ8EQqY=,2024-06-06,489.2608695652174,454.2150537634408,338.93150684931504,45012.0,42242.0,24742.0,111996.0,997,967,1568,91,104,57,114,114,62,280671,150.60805743062252,168675.0
l3IZZC31sPE=,2024-06-01,568.632911392405,252.0,470.0,44922.0,28980.0,470.0,74372.0,838,837,958,59,118,2,177,177,3,150124,101.85553703006507,75752.0
FTTPbjO628k=,2024-06-11,349.2168674698795,695.1603773584906,691.0,28985.0,73687.0,3455.0,106127.0,851,1629,1873,93,78,5,116,116,6,215570,103.12455831221084,109443.0
YNqu8kXIXpA=,2024-06-06,312.13186813186815,419.9767441860465,623.6666666666666,28404.0,36118.0,24323.0,88845.0,810,1045,1211,82,69,20,137,137,33,162745,83.17856941865045,73900.0
J0Py+Cze154=,2024-06-07,674.9579831932773,286.7196261682243,667.0731707317074,80320.0,30679.0,27350.0,138349.0,1228,1807,1990,102,116,45,117,117,45,424418,206.7734497538833,286069.0
DLW6IoobIS4=,2024-06-04,240.16666666666663,367.9032258064516,499.4375,8646.0,22810.0,31964.0,63420.0,835,1265,1837,73,91,56,114,114,70,278942,339.8328602964364,215522.0
Iu+bhJObMx0=,2024-06-07,684.4605263157895,140.92857142857142,715.1904761904761,104038.0,1973.0,15019.0,121030.0,1145,331,1390,122,47,34,144,144,40,202507,67.31967280839461,81477.0
OpLClBiuNxE=,2024-06-09,594.2708333333334,611.7821782178218,1111.851851851852,57050.0,61790.0,60040.0,178880.0,1697,1416,1916,122,112,38,133,133,41,438434,145.09950805008944,259554.0
qwqS1Tyf9A8=,2024-06-19,554.625,498.00763358778624,861.1578947368421,84303.0,65239.0,16362.0,165904.0,1784,939,1835,131,131,56,131,131,53,453968,173.63294435336098,288064.0
K6KfBvlIl2I=,2024-06-25,516.6666666666666,377.26277372262774,,80600.0,51685.0,0.0,132285.0,1114,955,1391,122,143,3,155,155,3,276646,109.12877499338549,144361.0
s02kggZaVLU=,2024-06-03,571.9718309859155,821.3559322033898,1750.0,40610.0,48460.0,3500.0,92570.0,1239,1133,2433,68,52,34,56,56,34,211022,127.95938208922976,118452.0
k8yuiKWfR5g=,2024-06-22,593.1372549019608,424.3076923076923,649.2682926829268,30250.0,22064.0,53240.0,105554.0,1046,816,1360,80,64,57,89,89,63,213424,102.19413759781723,107870.0
2r5MOb6xyik=,2024-06-05,385.51020408163265,483.9161290322581,316.42857142857144,18890.0,75007.0,8860.0,102757.0,786,1064,1280,98,81,64,113,113,73,245132,138.55503761300935,142375.0
EcVcEyCES+Q=,2024-06-01,311.0546875,496.05825242718447,953.4444444444443,39815.0,51094.0,17162.0,108071.0,1010,811,1590,132,114,20,149,149,23,257574,138.3377594359264,149503.0
fqUzlFl9peQ=,2024-06-25,289.4230769230769,549.8481012658228,531.1643835616438,15050.0,43438.0,38775.0,97263.0,635,1171,1207,80,86,17,132,132,26,172025,76.86581742286378,74762.0
p+Hvo8/qNIo=,2024-06-04,497.43065693430657,446.6532258064516,920.0,68148.0,55385.0,1840.0,125373.0,1365,1150,1528,76,112,0,186,186,0,232540,85.47853206033197,107167.0
vXEZRUlnD90=,2024-06-08,396.0,529.57,275.27941176470586,13068.0,52957.0,18719.0,84744.0,288,681,990,36,73,47,115,115,74,106611,25.803596714811665,21867.0
ExC4YUTAc+0=,2024-06-14,252.22222222222223,813.7407407407408,386.8965517241379,11350.0,43942.0,11220.0,66512.0,747,1137,1254,40,49,38,50,50,39,133245,100.33227086841472,66733.0
s6h11a3TwEc=,2024-06-16,708.5890410958904,929.438775510204,936.4761904761904,103454.0,91085.0,19666.0,214205.0,2005,1657,2195,138,117,23,146,146,24,521044,143.24548913424056,306839.0
EB5Sx2MJDAg=,2024-06-27,1363.7457627118645,573.6145833333334,1380.4411764705883,160922.0,55067.0,46935.0,262924.0,2320,1537,2419,121,97,0,172,172,0,429809,63.47271454869088,166885.0
TQjGRJ5+Y2g=,2024-06-21,745.0887096774194,526.066037735849,819.1960784313726,92391.0,55763.0,41779.0,189933.0,1651,1009,1886,113,110,36,137,137,43,365449,92.40942858797577,175516.0
pZvEtcc9/SQ=,2024-06-19,1027.2289156626507,622.7027027027027,806.3529411764706,85260.0,46080.0,68540.0,199880.0,1587,981,1759,119,96,59,120,120,60,386810,93.52111266760056,186930.0
biLelSmpMh4=,2024-06-04,482.6818181818182,683.3953488372093,488.8372093023256,10619.0,29386.0,21020.0,61025.0,829,1132,1848,35,29,27,50,50,39,111739,83.10364604670217,50714.0
dGcCUyFhAVU=,2024-06-08,641.0645161290323,717.7127659574468,814.6949152542373,59619.0,67465.0,48067.0,175151.0,1716,864,1806,61,105,34,133,133,43,256800,46.61634817957077,81649.0
Ci705OowZIM=,2024-06-14,716.8333333333334,304.97222222222223,878.0,43010.0,10979.0,8780.0,62769.0,1305,762,1372,49,34,29,57,57,33,129641,106.53666618872373,66872.0
hheAi7q9muM=,2024-06-17,1532.8119658119658,441.9591836734694,907.0769230769232,179339.0,43312.0,23584.0,246235.0,2476,1482,2892,117,101,4,161,161,5,450942,83.13481024224826,204707.0
ZF+rEj4Ce8M=,2024-06-11,450.5917159763314,376.5357142857143,870.0,76150.0,63258.0,870.0,140278.0,1277,1100,1618,143,155,26,154,154,26,394079,180.92715892727298,253801.0
3WvhHVy2Lrk=,2024-06-09,500.0,363.8888888888889,362.10526315789474,6000.0,3275.0,13760.0,23035.0,748,684,767,24,20,34,37,37,52,57710,150.5317994356414,34675.0
LkS1qlL0IqI=,2024-06-23,175.0,663.3448275862069,673.7450980392157,525.0,19237.0,34361.0,54123.0,570,758,1239,21,19,32,35,35,54,66020,21.98141270809083,11897.0
EERTRbcO+Rc=,2024-06-26,436.8387096774194,887.3793103448276,777.5961538461538,40626.0,77202.0,40435.0,158263.0,1089,1581,1759,100,112,7,149,149,9,298285,88.4742485609397,140022.0
9j7JEaLXNOc=,2024-06-07,667.2307692307693,265.4871794871795,581.1153846153846,43370.0,20708.0,30218.0,94296.0,1481,1256,1612,75,79,10,126,126,16,226419,140.11516925426318,132123.0
TDNsB1f9YJg=,2024-06-02,791.0309278350516,885.1041666666666,1239.296875,76730.0,84970.0,79315.0,241015.0,1308,1906,2107,85,95,3,169,169,5,298571,23.880671327510736,57556.0
4WtQVvbaoq4=,2024-06-29,700.5434782608696,1127.1328671328672,,64450.0,161180.0,0.0,225630.0,1454,1322,1653,147,179,8,178,178,8,462278,104.88321588441254,236648.0
lEYuOWhBzhM=,2024-06-12,686.4341085271318,314.11042944785277,1160.0,88550.0,51200.0,5800.0,145550.0,1929,1043,1981,107,131,0,180,180,0,343036,135.68258330470627,197486.0
5HicrciNMUk=,2024-06-23,604.0,503.4807692307692,642.0263157894736,63420.0,52362.0,24397.0,140179.0,1506,1051,1986,85,83,35,116,116,48,284753,103.13527703864345,144574.0
9j7JEaLXNOc=,2024-06-20,699.0909090909091,350.0,535.9565217391304,53830.0,26250.0,24654.0,104734.0,1481,1256,1612,80,82,18,116,116,26,250488,139.16588691351424,145754.0
W8ex2weiLTU=,2024-06-02,413.3939393939394,822.9109589041096,764.8148148148148,54568.0,120145.0,20650.0,195363.0,1519,1399,2232,127,128,44,134,134,46,470193,140.67658666175274,274830.0
fVpVVPlWh4M=,2024-06-15,621.5384615384615,575.8305084745763,714.741935483871,72720.0,33974.0,22157.0,128851.0,1383,914,1658,109,55,8,148,148,11,214281,66.30138687321015,85430.0
SdhrzG5Ho9Q=,2024-06-23,1021.5696202531644,736.4,588.795918367347,80704.0,73640.0,28851.0,183195.0,1527,1341,1568,79,97,21,143,143,31,283638,54.828461475476956,100443.0
C3VIzM2F09o=,2024-06-01,477.3484848484849,394.9122807017544,893.3333333333334,63010.0,45020.0,32160.0,140190.0,1746,1698,1763,122,105,4,168,168,6,398354,184.15293530209001,258164.0
byvgBTk14A0=,2024-06-29,644.9166666666666,636.9307692307692,558.9655172413793,77390.0,82801.0,16210.0,176401.0,990,1311,1429,109,104,46,124,124,52,309988,75.72916253309222,133587.0
QZaS9usybzs=,2024-06-08,340.8974358974359,447.5,331.8333333333333,26590.0,36695.0,29865.0,93150.0,772,1681,1706,56,87,21,142,142,34,225305,141.87332259796028,132155.0
e6MuqMH5ryk=,2024-06-04,526.5086206896551,368.8235294117647,616.8421052631579,61075.0,25080.0,23440.0,109595.0,982,810,1202,106,79,9,146,146,12,178900,63.237373967790504,69305.0
SAHoEfJjiXg=,2024-06-02,580.6089743589744,347.9125,695.0,90575.0,55666.0,695.0,146936.0,1414,1088,1992,144,129,26,138,138,26,387276,163.5678118364458,240340.0
bptpoA/d/EY=,2024-06-01,105.1063829787234,432.44444444444446,380.0,4940.0,15568.0,1520.0,22028.0,245,735,1092,26,25,23,47,47,42,49861,126.35282367895407,27833.0
KDA+Bf/6T2Y=,2024-06-27,223.34782608695653,909.2,888.1067961165048,15411.0,50006.0,91475.0,156892.0,871,1628,2131,81,87,67,102,102,78,354964,126.24735486831706,198072.0
JpxxnU+OjvU=,2024-06-30,825.7627118644068,792.4426229508197,1031.842105263158,48720.0,48339.0,117630.0,214689.0,1323,1440,1995,81,66,88,89,89,97,377763,75.95824657993656,163074.0
ryEdhSsRqPI=,2024-06-30,1643.0555555555557,1217.5,2939.2105263157896,147875.0,107140.0,111690.0,366705.0,1602,1893,2284,81,85,2,129,129,3,295235,-19.489780613844918,-71470.0
aStRhVNa4r8=,2024-06-21,863.0588235294117,322.1111111111111,1115.2,102704.0,17394.0,16728.0,136826.0,1644,480,1828,130,71,0,164,164,0,247800,81.10593015947262,110974.0
95LJpZDiYG4=,2024-06-02,569.4418604651163,425.06666666666666,544.5555555555555,24486.0,12752.0,68614.0,105852.0,1392,1086,1762,19,35,50,78,78,111,152558,44.12387106526093,46706.0
QKrgUgw8COQ=,2024-06-07,390.0659340659341,614.3298969072165,749.516129032258,35496.0,59590.0,46470.0,141556.0,1301,1666,1948,67,102,33,124,124,40,321383,127.03594337223431,179827.0
R32PMJAk2wA=,2024-06-04,430.81052631578945,487.0425531914894,527.1607142857143,40927.0,45782.0,29521.0,116230.0,1134,1486,1711,111,102,59,102,102,56,363056,212.35997590983393,246826.0
+Zzx/9Kl7hQ=,2024-06-17,303.57608695652175,574.0229885057471,693.574074074074,27929.0,49940.0,37453.0,115322.0,927,1316,1747,78,67,31,113,113,45,214635,86.1180000346855,99313.0
VW9KcZP7xz8=,2024-06-13,1253.1538461538462,571.6666666666666,1690.258064516129,179201.0,78890.0,52398.0,310489.0,2437,1203,3509,138,119,17,158,158,20,539116,73.63449268734158,228627.0
UwuPKyJxbec=,2024-06-26,234.5,858.035294117647,870.9230769230769,22043.0,72933.0,22644.0,117620.0,1006,1687,1707,60,68,5,132,132,10,183611,56.10525420846795,65991.0
NlyoQTETVuk=,2024-06-19,864.0,409.0769230769231,596.3724137931034,13824.0,10636.0,86474.0,110934.0,1304,1146,1682,29,32,73,53,53,121,197274,77.83006111742117,86340.0
SKWL3fqmwn0=,2024-06-28,421.5416666666667,465.43333333333334,580.0,30351.0,41889.0,15660.0,87900.0,1325,840,1803,40,54,43,73,73,59,175889,100.10125142207053,87989.0
S536cBAfows=,2024-06-29,432.05882352941177,739.5696202531645,966.4605263157896,14690.0,58426.0,73451.0,146567.0,2061,1114,2456,110,123,22,149,149,27,417764,185.032783641611,271197.0
wQcr5KmKngk=,2024-06-19,906.309523809524,1239.965909090909,1022.7837837837836,76130.0,109117.0,75686.0,260933.0,1460,2332,2573,102,103,15,143,143,21,427711,63.91602442006186,166778.0
BM5irhbbnl8=,2024-06-04,580.2290076335878,215.0,532.8235294117648,76010.0,17200.0,18116.0,111326.0,1078,1022,1572,76,62,41,113,113,61,209744,88.40522429621113,98418.0
sH4eLJFYxVw=,2024-06-23,1558.0,1166.5454545454545,1102.142857142857,224352.0,192480.0,7715.0,424547.0,2037,1415,2361,112,132,39,137,137,41,507003,19.422113452691928,82456.0
fQHaCmiJtAA=,2024-06-27,843.6153846153846,834.3,1021.2222222222222,120637.0,116802.0,18382.0,255821.0,1639,1488,1762,137,136,3,180,180,4,432197,68.94508269454033,176376.0
c1Szb00eb/Q=,2024-06-26,512.6515151515151,710.6666666666666,259.0,67670.0,110864.0,1813.0,180347.0,1112,946,1308,132,128,0,176,176,0,267872,48.53144216427221,87525.0
Hx5zjiFM4Y0=,2024-06-27,678.188679245283,786.2307692307693,1052.5,107832.0,71547.0,2105.0,181484.0,1423,1364,2099,117,125,37,138,138,41,414654,128.47964558859184,233170.0
RI3MQd/9iOo=,2024-06-19,597.8018018018018,714.7077922077922,784.5652173913044,66356.0,110065.0,18045.0,194466.0,1742,1010,2441,151,140,29,154,154,30,475231,144.37742330278815,280765.0
yzmsRm0Bwwk=,2024-06-08,592.4137931034483,639.3888888888889,963.3829787234042,68720.0,69054.0,45279.0,183053.0,1325,939,1393,126,109,21,146,146,24,298554,63.097026544224896,115501.0
21kRBVI5WnI=,2024-06-21,691.7741935483871,425.38461538461536,485.9,42890.0,22120.0,48590.0,113600.0,1188,973,1618,47,65,73,85,85,95,237195,108.79841549295774,123595.0
qm3YIougEug=,2024-06-15,605.8163265306123,499.7073170731707,825.0,29685.0,20488.0,6600.0,56773.0,1260,1140,1368,47,37,11,77,77,18,116448,105.11158473217903,59675.0
9m5Eacrszxg=,2024-06-30,668.6923076923077,681.4496124031008,,104316.0,87907.0,0.0,192223.0,1558,1606,1722,109,112,0,164,164,0,349694,81.92099800752251,157471.0
6KUdrXSF4z4=,2024-06-08,250.1489361702128,638.5,470.27777777777777,23514.0,63850.0,33860.0,121224.0,510,1486,1635,83,96,46,119,119,57,260196,114.64066521480896,138972.0
g3pJY2yWIV8=,2024-06-04,651.9733333333334,590.6603773584906,1032.0,48898.0,62610.0,1032.0,112540.0,1433,918,1627,92,122,6,151,151,7,253594,125.33676914874712,141054.0
aStRhVNa4r8=,2024-06-24,796.5294117647059,305.92105263157896,1169.090909090909,94787.0,11625.0,12860.0,119272.0,1644,480,1828,116,56,0,164,164,0,217584,82.42672211415923,98312.0
OZ6ph9XjboM=,2024-06-17,742.4134615384615,579.5,1007.875,77211.0,48678.0,24189.0,150078.0,2377,1114,2818,109,79,0,134,134,0,347099,131.27906821786004,197021.0
YMhFIGI0MyI=,2024-06-29,453.35483870967744,318.90909090909093,680.204081632653,14054.0,24556.0,33330.0,71940.0,739,955,1731,50,48,55,83,83,91,177995,147.4214623297192,106055.0
Q2NuALH18k4=,2024-06-27,486.13675213675214,370.22314049586777,857.3207547169811,56878.0,44797.0,45438.0,147113.0,1098,871,1394,140,144,4,184,184,5,284720,93.53830049009945,137607.0
gjBzl375A2s=,2024-06-17,1484.1818181818182,317.65432098765433,1282.2784810126582,130608.0,25730.0,101300.0,257638.0,2175,967,2577,96,95,52,114,114,62,434669,68.71307803973016,177031.0
039OOeuUIe8=,2024-06-28,380.1126760563381,288.02777777777777,301.53846153846155,26988.0,10369.0,3920.0,41277.0,366,450,469,62,48,15,72,72,18,51327,24.347699687477288,10050.0
JQtBia1REsk=,2024-06-06,545.3064516129032,549.4887218045113,932.3333333333334,67618.0,73082.0,27970.0,168670.0,1640,1263,2197,94,109,10,154,154,14,313797,86.04197545503052,145127.0
+NbuOgER9hs=,2024-06-25,690.5421686746988,636.9833333333333,851.6153846153846,57315.0,76438.0,22142.0,155895.0,1686,1112,2058,114,115,31,131,131,35,383882,146.24394624587063,227987.0
v0eVj1A/1i4=,2024-06-04,1354.1037735849056,167.0,1136.125,143535.0,1169.0,45445.0,190149.0,2104,579,2457,82,10,13,137,137,22,210259,10.57591678105065,20110.0
2xOTnHiCRJc=,2024-06-01,720.8411214953271,337.5892857142857,743.6911764705883,77130.0,37810.0,50571.0,165511.0,2317,1436,2708,156,139,20,163,163,21,615216,271.70701645207873,449705.0
VHSUkwuU6IA=,2024-06-03,527.2796610169491,281.6510067114094,858.1538461538462,62219.0,41966.0,11156.0,115341.0,1524,567,1817,113,109,22,147,147,29,273989,137.54692607138833,158648.0
jrpPRjczxcA=,2024-06-16,307.4173228346457,527.0,864.1025641025641,39042.0,26350.0,33700.0,99092.0,1009,858,1183,118,73,36,135,135,41,224284,126.33915956888548,125192.0
nzEk99EaKIk=,2024-06-28,1526.34693877551,612.7826086956521,1853.5625,149582.0,42282.0,118628.0,310492.0,2126,1245,2961,85,95,46,112,112,54,435191,40.16174329773392,124699.0
Yai0V69DkFY=,2024-06-21,519.64,607.8494623655914,761.0,51964.0,56530.0,11415.0,119909.0,914,1066,1199,78,91,3,128,128,4,171895,43.354543862429004,51986.0
rnjFB3BzAf8=,2024-06-10,529.9694656488549,465.9495798319328,644.0714285714286,69426.0,55448.0,18034.0,142908.0,1499,864,1544,115,119,25,145,145,31,313801,119.58252861981136,170893.0
ZbifxFY3o+c=,2024-06-12,274.3484848484849,846.9672131147541,773.0526315789474,36214.0,103330.0,29376.0,168920.0,1094,1697,1886,125,131,53,127,127,53,452227,167.71667061330808,283307.0
sxQCnQ24xlk=,2024-06-11,484.73118279569894,677.0608695652174,869.4117647058823,45080.0,77862.0,14780.0,137722.0,1353,1299,2009,99,81,25,126,126,32,289391,110.12692235082267,151669.0
kEJrzZB1gBw=,2024-06-09,476.5797101449275,423.55479452054794,717.5,65768.0,61839.0,5740.0,133347.0,863,986,1216,130,125,7,156,156,8,243952,82.94524811206851,110605.0
isMeXkZqNyU=,2024-06-01,399.1224489795918,1242.9255319148936,1006.175,39114.0,116835.0,40247.0,196196.0,897,2423,3024,128,96,16,158,158,20,395808,101.74111602683031,199612.0
I9WkwtRlmDE=,2024-06-09,499.75308641975306,497.32142857142856,676.9418604651163,40480.0,41775.0,58217.0,140472.0,1638,1299,2572,104,105,43,134,134,55,417343,197.10048977732217,276871.0
NL4ap405gvg=,2024-06-13,241.23333333333332,461.37908496732024,464.38461538461536,28948.0,70591.0,12074.0,111613.0,1026,1031,1250,148,146,28,159,159,30,337374,202.27124080528256,225761.0
6YVxKmN6RrU=,2024-06-24,504.6503067484663,1833.946153846154,2225.5555555555557,82258.0,238413.0,20030.0,340701.0,1491,2338,2730,100,111,36,151,151,49,506898,48.78089585883223,166197.0
1ZIaM5T9L0k=,2024-06-26,641.1075949367089,753.1428571428571,,101295.0,105440.0,0.0,206735.0,1251,1168,1285,138,149,9,164,164,10,358235,73.28222120105448,151500.0
4vAUwNywfX4=,2024-06-26,717.7478260869565,436.47058823529414,911.2307692307692,82541.0,66780.0,11846.0,161167.0,2006,912,2337,132,123,8,166,166,10,395664,145.49938883270147,234497.0
gsZb3gQVFss=,2024-06-17,515.1044776119403,418.6369426751592,800.0,69024.0,65726.0,4800.0,139550.0,1673,978,1775,136,135,13,155,155,15,382633,174.19061268362594,243083.0
pS/Qu/0lgeI=,2024-06-03,698.9274193548387,320.40495867768595,602.2222222222222,86667.0,38769.0,10840.0,136276.0,1547,770,1742,107,117,28,142,142,34,304395,123.36655023628518,168119.0
AIWZNXjxOpU=,2024-06-27,501.73333333333335,660.2314049586777,890.6607142857143,60208.0,79888.0,49877.0,189973.0,921,1293,1480,126,126,20,159,159,25,308564,62.42518673706263,118591.0
sxQCnQ24xlk=,2024-06-29,575.0,671.8518518518518,856.4,56350.0,54420.0,42820.0,153590.0,1353,1299,2009,96,95,25,121,121,31,303518,97.61573019076762,149928.0
eCIyHr+bqn4=,2024-06-21,414.69565217391306,301.8863636363636,483.96774193548384,19076.0,13283.0,15003.0,47362.0,709,587,734,57,47,8,79,79,11,73874,55.97736582070014,26512.0
+y/TjA1b+Ak=,2024-06-14,718.1333333333333,1110.4065934065934,1418.0,96948.0,101047.0,24106.0,222101.0,1644,1978,3492,132,90,4,153,153,5,408996,84.14865309026074,186895.0
klEjnx7rTMA=,2024-06-05,153.57142857142858,381.3888888888889,427.4583333333333,4300.0,13730.0,10259.0,28289.0,253,611,717,47,42,20,63,63,27,51893,83.43879246350171,23604.0
qkWUQVDcHzs=,2024-06-19,374.8695652173913,665.2307692307693,417.1458333333333,43110.0,43240.0,20023.0,106373.0,770,1066,1081,114,95,30,139,139,37,221480,108.21073016648961,115107.0
a19Q6Nxw9dk=,2024-06-17,698.9473684210526,1200.875,569.4029850746268,13280.0,115284.0,38150.0,166714.0,1209,1316,1685,63,59,91,74,74,106,307146,84.23527718128052,140432.0
xtRJBdk4C8M=,2024-06-20,925.563025210084,1146.568,1725.695652173913,110142.0,143321.0,39691.0,293154.0,1367,1929,2144,113,104,34,137,137,41,427983,45.99254999078982,134829.0
uMSsqDjntO0=,2024-06-06,99.0,99.0,142.14285714285714,792.0,99.0,3980.0,4871.0,281,99,284,10,0,1,82,82,8,3094,-36.48121535618969,-1777.0
NNwegTjnq9I=,2024-06-29,314.50354609929076,751.6495726495726,593.125,44345.0,87943.0,9490.0,141778.0,814,895,905,125,116,4,174,174,6,209190,47.547574376842675,67412.0
sITPcySF0X8=,2024-06-02,224.59649122807016,1583.7767857142858,1297.7941176470588,25604.0,177383.0,44125.0,247112.0,978,2337,2626,96,108,63,111,111,65,511722,107.08099970863414,264610.0
L3rCsStn9/U=,2024-06-16,390.6315789473685,518.4,506.1521739130435,14844.0,20736.0,23283.0,58863.0,641,764,767,43,40,43,44,44,45,91104,54.77294735232658,32241.0
3reZ9vp4we4=,2024-06-10,593.0985915492957,339.2474226804124,843.0232558139535,42110.0,32907.0,36250.0,111267.0,1417,778,1957,129,118,25,132,132,26,323522,190.76186110886425,212255.0
u5+On6JkQek=,2024-06-19,426.0,568.4265734265734,547.8888888888889,58362.0,81285.0,9862.0,149509.0,874,1020,1479,140,130,35,135,135,35,302355,102.23197265716446,152846.0
2NL/CPiy3jA=,2024-06-08,774.1304347826087,755.0298507462686,1225.280701754386,53415.0,50587.0,139682.0,243684.0,1473,1527,2710,112,116,37,152,152,48,442378,81.53756504325274,198694.0
o602/DimIco=,2024-06-04,1288.0487804878048,721.8645833333334,1215.6727272727271,105620.0,69299.0,66862.0,241781.0,2596,1239,2748,87,91,21,135,135,31,396309,63.91238352062404,154528.0
mndRg/hZ5+w=,2024-06-09,339.4246575342466,307.98936170212767,866.0,49556.0,28951.0,1732.0,80239.0,1253,779,1425,158,94,15,161,161,15,292575,264.6294196089184,212336.0
I3wCLvDv7O8=,2024-06-22,710.1875,338.0,812.71,45452.0,16900.0,81271.0,143623.0,1403,543,1654,77,77,50,107,107,69,232542,61.91139302200901,88919.0
2YmZgSa7x7s=,2024-06-24,360.7154471544715,476.2357723577236,697.8780487804878,44368.0,58577.0,28613.0,131558.0,845,934,1264,127,128,19,150,150,22,250883,90.70143966919534,119325.0
pJEE2x8vrXk=,2024-06-14,602.3333333333334,613.0294117647059,572.5,36140.0,41686.0,45800.0,123626.0,822,1008,1359,96,101,41,112,112,46,236439,91.25345801045087,112813.0
gEsOYZfOOfU=,2024-06-08,619.7183098591549,559.390243902439,619.21875,44000.0,45870.0,39630.0,129500.0,1662,1171,2317,96,82,32,118,118,40,329718,154.60849420849422,200218.0
CyCokjRvHzc=,2024-06-28,480.5357142857143,662.4615384615385,656.1111111111111,53820.0,86120.0,29525.0,169465.0,669,1265,1478,123,88,56,124,124,56,276375,63.08677307998701,106910.0
hNp1/d5SHXI=,2024-06-28,777.9770992366413,279.3809523809524,747.2058823529412,101915.0,35202.0,25405.0,162522.0,1325,530,1418,111,91,34,132,132,40,243517,49.8363298507279,80995.0
+vbIV5VunAs=,2024-06-20,525.790909090909,651.8604651162791,1109.032258064516,57837.0,84090.0,34380.0,176307.0,879,1817,2136,110,112,12,148,148,16,325826,84.80604854033021,149519.0
alhDo5XUvME=,2024-06-27,616.7368421052631,693.2519685039371,679.4444444444445,35154.0,88043.0,36690.0,159887.0,983,1108,1306,123,146,0,184,184,0,282677,76.79798857943423,122790.0
9qT1S4psDGM=,2024-06-03,202.1,109.1,215.83333333333337,2021.0,1091.0,1295.0,4407.0,597,178,690,33,20,12,66,66,24,31541,615.7022918084865,27134.0
asgnU7bxK/Y=,2024-06-24,642.2592592592592,629.2537313432836,623.953488372093,69364.0,42160.0,26830.0,138354.0,1182,1232,1777,70,68,56,88,88,70,266028,92.28067132139294,127674.0
BpAgDOdT4sg=,2024-06-28,569.3456790123457,387.0204081632653,796.2586206896551,46117.0,18964.0,46183.0,111264.0,1383,748,1557,95,49,8,147,147,12,180493,62.220484613172275,69229.0
0mS8A4+6OPQ=,2024-06-24,390.7692307692308,613.2926829268292,434.8571428571428,20320.0,50290.0,30440.0,101050.0,805,1049,1106,79,80,13,136,136,22,161893,60.210786739237996,60843.0
nXGv7c1QKOY=,2024-06-01,186.06976744186048,610.5769230769231,865.3846153846154,8001.0,15875.0,11250.0,35126.0,597,960,1254,41,33,1,87,87,2,57411,63.44303365028754,22285.0
3ItLxOwx3YY=,2024-06-08,460.3636363636364,484.8979591836735,385.16161616161617,25320.0,23760.0,38131.0,87211.0,1093,1207,1655,61,69,71,81,81,83,267461,206.68264324454486,180250.0
0RUryhdqs5M=,2024-06-28,569.4545454545455,659.4776119402985,1120.0,62640.0,88370.0,33600.0,184610.0,411,747,770,98,120,43,133,133,47,163028,-11.690590975570121,-21582.0
gXkvr7EBZNk=,2024-06-27,1368.9504132231405,509.00892857142856,1597.88,165643.0,57009.0,79894.0,302546.0,2365,899,2798,113,123,14,160,160,18,416994,37.82829718456037,114448.0
WEd5xSPoaSA=,2024-06-20,1563.8513513513512,669.55,539.7142857142857,231450.0,93737.0,3778.0,328965.0,1992,1052,2377,131,139,8,149,149,9,426196,29.556639764108645,97231.0
A0MqbNmrKvg=,2024-06-11,337.30573248407643,338.09815950920245,,52957.0,55110.0,0.0,108067.0,1301,1220,1378,97,109,30,141,141,39,300517,178.08396642823433,192450.0
PqGzZmFDoho=,2024-06-03,1311.1186440677966,617.5,1328.3958333333333,154712.0,50635.0,63763.0,269110.0,2107,1836,2473,94,101,32,134,134,42,462630,71.91111441418008,193520.0
2rAHhvSpztQ=,2024-06-04,597.8947368421053,725.6923076923077,503.0703125,11360.0,18868.0,64393.0,94621.0,1519,910,2095,37,37,63,65,65,111,221858,134.47014933260058,127237.0
C2OyQ+WYnfc=,2024-06-02,724.5445544554456,1090.41,1043.4827586206898,73179.0,109041.0,30261.0,212481.0,1013,2255,3335,86,82,19,134,134,30,335393,57.84611329954208,122912.0
UTJZr5KrVgo=,2024-06-16,1889.548872180451,579.6050420168067,2087.8536585365855,251310.0,68973.0,85602.0,405885.0,2877,1122,3449,138,97,21,153,153,23,578289,42.47607080823386,172404.0
33LwzV0n+X4=,2024-06-23,538.8620689655172,586.5116279069767,615.8717948717949,15627.0,25220.0,48038.0,88885.0,1190,1121,1619,41,55,51,66,66,62,193014,117.15025032345166,104129.0
55EcuAIkDuc=,2024-06-20,496.13793103448273,1139.529411764706,558.9344262295082,14388.0,19372.0,34095.0,67855.0,1162,1614,1648,46,15,59,56,56,72,174894,157.7466656841795,107039.0
6IrXAJuV7m4=,2024-06-01,389.01503759398497,283.5,577.0,51739.0,30618.0,18464.0,100821.0,1399,954,1605,142,146,0,176,176,0,337942,235.19008936630263,237121.0
msH5rBgOsv0=,2024-06-23,417.43,496.1946902654867,1160.3333333333333,41743.0,56070.0,10443.0,108256.0,1342,1057,2127,123,110,9,153,153,11,300479,177.56336831214898,192223.0
w++jdEqvG+U=,2024-06-21,528.4188034188035,817.6551724137931,1334.7058823529412,61825.0,94848.0,22690.0,179363.0,1369,1672,2803,68,71,29,118,118,48,293091,63.40661117398795,113728.0
mzm27wcQCTk=,2024-06-12,414.59183673469386,775.6013986013986,834.375,60945.0,110911.0,6675.0,178531.0,1071,1333,1465,126,122,0,158,158,0,297572,66.67805591185845,119041.0
itVHhPGrA/8=,2024-06-19,401.3014705882353,733.3806451612903,1175.551724137931,54577.0,113674.0,34091.0,202342.0,1422,1806,2108,123,123,21,161,161,28,441312,118.10202528392524,238970.0
0+S5LePVfNg=,2024-06-14,643.3858267716536,603.0252100840336,1226.071428571429,81710.0,71760.0,34330.0,187800.0,1894,1779,1928,158,149,0,180,180,0,564323,200.49148029818954,376523.0
Q5pvG5dn4gQ=,2024-06-28,891.2394366197183,551.4461538461538,1004.2258064516128,63278.0,35844.0,62262.0,161384.0,1559,1052,2015,100,120,39,113,113,39,353361,118.95664997769295,191977.0
oJrfqWQUHD8=,2024-06-11,328.47058823529414,609.3975903614457,613.2758620689655,27920.0,50580.0,35570.0,114070.0,678,1099,1542,73,65,37,108,108,54,177983,56.029630928377316,63913.0
YzzcWzC8GIs=,2024-06-09,225.0,150.0,351.9767441860465,4950.0,4500.0,15135.0,24585.0,732,684,892,42,11,28,53,53,36,63244,157.246288387228,38659.0
AngXc8cI8t8=,2024-06-24,545.0847457627119,1131.6194690265486,719.2,32160.0,127873.0,3596.0,163629.0,1042,1908,2160,99,103,15,143,143,21,332082,102.94813266596996,168453.0
JefOjGO3bY0=,2024-06-02,268.8235294117647,726.302752293578,1375.673076923077,22850.0,79167.0,71535.0,173552.0,990,1697,2102,113,70,23,143,143,29,279006,60.76219231123813,105454.0
Kz5ZMq1b97Y=,2024-06-24,447.8901098901099,699.6976744186046,1121.3333333333333,40758.0,30087.0,30276.0,101121.0,799,1462,1679,99,73,2,155,155,3,189185,87.08774636326777,88064.0
EB5Sx2MJDAg=,2024-06-12,972.1359223300972,502.9761904761905,1376.3225806451612,100130.0,42250.0,42666.0,185046.0,2320,1537,2419,110,104,0,172,172,0,415048,124.29449974600911,230002.0
O5driu3e3J4=,2024-06-22,419.56,685.5681818181819,580.0,52445.0,90495.0,8700.0,151640.0,860,1185,1460,131,118,59,118,118,56,323070,113.05064626747561,171430.0
fI03rQy/F0E=,2024-06-11,621.2037037037037,489.3478260869565,1043.5897435897436,67090.0,67530.0,40700.0,175320.0,1353,996,1983,111,109,39,133,133,47,336084,91.6974674880219,160764.0
Dfo7iq6Bc2I=,2024-06-30,898.8148148148148,770.4565217391304,1385.9375,121340.0,106323.0,44350.0,272013.0,1878,969,2365,133,145,2,191,191,3,395009,45.21695654251819,122996.0
SSQrYJM3d1g=,2024-06-23,675.452229299363,193.26618705035972,1099.8,106046.0,26864.0,5499.0,138409.0,1408,1138,2194,140,135,23,162,162,27,401212,189.87421338207776,262803.0
c7NcUWtu7N0=,2024-06-08,581.4285714285714,693.75,630.8849557522124,4070.0,5550.0,71290.0,80910.0,708,1080,1989,21,22,95,34,34,146,227583,181.27919911012236,146673.0
/um44pu8fVM=,2024-06-01,1932.4545454545455,314.8888888888889,2294.657894736842,63771.0,11336.0,174394.0,249501.0,3130,640,3481,47,25,72,63,63,96,413742,65.82779227337767,164241.0
Y/oELysUkvg=,2024-06-10,878.6463414634146,375.6280991735537,784.1777777777778,72049.0,45451.0,35288.0,152788.0,1654,610,1693,103,119,16,150,150,20,270040,76.74162892373747,117252.0
tZS6nOKdJAM=,2024-06-08,435.40983606557376,1194.8051948051948,1221.111111111111,53120.0,92000.0,21980.0,167100.0,921,2719,3263,112,105,0,144,144,0,388647,132.5834829443447,221547.0
0RUryhdqs5M=,2024-06-14,446.3478260869565,513.2142857142857,825.9677419354839,51330.0,57480.0,51210.0,160020.0,411,747,770,91,122,44,132,132,48,162415,1.4966879140107487,2395.0
KfRaMquDJiM=,2024-06-09,405.01869158878503,414.5698924731183,676.4705882352941,43337.0,38555.0,11500.0,93392.0,994,1326,1731,110,109,31,137,137,39,307535,229.29480041117012,214143.0
oGu6Fh708xs=,2024-06-09,370.0,554.0909090909091,1276.25,7400.0,24380.0,158255.0,190035.0,1207,1791,3000,47,100,49,117,117,57,382829,101.45183781934908,192794.0
OkprwmchMJI=,2024-06-25,774.5522388059702,129.0,435.6701030927835,51895.0,7611.0,42260.0,101766.0,1089,1154,1194,67,52,75,81,81,91,222521,118.65947369455417,120755.0
8WdZbIJIjcE=,2024-06-19,775.75,520.8791208791209,796.0,62060.0,47400.0,67660.0,177120.0,1579,1324,1625,89,63,82,97,97,89,357193,101.6672312556459,180073.0
4f+xe6d+88M=,2024-06-10,235.71428571428572,990.3448275862067,1621.75,9900.0,86160.0,25948.0,122008.0,642,2375,3142,60,95,2,131,131,3,270429,121.64858042095601,148421.0
DGrjgpD1Xx4=,2024-06-29,478.0652173913044,581.0106382978723,1010.9322033898304,43982.0,54615.0,59645.0,158242.0,1085,1330,1394,73,70,26,117,117,41,208549,31.791180596807422,50307.0
RVuG36fIVrg=,2024-06-01,150.0,533.421052631579,498.57142857142856,5850.0,20270.0,10470.0,36590.0,570,1088,1193,23,22,27,41,41,48,69257,89.27849139109047,32667.0
Fna+5UCuthk=,2024-06-06,407.75384615384615,375.968,572.8,53008.0,46996.0,5728.0,105732.0,948,1398,1603,102,114,0,152,152,0,256068,142.1859039836568,150336.0
LAQva9aJTZc=,2024-06-18,875.7575757575758,441.17021276595744,693.6111111111111,86700.0,41470.0,24970.0,153140.0,1651,1009,1886,100,108,53,105,105,53,371003,142.26394149144573,217863.0
T/6Wi47KSgk=,2024-06-07,1349.5035460992908,540.5546875,2132.0,190280.0,69191.0,2132.0,261603.0,1955,778,2346,96,111,22,132,132,26,325650,24.482517402323367,64047.0
MGhRGDWjWTA=,2024-06-06,349.5230769230769,516.4516129032259,719.2659574468086,22719.0,16010.0,67611.0,106340.0,1163,941,1933,60,36,86,69,69,98,269894,153.80289637013354,163554.0
L+bsg88lyF4=,2024-06-24,372.89473684210526,844.2372881355932,1098.8461538461538,42510.0,99620.0,57140.0,199270.0,990,1554,1995,102,100,50,117,117,57,356130,78.71731821147188,156860.0
6V0nsiI1nFM=,2024-06-16,465.71176470588233,1036.1381215469614,903.375,79171.0,187541.0,7227.0,273939.0,1673,1895,3488,123,128,24,168,168,32,532051,94.22243638182223,258112.0
q/HT5qZlz1U=,2024-06-24,1029.5,1097.672,1610.1818181818182,113245.0,137209.0,70848.0,321302.0,1370,1667,2437,100,83,37,128,128,48,365530,13.76524266889095,44228.0
aPwcT6ERlKk=,2024-06-06,578.3333333333334,419.44144144144144,674.8888888888889,62460.0,46558.0,30370.0,139388.0,1249,1124,1353,71,104,44,114,114,48,265107,90.19356042127012,125719.0
l95KKfZWlg8=,2024-06-08,729.9354838709677,468.4821428571428,1218.2857142857142,45256.0,26235.0,8528.0,80019.0,1164,1223,1263,59,64,9,78,78,11,158315,97.84676139416888,78296.0
p5JPvZF0hn8=,2024-06-05,343.22222222222223,786.7272727272727,488.8235294117647,9267.0,17308.0,33240.0,59815.0,982,1337,1747,55,46,72,68,68,90,241296,303.40382847111925,181481.0
R63fFvDkIsI=,2024-06-18,226.95,968.3389830508474,920.2363636363636,9078.0,114264.0,50613.0,173955.0,409,1370,1565,65,80,47,110,110,64,209740,20.57141214681958,35785.0
66989AnR6+I=,2024-06-24,767.8811881188119,715.0,470.188679245283,77556.0,58630.0,24920.0,161106.0,1279,1997,2869,102,89,29,123,123,35,391392,142.940672600648,230286.0
sqREsHZ3uaM=,2024-06-26,444.0,1051.741071428571,884.9433962264151,48396.0,117795.0,46902.0,213093.0,1271,1563,2365,106,113,29,140,140,36,379930,78.29304575936328,166837.0
10PJoepp5Dg=,2024-06-20,347.3018867924528,676.5826086956522,1058.342105263158,36814.0,77807.0,40217.0,154838.0,980,1248,1836,119,114,26,130,130,28,306628,98.03149097766698,151790.0
2Ak9P6oD/xk=,2024-06-01,300.0,404.53333333333336,615.6603773584906,3900.0,6068.0,32630.0,42598.0,785,755,1133,37,30,28,51,51,39,83419,95.82844264988967,40821.0
cZabAmK+rUU=,2024-06-01,738.5274725274726,481.11475409836066,713.8732394366198,67206.0,29348.0,50685.0,147239.0,1393,864,1544,107,118,45,127,127,49,320483,117.66176081065478,173244.0
AifV0IrOH7o=,2024-06-28,596.125,378.08988764044943,475.40983606557376,47690.0,33650.0,29000.0,110340.0,1052,905,1112,125,108,12,164,164,16,242584,119.85136849737177,132244.0
jZbmiuXyHK8=,2024-06-20,436.02941176470586,359.6967213114754,369.82978723404256,44475.0,43883.0,17382.0,105740.0,1171,876,1619,96,120,52,123,123,53,301724,185.34518630603367,195984.0
doNIn9osv7M=,2024-06-24,1074.9937888198758,404.875,705.0,173074.0,51824.0,9870.0,234768.0,1639,955,1721,103,123,57,126,126,58,384379,63.72716894977168,149611.0
2qDC6J1StAg=,2024-06-24,426.3858267716536,350.6015037593985,844.9333333333333,54151.0,46630.0,38022.0,138803.0,1008,980,1474,140,132,31,151,151,33,316174,127.78614295080078,177371.0
4geClPGeUek=,2024-06-27,534.3529411764706,463.6835443037975,802.2985074626865,45420.0,36631.0,53754.0,135805.0,933,890,1728,89,70,64,102,102,74,255929,88.4532970067376,120124.0
CVaVlwCPraM=,2024-06-25,784.4923076923077,773.8677685950413,1289.851851851852,101984.0,93638.0,34826.0,230448.0,1453,1635,1706,133,135,4,179,179,5,420798,82.59997917100604,190350.0
OACRB0wHzOw=,2024-06-01,439.76119402985074,512.3367346938776,783.8947368421053,29464.0,50209.0,29788.0,109461.0,881,2321,2790,112,117,7,155,155,9,389759,256.07111208558297,280298.0
NcooG2fmxOc=,2024-06-21,466.44642857142856,675.15,968.8,52242.0,94521.0,14532.0,161295.0,1189,1149,1521,110,132,16,155,155,19,306794,90.20676400384389,145499.0
yzTG27Pcy74=,2024-06-08,255.17985611510792,583.7697841726618,626.2790697674419,35470.0,81144.0,26930.0,143544.0,1166,1238,1458,129,124,39,141,141,43,360788,151.34314217243494,217244.0
PdMMoGhjEW0=,2024-06-26,510.2325581395349,382.2857142857143,750.0,65820.0,40140.0,15000.0,120960.0,887,618,1215,118,127,15,169,169,20,201377,66.4823082010582,80417.0
GbHnhfaLLVE=,2024-06-02,701.4090909090909,650.16,807.0824742268042,30862.0,32508.0,78287.0,141657.0,1241,1171,1663,72,61,81,80,80,90,295486,108.59258631765462,153829.0
/TwWiQK1thk=,2024-06-27,519.4594594594595,607.5555555555555,506.75,19220.0,10936.0,20270.0,50426.0,712,609,746,31,34,44,39,39,50,75602,49.92662515369056,25176.0
xYhTG67Zqao=,2024-06-14,364.0833333333333,509.1090909090909,767.6039603960396,17476.0,28001.0,77528.0,123005.0,677,1464,1756,49,65,57,84,84,74,228425,85.7038331775131,105420.0
RA459ABgEAs=,2024-06-05,441.6441717791411,379.25233644859816,,71988.0,40580.0,0.0,112568.0,1210,1171,1300,142,122,16,162,162,18,335482,198.02608201265014,222914.0
Ku+EC0jWYGc=,2024-06-05,423.09090909090907,487.3571428571428,877.0945945945946,41886.0,34115.0,64905.0,140906.0,995,1460,1835,112,90,37,132,132,44,310735,120.52645025761855,169829.0
cZurR6fBQYM=,2024-06-25,1094.375,756.4516129032259,764.5945945945946,17510.0,23450.0,113160.0,154120.0,1198,897,1359,58,50,74,79,79,101,214900,39.43680249156502,60780.0
HuP+dwo06f0=,2024-06-13,413.1578947368421,717.6923076923077,407.19424460431657,7850.0,18660.0,56600.0,83110.0,930,716,1540,49,66,115,57,57,115,263482,217.02803513415952,180372.0
rKH3c2egGEA=,2024-06-17,601.4895833333334,900.2162162162163,844.241935483871,57743.0,99924.0,52343.0,210010.0,1360,1549,1828,74,97,42,124,124,54,327669,56.025427360601874,117659.0
ZqEe3tO0MIg=,2024-06-30,681.7087378640776,1138.8857142857144,888.9090909090909,70216.0,79722.0,48890.0,198828.0,953,1463,1556,92,106,63,110,110,66,340782,71.3953769086849,141954.0
TKwErHNI0Z4=,2024-06-25,395.78985507246375,706.7521367521367,,54619.0,82690.0,0.0,137309.0,974,1386,2005,149,138,25,149,149,25,386519,181.49575046063987,249210.0
TbQ19OLrZis=,2024-06-10,462.1848739495798,540.1391304347826,669.375,55000.0,62116.0,10710.0,127826.0,990,787,1324,114,117,49,114,114,48,266130,108.19708040617715,138304.0
BRO4MAJMsWE=,2024-06-14,352.6694214876033,314.4950495049505,466.7058823529411,42673.0,31764.0,23802.0,98239.0,839,1063,1235,142,144,7,175,175,9,280855,185.88951434766236,182616.0
46GZYhn0Gns=,2024-06-08,471.9753086419753,334.87116564417175,77.0,76460.0,54584.0,77.0,131121.0,1390,954,1556,151,141,16,159,159,17,369300,181.6482485643032,238179.0
nIag868Bu9A=,2024-06-02,135.07142857142858,199.72222222222223,216.0,1891.0,3595.0,3240.0,8726.0,276,191,295,21,29,7,72,72,18,13400,53.564061425624566,4674.0
qkWUQVDcHzs=,2024-06-16,417.64150943396226,815.3611111111111,386.8909090909091,44270.0,88059.0,21279.0,153608.0,770,1066,1081,119,120,35,136,136,40,257385,67.55963231081714,103777.0
tyQkVVBxaOE=,2024-06-18,521.6296296296297,756.5974025974026,1046.5882352941176,56336.0,116516.0,17792.0,190644.0,1134,1731,2212,102,108,38,130,130,46,386672,102.82411195736556,196028.0
FOuF1Kv9bYk=,2024-06-12,619.5119047619048,303.4660194174757,542.2962962962963,52039.0,31257.0,29284.0,112580.0,1247,622,1369,120,105,50,114,114,50,275918,145.08616095221177,163338.0
6YLXLLq6bBQ=,2024-06-03,456.53333333333336,401.7350993377483,730.7857142857143,68480.0,60662.0,20462.0,149604.0,1341,1036,1905,114,128,5,177,177,7,295007,97.19192000213897,145403.0
vJwndm7E0J8=,2024-06-11,590.0,380.51666666666665,589.4107142857143,7080.0,22831.0,66014.0,95925.0,1155,752,1682,19,15,78,34,34,140,164421,71.40578577013291,68496.0
q2rnr1UgBkQ=,2024-06-21,400.7070707070707,394.0536912751678,775.609756097561,39670.0,58714.0,31800.0,130184.0,1078,1312,1511,102,134,32,167,167,40,334116,156.64905057457136,203932.0
4D2gbULhtGE=,2024-06-16,368.20512820512823,764.9222222222222,807.25,28720.0,68843.0,16145.0,113708.0,907,1648,1820,98,110,35,120,120,38,333866,193.61698385337883,220158.0
9qEk1n15r5k=,2024-06-10,1095.0833333333333,468.66326530612247,909.8518518518518,131410.0,45929.0,24566.0,201905.0,2315,944,2809,102,106,38,122,122,44,442936,119.3784205443154,241031.0
TrmniU3xD5g=,2024-06-05,712.1951219512196,410.6716417910447,525.4716981132076,29200.0,27515.0,27850.0,84565.0,1278,833,2598,89,75,21,131,131,31,230775,172.8965884231065,146210.0
7IBpjZ7PmFk=,2024-06-04,558.8125,581.7921348314607,1025.0,80469.0,103559.0,3075.0,187103.0,1470,2102,2106,153,169,0,184,184,0,580148,210.06878564213295,393045.0
7835DMxOI+U=,2024-06-20,283.07086614173227,744.3484848484849,884.9459459459459,35950.0,98254.0,32743.0,166947.0,779,1486,1743,113,107,32,132,132,37,302805,81.37792233463314,135858.0
JQtBia1REsk=,2024-06-23,641.8934426229508,423.231884057971,1037.3809523809523,78311.0,58406.0,21785.0,158502.0,1640,1263,2197,109,111,32,130,130,38,389257,145.5849137550315,230755.0
U3AUvosq/HI=,2024-06-16,533.7226890756302,653.2408759124088,1687.6923076923076,63513.0,89494.0,21940.0,174947.0,1395,1486,2076,109,110,19,140,140,24,354959,102.89516253493916,180012.0
SPn3Qu6ChAU=,2024-06-29,639.56,608.2608695652174,438.9189189189189,47967.0,41970.0,32480.0,122417.0,1232,965,1493,83,74,40,103,103,49,233386,90.64835766274292,110969.0
sqREsHZ3uaM=,2024-06-07,362.7089552238806,956.2017543859648,553.8333333333334,48603.0,109007.0,16615.0,174225.0,1271,1563,2365,96,91,30,134,134,42,335199,92.39431769263882,160974.0
Lmn2YV7rHNY=,2024-06-23,367.26851851851853,552.5742574257425,456.15384615384613,39665.0,55810.0,11860.0,107335.0,892,1051,1219,91,94,63,103,103,69,256763,139.21647179391624,149428.0
BYhGPMYXKLk=,2024-06-25,213.0,605.6148148148148,608.0,18318.0,81758.0,6688.0,106764.0,694,924,1096,128,134,21,147,147,23,235664,120.73358060769547,128900.0
M4P7XN+ISOI=,2024-06-27,509.5,456.40816326530614,571.0571428571428,26494.0,22364.0,19987.0,68845.0,1148,717,1429,38,48,12,72,72,18,95188,38.26421671871596,26343.0
2X5J2wlwn8U=,2024-06-07,406.46666666666664,680.5584415584416,941.8235294117648,36582.0,52403.0,48033.0,137018.0,934,1698,2004,110,88,21,138,138,26,294248,114.75134653841101,157230.0
xtRJBdk4C8M=,2024-06-19,975.0751445086704,1007.9927536231884,1310.6666666666667,168688.0,139103.0,3932.0,311723.0,1367,1929,2144,107,106,29,140,140,38,412919,32.46343708998053,101196.0
1Ye6urkOOX4=,2024-06-26,538.8947368421053,599.6,616.6623376623377,40956.0,56962.0,47483.0,145401.0,913,1083,1568,59,73,80,84,84,92,258366,77.6920378814451,112965.0
T5MnmYgZ9jo=,2024-06-30,343.0246913580247,729.8947368421053,580.438596491228,27785.0,83208.0,33085.0,144078.0,612,1179,1262,31,85,47,120,120,66,178501,23.89191965463152,34423.0
JQtBia1REsk=,2024-06-04,417.4895104895105,336.1388888888889,617.0,59701.0,48404.0,12340.0,120445.0,1640,1263,2197,104,113,4,162,162,6,322067,167.39756735439414,201622.0
yPY4y2d6kIE=,2024-06-19,470.46666666666664,291.9142857142857,892.4545454545455,28228.0,10217.0,29451.0,67896.0,1203,453,1368,73,38,49,81,81,55,172065,153.42435489572287,104169.0
Dgn51RICOrw=,2024-06-10,784.1111111111111,652.3,405.44,28228.0,26092.0,50680.0,105000.0,1109,866,1479,77,44,102,72,72,102,268810,156.0095238095238,163810.0
VHSUkwuU6IA=,2024-06-30,1143.0442477876106,304.0,1267.142857142857,129164.0,39520.0,8870.0,177554.0,1524,567,1817,112,113,17,153,153,23,265648,49.61532829449069,88094.0
Lb+41Z2MSoY=,2024-06-01,475.72151898734177,610.4302325581396,472.0,37582.0,52497.0,12272.0,102351.0,1000,1626,1743,89,91,31,91,91,31,290999,184.31475999257455,188648.0
CVaVlwCPraM=,2024-06-30,815.985401459854,939.4125874125874,1325.75,111790.0,134336.0,31818.0,277944.0,1453,1635,1706,133,147,9,173,173,11,448948,61.52462366519874,171004.0
NquF5n1tHIc=,2024-06-01,592.0642201834862,392.6630434782609,942.2727272727273,64535.0,36125.0,31095.0,131755.0,1781,1153,2392,95,104,30,123,123,35,360867,173.89245189935866,229112.0
IFfJH38AcPI=,2024-06-20,337.6041666666667,803.9512195121952,690.2521008403361,16205.0,32962.0,82140.0,131307.0,690,2010,2639,79,73,59,103,103,77,356941,171.83699269650515,225634.0
PTTWlvRpwqo=,2024-06-15,579.7769784172662,461.2608695652174,,80589.0,63654.0,0.0,144243.0,1206,948,1343,117,121,44,117,117,27,288279,99.85649216946403,144036.0
SbbQwciXDL8=,2024-06-09,542.6831683168317,909.29203539823,1628.5365853658536,54811.0,102750.0,66770.0,224331.0,1527,1667,2626,99,89,45,109,109,49,417706,86.20074800183657,193375.0
P6p42wyZFEI=,2024-06-04,472.2340425531915,728.7096774193549,1437.6470588235295,44390.0,67770.0,48880.0,161040.0,1447,2034,2049,69,78,8,120,120,12,274887,70.69485842026826,113847.0
6YLXLLq6bBQ=,2024-06-18,477.65625,400.9189189189189,895.3076923076923,45855.0,59336.0,11639.0,116830.0,1341,1036,1905,102,114,14,146,146,18,281556,140.9963194385004,164726.0
DGrjgpD1Xx4=,2024-06-05,470.09,640.3838383838383,665.18,47009.0,63398.0,33259.0,143666.0,1085,1330,2078,61,79,26,119,119,39,225283,56.810240418749046,81617.0
+uRERsoyzfc=,2024-06-19,931.0689655172414,346.9130434782609,711.858407079646,54002.0,15958.0,80440.0,150400.0,2152,710,2698,75,69,54,105,105,75,356082,136.75664893617022,205682.0
BM5irhbbnl8=,2024-06-26,836.5753424657535,392.8301886792453,985.2708333333334,61070.0,20820.0,94586.0,176476.0,1325,1022,1915,89,65,59,105,105,69,297340,68.48749971667536,120864.0
pvIhjTs/B8s=,2024-06-27,443.78333333333336,523.0615384615385,652.9454545454546,26627.0,33999.0,35912.0,96538.0,999,1046,1394,36,66,42,97,97,61,163548,69.41308085935071,67010.0
B9UfMf0Wgdg=,2024-06-04,420.0,442.1428571428572,792.0,2940.0,6190.0,3960.0,13090.0,950,839,1325,42,38,17,63,63,26,94307,620.4507257448433,81217.0
UpM9W/hwMCc=,2024-06-23,456.4504504504504,906.4067796610168,707.2558139534884,50666.0,53478.0,30412.0,134556.0,798,1744,2017,76,83,10,154,154,18,225570,67.64023900829395,91014.0
TPlgmKAtg+M=,2024-06-14,549.0,543.6567164179105,1057.0416666666667,46116.0,36425.0,25369.0,107910.0,1469,1543,1896,69,45,18,97,97,25,204924,89.90269669168752,97014.0
v0eVj1A/1i4=,2024-06-27,1864.258064516129,167.0,2414.3571428571427,115584.0,2338.0,33801.0,151723.0,2104,579,2457,82,17,23,124,124,35,238882,57.44613539146998,87159.0
CMtyvx0wfns=,2024-06-03,442.7692307692308,396.7058823529411,543.974025974026,28780.0,26976.0,41886.0,97642.0,1108,609,1821,62,60,75,79,79,95,241811,147.65060117572358,144169.0
Tycb04RiX7o=,2024-06-22,361.48936170212767,606.325,526.9662921348314,16990.0,48506.0,46900.0,112396.0,824,1096,1313,83,93,65,106,106,74,255665,127.46805936154311,143269.0
tamJuezLfhs=,2024-06-12,556.046511627907,396.4,545.8823529411765,47820.0,29730.0,46400.0,123950.0,1128,765,1650,68,54,77,82,82,92,245064,97.71198063735376,121114.0
7q5PtKSZTG0=,2024-06-27,716.6666666666666,643.5873015873016,1493.0,55900.0,40546.0,44790.0,141236.0,1505,1513,1530,78,78,16,106,106,22,259884,84.0069104194398,118648.0
S536cBAfows=,2024-06-18,601.25,583.3614457831326,681.1486486486486,55315.0,48419.0,50405.0,154139.0,2061,1114,2456,99,108,19,150,150,26,371015,140.70157455283868,216876.0
JN0v7czasss=,2024-06-22,683.4020618556701,799.6,969.493670886076,66290.0,79960.0,76590.0,222840.0,1153,1756,2043,98,104,22,157,157,33,340564,52.82893555914557,117724.0
SAHoEfJjiXg=,2024-06-18,578.7291666666666,433.4965986394558,1195.0,83337.0,63724.0,15535.0,162596.0,1414,1088,1992,143,128,31,133,133,31,389078,139.2912494772319,226482.0
xhDnkLBxlLM=,2024-06-13,348.8712871287129,646.8318584070796,343.2631578947368,35236.0,73092.0,13044.0,121372.0,834,1133,1502,133,129,56,129,129,29,297301,144.9502356391919,175929.0
0LDBjk/j0UQ=,2024-06-25,386.4,739.6486486486486,424.2857142857143,34776.0,27367.0,20790.0,82933.0,1219,1722,1725,111,65,26,143,143,33,292089,252.1987628567639,209156.0
QZaS9usybzs=,2024-06-14,199.23684210526315,1013.4904458598726,454.5,7571.0,159118.0,7272.0,173961.0,772,1681,1706,62,92,31,132,132,44,255402,46.815665580216255,81441.0
Eq5x2tN2yHg=,2024-06-08,1105.076923076923,619.6349206349206,1734.642857142857,143660.0,39037.0,72855.0,255552.0,2876,1657,3449,126,91,18,154,154,22,575245,125.09900137741047,319693.0
BipTTaaq0Gs=,2024-06-07,571.0560747663551,873.3979591836735,920.4406779661016,61103.0,85593.0,54306.0,201002.0,1064,1761,2025,86,103,10,155,155,15,293137,45.83785235967801,92135.0
+ys6+h4hgjU=,2024-06-28,565.9,482.56934306569343,700.3333333333334,62249.0,66112.0,31515.0,159876.0,1483,967,1547,139,157,26,162,162,27,398178,149.05426705696917,238302.0
NHpr1itytzo=,2024-06-14,601.9718309859155,430.72463768115944,549.5,42740.0,29720.0,10990.0,83450.0,1022,728,1508,96,65,51,118,118,62,222340,166.4349910125824,138890.0
L+bsg88lyF4=,2024-06-27,519.2682926829268,764.5121951219512,1022.027027027027,42580.0,62690.0,75630.0,180900.0,990,1554,1995,107,96,41,126,126,48,336909,86.24046434494196,156009.0
V2Kd0jtzB4k=,2024-06-18,1142.8275862068965,487.1980198019802,1320.5333333333333,99426.0,49207.0,99040.0,247673.0,2085,1043,3303,78,101,45,123,123,55,416608,68.20888833259984,168935.0
wTb1c5TFCm0=,2024-06-17,406.4873949579832,445.16806722689074,642.2448979591836,48372.0,52975.0,31470.0,132817.0,927,1069,1237,123,118,18,154,154,22,262429,97.58690529073839,129612.0
xwFTzKR4XRw=,2024-06-13,593.4782608695652,558.5294117647059,299.0,13650.0,28485.0,32890.0,75025.0,1199,1094,1399,51,58,82,71,71,101,239319,218.98567144285238,164294.0
CCr8U35+SsE=,2024-06-29,756.5436893203884,448.4492753623188,1504.1363636363635,77924.0,30943.0,33091.0,141958.0,1619,1088,1775,131,119,40,137,137,42,412561,190.62187407543075,270603.0
wTsUb6KX4Dw=,2024-06-29,365.3571428571428,1038.4594594594594,834.1470588235294,40920.0,38423.0,28361.0,107704.0,961,2105,2295,66,83,11,141,141,19,263386,144.54616355938498,155682.0
fQFzN7JC2WQ=,2024-06-25,535.6114649681529,275.1468531468532,820.0769230769231,84091.0,39346.0,21322.0,144759.0,1271,1081,1794,124,134,47,136,136,48,386776,167.18615077473592,242017.0
mCNMQj6irRM=,2024-06-25,836.697247706422,682.6909090909091,1252.879518072289,91200.0,75096.0,103989.0,270285.0,2698,1086,2798,102,86,0,198,198,0,368592,36.371607747377766,98307.0
6uvZqyzTc6I=,2024-06-03,337.55696202531647,484.56129032258065,645.0,53334.0,75107.0,12900.0,141341.0,2005,1346,2111,142,136,5,178,178,6,478321,238.41631232268062,336980.0
gJiIwUlZIpU=,2024-06-23,232.77142857142857,757.8345323741007,886.5714285714286,16294.0,105339.0,12412.0,134045.0,684,1541,1589,58,88,24,124,124,34,213416,59.21220485657801,79371.0
MlnT2vGJQWc=,2024-06-26,498.3783783783784,466.97222222222223,518.8157894736842,36880.0,33622.0,39430.0,109932.0,950,849,1331,86,98,24,122,122,30,196846,79.06160171742532,86914.0
Hqi33upwbA4=,2024-06-05,556.5686274509804,485.4421052631579,817.3,56770.0,46117.0,40865.0,143752.0,995,1626,1807,102,106,53,105,105,53,367991,155.99017752796482,224239.0
/TwWiQK1thk=,2024-06-07,377.8125,748.9,482.28333333333336,6045.0,14978.0,28937.0,49960.0,712,609,746,21,28,34,40,40,49,57368,14.827862289831867,7408.0
+QSSzNjXUT8=,2024-06-08,456.5131578947368,374.5168539325843,593.5806451612904,34695.0,33332.0,36802.0,104829.0,803,1298,1830,70,62,59,89,89,75,244656,133.38579973099047,139827.0
z4b7X7fs4wY=,2024-06-19,288.38461538461536,413.6111111111111,481.46666666666664,7498.0,14890.0,21666.0,44054.0,586,736,861,42,63,27,63,63,27,94227,113.88977164389158,50173.0
y/OGPFhGXcI=,2024-06-15,360.0,775.3125,519.7260273972603,5400.0,24810.0,75880.0,106090.0,897,1451,1860,28,21,100,39,39,141,241587,127.71891789989631,135497.0
NHpr1itytzo=,2024-06-12,620.1807228915662,415.2941176470589,904.2857142857144,51475.0,35300.0,44310.0,131085.0,1022,728,1508,92,64,54,113,113,67,222048,69.3923789907312,90963.0
eWOEmos/xzQ=,2024-06-10,668.5277777777778,670.1764705882352,886.7,48134.0,56965.0,35468.0,140567.0,1423,1288,1791,107,111,47,125,125,53,379406,169.91114557470814,238839.0
7UG6qrNQkpU=,2024-06-23,1362.5,382.5,282.0325203252033,32700.0,6120.0,34690.0,73510.0,854,489,1004,79,49,45,101,101,57,136607,85.83458032920691,63097.0
rKH3c2egGEA=,2024-06-16,554.7352941176471,1153.1975308641977,870.8888888888889,37722.0,93409.0,54866.0,185997.0,1360,1549,1828,85,116,41,117,117,41,370232,99.05267289257354,184235.0
0u7YKRYVP50=,2024-06-01,367.7719298245614,313.83870967741933,434.22222222222223,41926.0,38916.0,7816.0,88658.0,1423,1692,2290,112,125,38,126,126,38,457896,416.47454262446706,369238.0
DvkpSs52kss=,2024-06-26,975.15,358.0919540229885,1396.281690140845,97515.0,31154.0,99136.0,227805.0,1579,2003,2444,89,87,17,148,148,28,356340,56.42325673273194,128535.0
A1U3vr3qk/M=,2024-06-23,375.5327102803738,570.6190476190476,838.188679245283,40182.0,47932.0,44424.0,132538.0,1013,811,1214,94,71,27,132,132,38,185581,40.02097511657034,53043.0
3rm6IX1Nz8w=,2024-06-29,854.6078431372549,701.1058823529412,856.5116279069767,87170.0,59594.0,36830.0,183594.0,1449,1334,2135,97,98,26,125,125,33,326795,77.99873634214626,143201.0
ALW8uv5kavM=,2024-06-17,588.9280575539568,1562.917808219178,2390.5333333333333,81861.0,228186.0,71716.0,381763.0,992,2037,3023,136,121,26,154,154,30,459987,20.49019941691573,78224.0
Mlr18d03KwU=,2024-06-23,803.3523809523809,423.09090909090907,690.0,84352.0,46540.0,26220.0,157112.0,1822,1027,3117,108,94,15,149,149,21,340069,116.45004837313509,182957.0
tfaNOQ951e8=,2024-06-26,599.8571428571429,731.5113636363636,1059.1538461538462,41990.0,64373.0,68845.0,175208.0,1134,1445,2039,107,104,50,120,120,56,373568,113.21400849276289,198360.0
A4W0xU8nKQs=,2024-06-08,596.551724137931,941.75,662.2526315789473,34600.0,60272.0,62914.0,157786.0,1296,1511,1895,111,108,49,121,121,53,399899,153.44390503593473,242113.0
ta40qTN7FPw=,2024-06-16,506.1855670103093,427.7959183673469,720.7352941176471,49100.0,41924.0,49010.0,140034.0,1108,921,1956,71,85,79,90,90,84,311477,122.42955282288588,171443.0
10FYcO7sdNQ=,2024-06-17,495.48571428571427,571.4615384615385,619.9019607843137,34684.0,29716.0,63230.0,127630.0,1158,1043,1527,72,43,80,83,83,93,250385,96.18036511791898,122755.0
TteXIliXCb4=,2024-06-29,656.5254237288135,458.1818181818182,773.8311688311688,38735.0,15120.0,59585.0,113440.0,1116,725,1338,97,106,26,127,127,31,219890,93.83815232722144,106450.0
YyySYAi/0Iw=,2024-06-21,668.125,716.8571428571429,510.9375,10690.0,25090.0,49050.0,84830.0,861,970,1532,29,41,40,68,68,66,126019,48.55475657196747,41189.0
9B9rmaW/xIQ=,2024-06-26,1171.5185185185185,870.5771812080537,1408.1666666666667,126524.0,129716.0,16898.0,273138.0,1474,1444,1594,97,110,47,125,125,54,376736,37.92881254164561,103598.0
2UYiIH+LB7o=,2024-06-19,398.7157894736842,590.0097087378641,795.7884615384615,37878.0,60771.0,41381.0,140030.0,915,1456,1833,101,98,24,137,137,33,279095,99.31086195815182,139065.0
1CvLLY3aSAs=,2024-06-21,739.457627118644,557.1413043478261,701.0909090909091,43628.0,51257.0,61696.0,156581.0,1881,1662,2708,147,144,30,161,161,33,597075,281.3202112644574,440494.0
NquF5n1tHIc=,2024-06-18,721.5865384615385,517.8947368421053,1047.878787878788,75045.0,59040.0,34580.0,168665.0,1781,1153,1991,103,106,25,128,128,30,355436,110.7348886846708,186771.0
gXkvr7EBZNk=,2024-06-28,1514.0183486238532,600.4107142857143,1381.1836734693877,165028.0,67246.0,67678.0,299952.0,2365,899,2798,102,124,8,154,154,10,375090,25.050008001280204,75138.0
HN2H5A6u/F8=,2024-06-14,745.9722222222222,726.1904761904761,1320.0,26855.0,15250.0,6600.0,48705.0,1215,1648,2691,82,96,25,130,130,34,325113,567.5146288882045,276408.0
m8fnBdP0wzU=,2024-06-27,490.984126984127,584.3673469387755,458.12820512820514,30932.0,57268.0,35734.0,123934.0,730,1139,1481,73,81,74,99,99,90,255143,105.87005987057627,131209.0
TBvHaAjQrnA=,2024-06-03,410.0,574.0,315.1829268292683,820.0,1722.0,25845.0,28387.0,782,1110,1362,13,10,65,16,16,79,109796,286.7826822136894,81409.0
xdyuqKJj+14=,2024-06-29,986.8817204301076,458.1188118811881,918.0769230769232,91780.0,46270.0,71610.0,209660.0,1620,1045,1625,73,74,74,94,94,95,315840,50.6438996470476,106180.0
61F6v8tQVMk=,2024-06-14,597.9934640522875,517.1324503311258,631.2857142857143,91493.0,78087.0,17676.0,187256.0,990,1013,1758,148,142,23,159,159,25,330800,76.65655573119152,143544.0
xmViZT05o6Q=,2024-06-28,354.49038461538464,1188.1068702290077,1504.0,36867.0,155642.0,4512.0,197021.0,744,1913,2178,105,109,0,158,158,0,286637,45.48550662112161,89616.0
f7roKqQuEFc=,2024-06-19,478.12,619.75,874.5428571428571,47812.0,54538.0,30609.0,132959.0,1394,961,1498,116,76,16,139,139,19,258708,94.57727570153205,125749.0
iH+kUxmgzT8=,2024-06-29,1476.140350877193,457.32,1410.3859649122808,84140.0,22866.0,80392.0,187398.0,2261,972,2414,61,62,0,132,132,0,198185,5.756198038399556,10787.0
F5jKeLHz74o=,2024-06-10,986.4772727272727,850.1071428571429,1647.28,43405.0,47606.0,123546.0,214557.0,2246,1667,2960,86,81,32,111,111,41,422903,97.10519815247231,208346.0
oep3yfB71qY=,2024-06-25,698.1016949152543,1014.2096774193548,576.719298245614,41188.0,62881.0,65746.0,169815.0,1212,1704,1995,71,49,45,113,113,72,259323,52.7091246356329,89508.0
iu64OQUXh10=,2024-06-19,551.984496124031,380.50344827586207,743.8888888888889,71206.0,55173.0,20085.0,146464.0,1336,958,1395,119,120,14,158,158,18,293474,100.37278785230501,147010.0
7VpDCJuWZhk=,2024-06-21,945.2666666666668,587.7567567567568,1317.7142857142858,113432.0,65241.0,46120.0,224793.0,1619,1238,1987,126,94,18,154,154,22,356132,58.426641398975946,131339.0
7835DMxOI+U=,2024-06-27,337.5833333333333,564.7818181818182,931.12,48612.0,62126.0,23278.0,134016.0,779,1486,1743,112,116,23,144,144,28,299713,123.63971466093602,165697.0
mj9K+kFH1Iw=,2024-06-24,904.252427184466,679.0679611650486,1475.7974683544303,93138.0,69944.0,116588.0,279670.0,2698,1086,2798,103,76,0,186,186,0,360430,28.876890621089142,80760.0
RFLAGg7xy+4=,2024-06-21,486.6302521008403,1069.0444444444445,1865.5,57909.0,144321.0,26117.0,228347.0,1028,1562,2021,126,120,0,158,158,0,316968,38.80979386635253,88621.0
2qDC6J1StAg=,2024-06-13,433.6418918918919,338.17241379310343,688.0285714285715,64179.0,49035.0,24081.0,137295.0,1008,980,1230,130,142,21,160,160,24,296030,115.61600932299064,158735.0
byvgBTk14A0=,2024-06-17,518.6538461538462,1066.3953488372092,835.1388888888889,53940.0,91710.0,60130.0,205780.0,1256,1488,1625,104,97,65,111,111,69,380585,84.94751676547769,174805.0
fJrr/yQwKb4=,2024-06-17,782.6433566433567,510.1438848920863,1165.0,111918.0,70910.0,20970.0,203798.0,1794,1036,3229,131,146,6,169,169,7,405644,99.04218883404155,201846.0
5p3kbK9yV9k=,2024-06-12,343.7096774193548,295.3191489361702,510.43859649122805,21310.0,13880.0,58190.0,93380.0,726,843,1625,69,57,64,93,93,87,202145,116.47569072606554,108765.0
mgkE58TWDz0=,2024-06-26,437.1666666666667,530.6581196581196,787.2,44591.0,62087.0,31488.0,138166.0,977,876,1345,104,131,42,114,114,42,257962,86.70439905620775,119796.0
ndNAF5KXPXQ=,2024-06-24,696.7123287671233,367.4025974025974,626.6666666666666,50860.0,28290.0,39480.0,118630.0,1855,817,2294,64,80,47,103,103,61,291898,146.05748967377562,173268.0
U3AUvosq/HI=,2024-06-24,470.6666666666667,656.4943820224719,586.4827586206897,36712.0,58428.0,34016.0,129156.0,1395,1486,1743,100,120,32,129,129,35,373596,189.25950013936634,244440.0
CkV89b8xPXw=,2024-06-25,788.1081081081081,930.8333333333334,1077.697841726619,29160.0,44680.0,149800.0,223640.0,1500,1668,2449,56,51,74,81,81,108,350294,56.632981577535325,126654.0
Kt4ieKAZqbs=,2024-06-11,586.96,499.8666666666667,678.875,44022.0,37490.0,65172.0,146684.0,1589,1148,2317,64,86,78,96,96,88,381150,159.84429112923019,234466.0
5OoYixRFr/M=,2024-06-07,455.8235294117647,813.8051948051948,708.2142857142857,23247.0,62663.0,19830.0,105740.0,1174,1541,2035,43,72,28,88,88,34,218414,106.55759409873274,112674.0
iJMtHZVkQE8=,2024-06-04,491.08527131782944,538.234375,845.1666666666666,63350.0,68894.0,25355.0,157599.0,1247,990,1837,117,122,54,122,122,54,365877,132.15692992975843,208278.0
Sxo+b4ZaejU=,2024-06-05,428.1612903225806,725.48322147651,968.0,66365.0,108097.0,4840.0,179302.0,642,1613,2314,123,127,41,133,133,43,378691,111.20288674972952,199389.0
w0ig6LUIXhU=,2024-06-20,470.6851851851851,1766.419642857143,1858.4117647058824,50834.0,197839.0,94779.0,343452.0,1260,2437,3289,116,104,30,140,140,36,498278,45.079370625298445,154826.0
ldgT4qvFdKU=,2024-06-14,631.9756097560976,859.6071428571429,601.8571428571429,25911.0,24069.0,25278.0,75258.0,1106,1140,1566,75,42,56,72,72,56,215208,185.9602965797656,139950.0
t4zHb/At+3E=,2024-06-11,475.0,,659.7916666666666,2375.0,0.0,31670.0,34045.0,366,1221,1295,10,13,31,26,26,63,59678,75.29152592157439,25633.0
6rAF8OWmwaA=,2024-06-27,743.046875,279.7701149425287,467.77777777777777,95110.0,24340.0,21050.0,140500.0,1045,910,1107,84,56,24,143,143,41,165308,17.65693950177936,24808.0
GDR9Aed7Ikw=,2024-06-14,392.1794871794872,690.4081632653061,338.9830508474576,15295.0,33830.0,40000.0,89125.0,781,1289,1465,61,73,82,85,85,95,261868,193.8210378681627,172743.0
4XwvIBtqZPw=,2024-06-08,447.0217391304348,513.0629921259842,836.5,61689.0,65159.0,15057.0,141905.0,1342,1195,1595,128,120,2,167,167,3,318366,124.35150276593497,176461.0
Kc55TiNyOUA=,2024-06-10,581.8181818181819,725.6666666666666,1433.421052631579,38400.0,63133.0,54470.0,156003.0,1432,1362,2151,108,100,24,129,129,29,342480,119.53423972615911,186477.0
/GcoI/OYXZk=,2024-06-24,1376.0526315789473,288.46153846153845,1209.48623853211,52290.0,7500.0,131834.0,191624.0,951,571,2093,31,37,82,55,55,121,222234,15.973990731849872,30610.0
sqREsHZ3uaM=,2024-06-19,382.4732142857143,1091.0642201834862,769.1489361702128,42837.0,118926.0,36150.0,197913.0,1271,1563,2365,104,107,44,125,125,51,403485,103.86988222097588,205572.0
QG2DG350pQ0=,2024-06-20,529.9324324324324,487.75384615384615,510.8125,39215.0,31704.0,24519.0,95438.0,1150,1043,1171,93,86,35,93,93,35,237633,148.99201575892204,142195.0
2d7X6jaH0s8=,2024-06-30,2242.917808219178,676.0172413793103,1727.111111111111,491199.0,78418.0,31088.0,600705.0,2928,1260,3421,181,113,18,242,242,24,733926,22.17744150623018,133221.0
/SxHV6tIKI4=,2024-06-24,982.7131782945736,420.2962962962963,2057.6923076923076,126770.0,56740.0,133750.0,317260.0,1579,1635,2365,128,142,47,158,158,52,545437,71.92113723759692,228177.0
EZWs5KeXZ4g=,2024-06-18,818.5849056603773,504.82758620689657,667.4939759036145,43385.0,29280.0,55402.0,128067.0,1716,1238,2268,60,59,42,104,104,72,271258,111.80944349442088,143191.0
L8obeiMbseY=,2024-06-29,379.1904761904762,276.0,453.7887323943662,39815.0,9660.0,32219.0,81694.0,880,641,969,70,58,81,88,88,101,177267,116.98900776066785,95573.0
VKUogFpofyk=,2024-06-11,481.4878048780488,733.8988764044943,795.8461538461538,39482.0,65317.0,41384.0,146183.0,1200,1171,1660,107,108,53,107,107,51,338357,131.4612506242176,192174.0
s9XO0LALwmQ=,2024-06-21,606.2857142857143,442.4193548387097,710.2692307692307,33952.0,27430.0,36934.0,98316.0,1374,961,1544,75,79,36,95,95,43,234553,138.5705276862362,136237.0
A4tgQv5cqkc=,2024-06-29,503.57142857142856,580.7307692307693,598.0446428571429,7050.0,30198.0,66981.0,104229.0,899,776,2052,46,53,86,65,65,105,258954,148.44716921394237,154725.0
c8bCLNCg65w=,2024-06-22,429.6296296296296,912.6771653543308,410.8333333333333,34800.0,115910.0,9860.0,160570.0,799,1210,1435,108,112,36,120,120,38,273472,70.31325901475992,112902.0
b+ZrZfg+YD0=,2024-06-25,379.0344827586207,471.9166666666667,610.8510638297872,32976.0,28315.0,28710.0,90001.0,961,892,1925,61,49,82,75,75,101,260179,189.08456572704748,170178.0
5OoYixRFr/M=,2024-06-28,484.265625,879.6506024096385,929.1944444444443,30993.0,73011.0,33451.0,137455.0,1174,1541,1665,65,84,25,94,94,28,247379,79.97089956713106,109924.0
w4RwGzfiuco=,2024-06-28,348.2121212121212,317.53846153846155,391.95238095238096,22982.0,20640.0,32924.0,76546.0,635,757,1272,115,69,65,115,115,65,207938,171.65103336555796,131392.0
7EVL1z2EMes=,2024-06-27,1569.3082191780825,596.8453608247422,1928.34375,229119.0,57894.0,61707.0,348720.0,1955,1348,2555,140,114,28,152,152,30,498912,43.06951135581556,150192.0
tQiQ2flLO3A=,2024-06-16,552.2,411.8285714285714,906.0714285714286,52459.0,28828.0,50740.0,132027.0,1028,944,1468,110,116,79,110,110,48,287384,117.67062797761064,155357.0
Xhiy4It0uX0=,2024-06-18,937.5352112676056,740.1386861313869,1147.972972972973,133130.0,101399.0,84950.0,319479.0,1827,1867,2474,137,164,17,199,199,21,598545,87.35034227601814,279066.0
gXkvr7EBZNk=,2024-06-10,1108.478723404255,613.7142857142857,1117.25,104197.0,68736.0,40221.0,213154.0,2365,899,2798,104,128,26,148,148,30,433780,103.50544676618783,220626.0
HTphG+i+Oxw=,2024-06-24,525.6944444444445,271.27450980392155,433.0373831775701,18925.0,13835.0,46335.0,79095.0,907,486,1293,49,27,78,66,66,106,158419,100.28952525444086,79324.0
fqUzlFl9peQ=,2024-06-24,248.5,633.4583333333334,641.4237288135594,16401.0,60812.0,37844.0,115057.0,635,1171,1207,73,77,31,113,113,45,173939,51.17637344968146,58882.0
R7XxH9lOyBk=,2024-06-19,693.4651162790698,403.4651162790698,636.7586206896551,89457.0,52047.0,18466.0,159970.0,1199,1009,1495,125,115,30,137,137,33,310760,94.2614240170032,150790.0
Y3QAXJFpuNI=,2024-06-11,618.4821428571429,466.68333333333334,720.0,69270.0,56002.0,24480.0,149752.0,1514,824,1665,104,115,3,154,154,4,257211,71.75797318232812,107459.0
fo90GhP+7l0=,2024-06-22,328.13953488372096,555.6923076923077,545.969696969697,14110.0,65016.0,36034.0,115160.0,527,1821,1956,42,76,60,117,117,93,277890,141.30774574505037,162730.0
uNWYEmhLIzs=,2024-06-16,585.4029850746268,675.0909090909091,706.5168539325842,39222.0,44556.0,62880.0,146658.0,894,1080,1610,93,92,66,102,102,72,288762,96.8948165118848,142104.0
Zpahm4/WAX0=,2024-06-17,436.4558823529411,892.9583333333334,1046.4871794871794,59358.0,107155.0,40813.0,207326.0,1391,1895,2104,109,103,38,145,145,50,426756,105.83814861618899,219430.0
Cy5tMNyU+jo=,2024-06-02,400.9633027522936,266.54918032786884,718.9285714285714,43705.0,32519.0,30195.0,106419.0,1305,1471,1764,120,108,37,135,135,41,380736,257.7706988413723,274317.0
YFcTNtziW50=,2024-06-13,315.52777777777777,572.9354838709677,514.3684210526316,22718.0,35522.0,39092.0,97332.0,851,932,1221,88,94,23,137,137,33,190579,95.80302469896847,93247.0
EfHDUki8wXM=,2024-06-30,667.1818181818181,828.9473684210526,512.1034482758621,44034.0,31500.0,44553.0,120087.0,974,1699,1765,85,82,50,111,111,65,310358,158.44429455311567,190271.0
+zKn+TOYt1k=,2024-06-10,505.93706293706293,472.92561983471074,431.3684210526315,72349.0,57224.0,16392.0,145965.0,1106,1471,1619,130,119,35,145,145,39,375494,157.2493405953482,229529.0
ySSsfyyIJmo=,2024-06-24,252.0857142857143,855.5,741.3684210526316,26469.0,83839.0,28172.0,138480.0,772,1581,2233,70,87,37,111,111,47,274208,98.01270941652224,135728.0
2p33m5MTvw4=,2024-06-07,562.0666666666667,472.3333333333333,735.0,75879.0,56680.0,16170.0,148729.0,1245,742,1469,107,88,25,143,143,33,235236,58.16417779989108,86507.0
fI03rQy/F0E=,2024-06-18,626.5441176470588,354.84615384615387,972.3076923076924,85210.0,46130.0,37920.0,169260.0,1353,996,1663,118,123,50,128,128,52,365312,115.8289022805152,196052.0
BIjAZRtVZ+0=,2024-06-05,389.77777777777777,246.11214953271028,503.0921052631579,38588.0,26334.0,38235.0,103157.0,1054,937,1250,81,75,62,104,104,80,233149,126.0137460375932,129992.0
Mb3EpRyO/vg=,2024-06-05,615.0,881.2844036697247,519.7297297297297,50430.0,96060.0,19230.0,165720.0,1809,1545,2639,67,78,15,127,127,25,281298,69.74293989862419,115578.0
cM0neiglvBo=,2024-06-20,426.6533333333333,365.9189189189189,850.0,63998.0,54156.0,13600.0,131754.0,896,1235,1322,150,148,0,170,170,0,317180,140.73652412829972,185426.0
uNJeQ8LDNyc=,2024-06-24,407.8648648648648,539.6402877697842,797.2727272727273,45273.0,75010.0,17540.0,137823.0,818,1133,1626,125,120,53,123,123,53,322752,134.17862040443177,184929.0
k9vZAROx2es=,2024-06-07,771.031914893617,355.04938271604937,839.3055555555555,72477.0,28759.0,30215.0,131451.0,1550,905,1655,99,112,0,134,134,0,254810,93.84409399700269,123359.0
Bzhh8mtHtRU=,2024-06-04,937.8333333333334,795.626168224299,1829.0588235294117,50643.0,85132.0,31094.0,166869.0,1537,1486,1733,24,70,28,91,91,37,189432,13.521385038563185,22563.0
pL7/ns9F4Gs=,2024-06-01,489.63963963963965,724.3675213675214,1063.842105263158,54350.0,84751.0,40426.0,179527.0,1200,1757,2104,101,85,18,137,137,25,308417,71.79421479777415,128890.0
wmCEbtehek4=,2024-06-08,665.16,610.0,560.7168141592921,33258.0,14640.0,63361.0,111259.0,951,1094,1550,41,42,84,58,58,116,215139,93.36772755462479,103880.0
cZabAmK+rUU=,2024-06-09,560.1590909090909,337.17241379310343,649.5205479452055,49294.0,29334.0,47415.0,126043.0,1393,864,1544,100,121,55,121,121,55,328764,160.83479447490143,202721.0
yXRLQG6D6hI=,2024-06-28,364.43589743589746,150.0,370.0,14213.0,4650.0,1480.0,20343.0,596,181,643,35,8,28,49,49,40,40312,98.16152976453817,19969.0
Hjk5ul5OwzA=,2024-06-24,598.5042735042736,641.6285714285714,721.1111111111111,70025.0,67371.0,25960.0,163356.0,965,1048,1742,104,107,33,130,130,40,269982,65.2721663116139,106626.0
skaw9iZd6Ls=,2024-06-05,490.8,578.2083333333334,719.1262135922331,31902.0,27754.0,74070.0,133726.0,1201,1136,2223,61,40,57,90,90,84,245412,83.51853790586722,111686.0
zG+xOZ3SSA4=,2024-06-13,677.6868686868687,1083.2948717948718,1156.0,67091.0,168994.0,6936.0,243021.0,1372,2332,3450,96,100,2,161,161,3,371812,52.99583163594915,128791.0
40euBsNAxSg=,2024-06-27,1550.3684210526317,475.9516129032258,1613.5365853658536,147285.0,59018.0,66155.0,272458.0,2444,1282,3259,131,111,7,167,167,9,485279,78.11148874321914,212821.0
x1kmucF6+XE=,2024-06-04,351.5049504950495,363.6517857142857,528.53125,35502.0,40729.0,16913.0,93144.0,777,1284,2030,88,85,47,103,103,55,272926,193.01511637894012,179782.0
yXRLQG6D6hI=,2024-06-13,395.88235294117646,153.23529411764707,397.0,20190.0,5210.0,3970.0,29370.0,596,181,643,42,11,30,52,52,37,46313,57.68811712631937,16943.0
T/6Wi47KSgk=,2024-06-27,1508.3620689655172,702.6576576576576,1195.8076923076924,174970.0,77995.0,31091.0,284056.0,1955,778,2346,94,111,16,138,138,20,307664,8.31103726025854,23608.0
Zdzst69JhpI=,2024-06-23,328.9761904761905,446.9886363636364,545.7361111111111,27634.0,39335.0,39293.0,106262.0,612,773,1254,104,104,36,126,126,44,189184,78.03542188176394,82922.0
A3MLIYIv0HI=,2024-06-09,449.0,722.0943396226415,712.3333333333334,4490.0,38271.0,10685.0,53446.0,806,1187,1303,64,50,0,90,90,0,110934,107.56277364068406,57488.0
wTb1c5TFCm0=,2024-06-23,482.1692307692307,681.2333333333333,280.0,31341.0,102185.0,3920.0,137446.0,927,1069,1237,115,112,16,155,155,21,246125,79.07032580067809,108679.0
ccssauVUuh8=,2024-06-20,331.94017094017096,450.3478260869565,848.08,38837.0,51790.0,42404.0,133031.0,978,1385,1523,147,138,27,155,155,29,376017,182.65366719035413,242986.0
4p2m8d5InTc=,2024-06-13,452.5869565217391,714.4563106796116,751.1643835616438,41638.0,73589.0,54835.0,170062.0,868,1445,1823,107,119,33,141,141,39,324990,91.1008926156343,154928.0
97RG6JG9M18=,2024-06-11,873.4495412844037,592.8333333333334,862.463768115942,95206.0,60469.0,59510.0,215185.0,1662,1168,1699,116,115,49,134,134,56,410363,90.70241884889747,195178.0
4/39kEsf9nQ=,2024-06-24,606.8067226890756,657.0872483221476,907.5,72210.0,97906.0,21780.0,191896.0,1064,1204,1275,146,154,28,152,152,28,374052,94.92433401425772,182156.0
Kz5ZMq1b97Y=,2024-06-11,373.421568627451,693.8493150684932,893.9615384615385,38089.0,50651.0,46486.0,135226.0,799,1462,1679,101,81,4,152,152,6,205837,52.21702926951918,70611.0
9LtyacKKL8k=,2024-06-23,748.8453608247422,962.8275862068964,1220.7333333333331,72638.0,83766.0,54933.0,211337.0,1074,1671,2002,101,83,16,136,136,22,279199,32.11079933944364,67862.0
wCP8wq0OqwQ=,2024-06-04,107.57575757575758,267.55263157894734,313.25,3550.0,10167.0,3759.0,17476.0,253,672,738,35,40,12,69,69,21,44591,155.1556420233463,27115.0
RWYb1+7vyms=,2024-06-17,831.7647058823529,358.3333333333333,602.5,28280.0,6450.0,31330.0,66060.0,1259,559,1423,44,38,31,53,53,37,120751,82.78988798062367,54691.0
itEcZvJKPt8=,2024-06-13,561.2962962962963,482.00892857142856,850.6862745098039,60620.0,53985.0,43385.0,157990.0,1837,1104,1871,109,115,25,145,145,31,373968,136.70358883473637,215978.0
/KrxMK18TcE=,2024-06-25,497.9352517985611,487.8918918918919,986.16,69213.0,54156.0,24654.0,148023.0,946,1304,1554,94,103,22,145,145,31,257424,73.90810887497213,109401.0
y64bcm3DjDk=,2024-06-18,366.3440860215054,551.1826923076923,948.7719298245614,34070.0,57323.0,54080.0,145473.0,1246,1482,1801,97,96,0,168,168,0,263134,80.8816756374035,117661.0
mswH+5tRFTw=,2024-06-10,630.4322033898305,336.17910447761193,765.75,74391.0,45048.0,3063.0,122502.0,1746,981,1807,99,121,64,102,102,64,388564,217.18992342982156,266062.0
BVKOQ2vZUGM=,2024-06-07,582.9090909090909,706.675,497.7464788732394,32060.0,56534.0,35340.0,123934.0,1215,2569,3388,77,66,18,128,128,30,324093,161.50451046524762,200159.0
iUSRyVsUBxQ=,2024-06-26,810.4347826086956,1030.3174603174602,1772.5,74560.0,64910.0,63810.0,203280.0,1447,2034,2948,88,80,11,117,117,15,322484,58.64029909484455,119204.0
fHXC8L6Bwew=,2024-06-19,752.8396946564885,373.3858267716536,836.7586206896551,98622.0,47420.0,24266.0,170308.0,1878,969,2365,113,120,26,141,141,31,389984,128.98748150409847,219676.0
J1ZU1+JbkPw=,2024-06-21,977.279411764706,700.1884057971015,857.2727272727273,66455.0,96626.0,18860.0,181941.0,3019,1031,3150,130,115,0,164,164,0,511035,180.87951588701833,329094.0
bXT9z2lg1lI=,2024-06-18,329.15,359.3196721311475,559.0,39498.0,43837.0,15652.0,98987.0,1166,980,1514,97,105,46,111,111,49,285646,188.56920605736107,186659.0
irJbJpwMjEQ=,2024-06-11,711.75,339.1904761904762,467.37704918032784,14235.0,7123.0,28510.0,49868.0,1053,568,1153,52,20,46,49,49,46,115995,132.60407475735943,66127.0
3+zxcjfmCPM=,2024-06-30,394.20454545454544,401.85833333333335,702.25,52035.0,48223.0,11236.0,111494.0,959,1008,1511,140,130,20,154,154,22,295520,165.05462177336898,184026.0
bCl4I3AtNhA=,2024-06-06,604.23,822.0909090909091,509.76,60423.0,72344.0,25488.0,158255.0,1622,1433,1947,88,107,14,140,140,18,323325,104.30634103187893,165070.0
kJZaLtxXyW8=,2024-06-24,1031.4130434782608,400.8152173913044,1114.642857142857,94890.0,36875.0,62420.0,194185.0,1897,912,2205,115,118,14,161,161,19,356641,83.66042691248037,162456.0
Ysk7bTesZRo=,2024-06-11,347.89285714285717,717.1007751937984,1458.3076923076924,29223.0,92506.0,37916.0,159645.0,1002,1715,2254,86,97,34,117,117,41,329163,106.18434651883868,169518.0
itVHhPGrA/8=,2024-06-26,448.53636363636366,756.1567164179105,969.391304347826,49339.0,101325.0,44592.0,195256.0,1422,1806,2108,124,118,15,178,178,22,421056,115.64305322243618,225800.0
3jJgQSacV54=,2024-06-04,434.1904761904762,364.2,551.152,9118.0,5463.0,68894.0,83475.0,981,1016,1185,57,41,54,81,81,77,161563,93.5465708295897,78088.0
jvLZ7UdhTZ8=,2024-06-02,427.40983606557376,397.0,399.08045977011494,26072.0,27393.0,34720.0,88185.0,1130,936,1480,57,59,74,73,73,91,229154,159.85598457787606,140969.0
xmViZT05o6Q=,2024-06-15,376.3307086614173,995.5205479452056,879.4,47794.0,145346.0,4397.0,197537.0,744,1913,2178,110,102,16,138,138,20,311814,57.850934255354694,114277.0
4vAUwNywfX4=,2024-06-15,627.5,336.155737704918,1791.92,82830.0,41011.0,44798.0,168639.0,2006,912,2337,129,121,14,159,159,17,401844,138.28651735363707,233205.0
SsH+4i8SP0w=,2024-06-17,322.7674418604651,683.8039215686274,612.6153846153846,27758.0,69748.0,39820.0,137326.0,866,1259,1684,102,85,53,115,115,59,284599,107.24334794576409,147273.0
9SaRFYJX0B0=,2024-06-29,695.6769230769231,627.6814814814815,1243.6666666666667,90438.0,84737.0,14924.0,190099.0,1359,1214,1598,116,111,0,158,158,0,292398,53.81353926112183,102299.0
RcKx5ecGN5I=,2024-06-28,399.02255639097746,443.6559139784946,712.0,53070.0,41260.0,14952.0,109282.0,834,852,1022,116,105,26,129,129,29,212776,94.70361084167567,103494.0
kvq0cDI/sWw=,2024-06-05,1139.2857142857142,246.26470588235293,982.0816326530612,111650.0,8373.0,48122.0,168145.0,2422,492,2618,121,45,27,155,155,34,385888,129.49716018912247,217743.0
L3rCsStn9/U=,2024-06-09,320.8918918918919,301.6,415.3414634146341,11873.0,7540.0,17029.0,36442.0,641,764,767,45,36,40,47,47,42,87029,138.8151034520608,50587.0
PmgEQJFbl3k=,2024-06-20,620.1630434782609,524.0285714285715,594.2407407407408,57055.0,55023.0,32089.0,144167.0,1113,955,1235,113,119,13,166,166,18,255469,77.20352091671464,111302.0
5WKuJPVdk80=,2024-06-11,415.625,779.1479289940828,,63175.0,131676.0,0.0,194851.0,1309,1342,1582,132,133,8,160,160,10,363930,86.77348332828674,169079.0
coegFyeCFXg=,2024-06-17,367.7916666666667,299.9148936170213,695.4285714285714,35308.0,28192.0,24340.0,87840.0,844,895,1309,104,89,45,110,110,48,226336,157.66848816029145,138496.0
NNwegTjnq9I=,2024-06-11,374.685534591195,670.4518072289156,495.75,59575.0,111295.0,1983.0,172853.0,814,895,905,118,111,15,160,160,20,208972,20.895790064389974,36119.0
OMy02S3gO2I=,2024-06-13,693.9342105263158,329.05982905982904,390.4313725490196,52739.0,38500.0,19912.0,111151.0,1050,725,1282,92,101,33,133,133,43,212131,90.8493850707596,100980.0
+vbIV5VunAs=,2024-06-21,434.4698795180723,569.8333333333334,1025.0,36061.0,88894.0,18450.0,143405.0,879,1817,2136,117,121,18,160,160,24,361148,151.83780202921795,217743.0
9LtyacKKL8k=,2024-06-29,506.4466019417476,967.5473684210526,1590.9767441860463,52164.0,91917.0,68412.0,212493.0,1074,1671,2002,108,103,10,145,145,13,308125,45.004776627935975,95632.0
itVHhPGrA/8=,2024-06-02,455.1209677419355,895.384,1201.2456140350878,56435.0,111923.0,68471.0,236829.0,1422,1806,2108,138,109,36,155,155,40,468978,98.02389065528293,232149.0
uieYwV6cD6w=,2024-06-07,773.9509803921569,662.795918367347,1122.9803921568628,78943.0,64954.0,57272.0,201169.0,2015,1353,2216,49,69,18,130,130,34,231980,15.31597810795898,30811.0
dLlgMi4CX+Q=,2024-06-27,982.0118343195268,443.53333333333336,1400.0,165960.0,73183.0,1400.0,240543.0,1317,976,1992,148,153,25,149,149,25,390140,62.19137534661162,149597.0
IapV6lLiVy0=,2024-06-14,529.8583333333333,493.5528455284553,785.65625,63583.0,60707.0,25141.0,149431.0,1395,1040,1816,124,136,23,135,135,23,355148,137.66688304300982,205717.0
riIkj8w23AE=,2024-06-27,758.297619047619,425.3921568627451,870.2564102564103,63697.0,43390.0,33940.0,141027.0,1638,1132,2021,96,94,16,130,130,22,295992,109.8832138526665,154965.0
8DQfkxwgzxg=,2024-06-28,537.0093457943925,867.6,751.1111111111111,57460.0,108450.0,13520.0,179430.0,1279,1221,1456,98,92,19,132,132,26,265338,47.878281223875604,85908.0
0Z0bZT68M/g=,2024-06-04,560.6086956521739,536.0,395.82758620689657,12894.0,3216.0,22958.0,39068.0,1113,842,1760,43,25,47,42,42,47,150516,285.2667144466059,111448.0
x046WARR7hc=,2024-06-15,637.9345794392524,1008.1428571428572,1335.125,68259.0,98798.0,64086.0,231143.0,1300,1667,2629,74,72,72,90,90,88,405512,75.43771604591097,174369.0
UXFtj8VvP8M=,2024-06-10,311.66129032258067,482.7647058823529,669.5,38646.0,49242.0,1339.0,89227.0,1514,1411,2713,129,113,25,132,132,26,422574,373.594315621953,333347.0
yz5AIMVAhgM=,2024-06-14,654.2148760330579,508.1904761904762,883.7142857142857,79160.0,64032.0,30930.0,174122.0,1491,1263,1878,118,107,31,139,139,37,369297,112.09094772630684,195175.0
EpM6kaNpul0=,2024-06-22,553.5340909090909,859.2564102564103,697.5538461538462,48711.0,33511.0,45341.0,127563.0,846,1722,1837,113,66,39,131,131,45,280893,120.19943086945275,153330.0
IuyYxDfcr1c=,2024-06-14,400.07070707070704,724.6101694915254,680.5,39607.0,85504.0,27220.0,152331.0,957,1295,1377,87,87,44,108,108,54,256512,68.39120074049274,104181.0
HICBx8/bXHc=,2024-06-19,1032.5426356589148,679.189024390244,1279.6666666666667,133198.0,111387.0,23034.0,267619.0,1631,1992,2136,140,154,13,170,170,14,562876,110.32736838565273,295257.0
+CO8AwlMFPc=,2024-06-21,776.4846153846154,629.6567164179105,395.8,100943.0,42187.0,1979.0,145109.0,1067,1465,1647,160,152,4,172,172,4,399988,175.64658291353396,254879.0
eMAx15uZUjc=,2024-06-19,479.2,569.6438356164383,837.9090909090909,76672.0,83168.0,18434.0,178274.0,1634,1346,2039,146,114,43,146,146,43,479685,169.07176593333858,301411.0
88/fA6gQB+w=,2024-06-08,463.76,498.7941176470589,358.86725663716817,23188.0,16959.0,40552.0,80699.0,959,1240,1318,50,50,80,65,65,103,215390,166.90541394564988,134691.0
TbQ19OLrZis=,2024-06-21,505.9389312977099,486.7826086956522,775.0,66278.0,55980.0,21700.0,143958.0,990,787,1324,121,127,42,126,126,42,274560,90.72229400241737,130602.0
QwPsCVC6Ubg=,2024-06-28,1803.4205607476636,679.1627906976744,1537.3387096774193,192966.0,58408.0,95315.0,346689.0,2085,917,2387,97,106,18,147,147,25,342413,-1.2333820801929107,-4276.0
tWfbgff9jic=,2024-06-22,1791.5625,277.655737704918,1640.3030303030305,200655.0,16937.0,54130.0,271722.0,2437,1203,3509,104,98,34,133,133,43,490648,80.56984712316265,218926.0
M4P7XN+ISOI=,2024-06-11,487.2758620689655,474.43333333333334,647.5344827586207,14131.0,14233.0,37557.0,65921.0,1148,717,1429,43,40,18,63,63,27,103766,57.40962667435263,37845.0
SeEI5/y+Jm8=,2024-06-12,492.57954545454544,1204.3229166666667,725.1016949152543,43347.0,115615.0,42781.0,201743.0,1091,2003,2301,71,87,5,149,149,9,263227,30.4763981897761,61484.0
UBVk00+V4AU=,2024-06-29,456.6194690265487,598.2517006802722,982.7272727272727,51598.0,87943.0,10810.0,150351.0,1194,1381,1595,142,129,0,170,170,0,347697,131.25685895005688,197346.0
+9p7ylmV84w=,2024-06-01,694.8721804511279,414.56140350877195,639.5652173913044,92418.0,47260.0,14710.0,154388.0,1564,1008,2009,108,83,45,112,112,46,342981,122.15521931756355,188593.0
Fkr+lm4DPb0=,2024-06-01,696.6777777777778,150.0,390.875,62701.0,900.0,25016.0,88617.0,1351,327,1450,94,54,67,96,96,68,241802,172.86186623334123,153185.0
bBptvFOhelQ=,2024-06-27,598.2916666666666,770.3617021276596,732.9662921348314,43077.0,72414.0,65234.0,180725.0,1567,1071,2317,63,76,66,98,98,86,333039,84.27943007331581,152314.0
Hqi33upwbA4=,2024-06-07,560.2525252525253,758.5096153846154,777.8723404255319,55465.0,78885.0,36560.0,170910.0,995,1626,1807,99,100,51,105,105,53,353262,106.69475162366157,182352.0
8WdZbIJIjcE=,2024-06-26,901.8666666666668,637.7142857142857,895.2475247524752,67640.0,44640.0,90420.0,202700.0,1579,1324,1625,86,69,73,101,101,85,345775,70.58460779477059,143075.0
FP2phHGdmxM=,2024-06-21,857.0744680851063,379.2328767123288,720.3225806451613,80565.0,27684.0,44660.0,152909.0,1585,820,1612,57,79,53,105,105,71,240561,57.32298295064384,87652.0
/AGpESfz4s4=,2024-06-12,544.8211382113822,435.88235294117646,688.0392156862745,67013.0,51870.0,35090.0,153973.0,1519,878,1828,111,88,24,153,153,33,289745,88.17909633507173,135772.0
xoOmJsFI15A=,2024-06-25,499.57142857142856,683.5909090909091,677.4888888888889,59449.0,60156.0,30487.0,150092.0,995,1626,1807,110,108,61,116,116,64,395285,163.36180475974734,245193.0
uzYHYk9/qs0=,2024-06-01,559.3333333333334,313.3814432989691,325.2054794520548,55374.0,30398.0,23740.0,109512.0,1007,665,1667,77,51,64,98,98,82,218142,99.19460880999343,108630.0
uzYHYk9/qs0=,2024-06-28,820.1525423728814,422.81632653061223,327.504,48389.0,20718.0,40938.0,110045.0,1007,665,1363,86,73,82,95,95,91,246913,124.37457403789358,136868.0
i2WQ7hYnRao=,2024-06-21,586.505376344086,1180.0,874.2923076923076,54545.0,106200.0,56829.0,217574.0,1390,2017,3430,141,120,11,163,163,13,475760,118.66583323375035,258186.0
95LJpZDiYG4=,2024-06-22,744.4864864864865,879.2857142857143,773.1967213114754,27546.0,30775.0,94330.0,152651.0,1392,894,2109,58,44,52,86,86,78,229740,50.50016049681955,77089.0
7UG6qrNQkpU=,2024-06-21,500.28169014084506,702.8571428571429,302.40506329113924,35520.0,9840.0,23890.0,69250.0,854,489,1004,85,49,43,105,105,53,139723,101.76606498194947,70473.0
bn2S/NYcV0Q=,2024-06-25,207.40540540540545,1132.93984962406,1033.2727272727273,7674.0,150681.0,11366.0,169721.0,673,1913,1970,69,100,7,114,114,8,251527,48.20028163868938,81806.0
Y1yHGx/LyM8=,2024-06-01,658.6842105263158,275.7073170731707,735.0,87605.0,11304.0,7350.0,106259.0,1644,496,1926,114,56,0,164,164,0,215192,102.5164927206166,108933.0
RoljB5lwzh8=,2024-06-17,220.0,530.2631578947369,607.5,7260.0,10075.0,21870.0,39205.0,805,1182,1365,32,46,27,56,56,33,116987,198.39816349955365,77782.0
ryEdhSsRqPI=,2024-06-16,1634.8543689320388,947.0192307692308,2342.222222222222,168390.0,98490.0,21080.0,287960.0,1602,1893,2284,89,93,13,116,116,16,348319,20.96089734685373,60359.0
TERxwpkLyTQ=,2024-06-02,260.232,545.2777777777778,567.2631578947369,32529.0,68705.0,21556.0,122790.0,1024,1781,2097,130,128,12,173,173,16,386252,214.56307516898772,263462.0
utvA9sR8JWo=,2024-06-27,874.9662921348314,725.1842105263158,1192.5365853658536,77872.0,55114.0,48894.0,181880.0,1346,1285,1617,77,98,2,155,155,3,232806,27.999780074774577,50926.0
IMOyR+1UFNk=,2024-06-03,265.7142857142857,448.0,415.2941176470589,7440.0,20160.0,14120.0,41720.0,648,675,784,42,42,26,56,56,34,75950,82.0469798657718,34230.0
RamUUAaL76s=,2024-06-23,586.2177419354839,365.8240740740741,573.7058823529412,72691.0,39509.0,9753.0,121953.0,1106,861,2187,87,127,40,134,134,42,293049,140.29667166859363,171096.0
iu2FgnWsmSE=,2024-06-28,374.7070707070707,1105.0,1280.1020408163265,37096.0,102765.0,62725.0,202586.0,990,1940,2359,121,114,13,155,155,17,371617,83.43666393531636,169031.0
AIWZNXjxOpU=,2024-06-24,336.5575221238938,621.9666666666667,756.6428571428571,38031.0,93295.0,21186.0,152512.0,921,1293,1480,122,120,25,153,153,31,304522,99.6708455728074,152010.0
KoN+5Vp+50Y=,2024-06-02,769.1744966442953,666.734693877551,,114607.0,98010.0,0.0,212617.0,1595,1408,1627,164,142,0,186,186,0,461516,117.06448684724175,248899.0
retyiU/pPMk=,2024-06-28,545.4347826086956,817.7073170731708,982.608695652174,75270.0,100578.0,22600.0,198448.0,1132,1387,1726,148,145,24,155,155,25,410075,106.64103442715471,211627.0
leOPAtgtX/A=,2024-06-19,509.1559633027523,468.8928571428572,907.75,55498.0,52516.0,36310.0,144324.0,1543,1009,2136,101,117,45,127,127,49,370016,156.37870347274188,225692.0
xtRJBdk4C8M=,2024-06-13,976.4375,1051.3333333333333,1491.65625,93738.0,145084.0,47733.0,286555.0,1367,1929,2144,118,114,30,142,142,36,445532,55.47870391373384,158977.0
LyTMJmz3vkc=,2024-06-26,429.4864864864865,615.6470588235294,731.7934782608696,31782.0,41864.0,67325.0,140971.0,944,1352,2102,95,76,68,101,101,73,335368,137.89857488419602,194397.0
3LX4QI5k1SU=,2024-06-11,398.17518248175185,675.0735294117648,741.025641025641,54550.0,91810.0,28900.0,175260.0,982,1312,1656,81,90,33,132,132,48,252270,43.940431359123586,77010.0
9LtyacKKL8k=,2024-06-27,667.8591549295775,724.6909090909091,1328.7,47418.0,39858.0,93009.0,180285.0,1074,1671,2002,120,94,11,145,145,13,307976,70.82730121751672,127691.0
RcKx5ecGN5I=,2024-06-30,454.7079646017699,411.8390804597701,754.1612903225806,51382.0,35830.0,23379.0,110591.0,834,852,1022,117,104,27,128,128,30,213780,93.30686945592318,103189.0
8IiPiqlRBWc=,2024-06-13,747.4683544303797,659.95,760.9090909090909,59050.0,52796.0,50220.0,162066.0,1406,1095,1885,99,95,22,133,133,29,284689,75.66238446065184,122623.0
84DfLZSJLGI=,2024-06-11,442.8412698412698,1105.645161290323,1068.6774193548388,27899.0,68550.0,66258.0,162707.0,864,1828,1842,67,89,21,133,133,31,259262,59.342867854486904,96555.0
ay5gKWH9aHI=,2024-06-24,512.0967741935484,615.4193548387096,698.795918367347,15875.0,19078.0,34241.0,69194.0,886,929,1833,67,51,40,76,76,46,180061,160.2263202011735,110867.0
7835DMxOI+U=,2024-06-08,292.3430656934307,528.2105263157895,746.68,40051.0,70252.0,18667.0,128970.0,779,1486,2076,109,112,25,138,138,31,303243,135.12677366829496,174273.0
T+NGIcqgCF4=,2024-06-19,396.4646464646465,1426.5168539325844,1227.65625,39250.0,126960.0,78570.0,244780.0,818,2036,2486,131,105,12,165,165,15,350770,43.30010621782826,105990.0
7Qg8yN+l5N8=,2024-06-27,204.34782608695653,653.7037037037037,,9400.0,35300.0,0.0,44700.0,319,575,729,49,57,25,63,63,27,66631,49.06263982102908,21931.0
KgmijE1feSY=,2024-06-03,375.72857142857146,574.1836734693877,690.0,26301.0,28135.0,40020.0,94456.0,1293,1086,1508,99,93,26,125,125,33,268213,183.9554925044465,173757.0
5iM1EUHRcvU=,2024-06-19,358.712962962963,556.7596899224807,670.3703703703703,38741.0,71822.0,18100.0,128663.0,1114,1191,1568,133,122,38,128,128,38,347478,170.06831800906244,218815.0
NcooG2fmxOc=,2024-06-28,544.4098360655738,744.8188405797101,819.7647058823529,66418.0,102785.0,27872.0,197075.0,1189,1149,1521,108,134,17,154,154,20,308235,56.40492198401624,111160.0
T6GsnSgDgEY=,2024-06-10,165.0,320.0,260.1388888888889,330.0,2560.0,9365.0,12255.0,506,420,716,22,9,36,34,34,55,40688,232.01142390860872,28433.0
k+13kOnhDOI=,2024-06-25,618.237037037037,531.2764227642276,561.8333333333334,83462.0,65347.0,13484.0,162293.0,1132,1190,1379,100,96,0,164,164,0,227440,40.14159575582434,65147.0
0mS8A4+6OPQ=,2024-06-14,298.640625,638.9264705882352,377.125,19113.0,43447.0,30170.0,92730.0,697,1049,1106,70,75,18,123,123,29,147373,58.92699234336245,54643.0
GOaNuTIChQ4=,2024-06-27,565.5405405405405,310.25,526.7948717948718,41850.0,23579.0,20545.0,85974.0,1280,776,1361,93,101,25,127,127,32,231441,169.19882755251587,145467.0
2CikEyATsLw=,2024-06-12,360.45669291338584,386.07643312101914,771.8064516129032,45778.0,60614.0,23926.0,130318.0,896,1192,1415,144,142,8,179,179,10,309608,137.5788455930877,179290.0
9uIWiHmlkSk=,2024-06-16,240.0,573.6666666666666,462.88709677419354,5520.0,17210.0,57398.0,80128.0,529,1634,2109,29,38,71,66,66,123,227172,183.51138178913737,147044.0
CDREUMM0fI4=,2024-06-04,654.0597014925373,325.51428571428573,593.3636363636364,43822.0,22786.0,6527.0,73135.0,1141,529,1623,53,46,18,67,67,23,114021,55.90483352703903,40886.0
1IyJ0A01dd8=,2024-06-16,1116.4651162790697,1043.2432432432431,2228.1012658227846,48008.0,38600.0,176020.0,262628.0,1587,2122,2948,62,44,20,97,97,31,250722,-4.533408471297806,-11906.0
DhUNZ9jykAQ=,2024-06-15,659.5689655172414,1208.378787878788,1330.5333333333333,38255.0,79753.0,59874.0,177882.0,1237,1922,2674,60,66,36,83,83,45,297336,67.15350625695686,119454.0
retyiU/pPMk=,2024-06-30,605.0787878787879,823.0857142857143,1138.571428571429,99838.0,115232.0,7970.0,223040.0,1132,1387,1726,143,140,24,154,154,26,397480,78.21018651362984,174440.0
yz5AIMVAhgM=,2024-06-22,667.7142857142857,308.8181818181818,674.9285714285714,70110.0,33970.0,37796.0,141876.0,1491,1263,1878,112,97,29,140,140,36,343965,142.44058191660324,202089.0
QHImUpEkag0=,2024-06-02,223.38842975206612,248.3018867924528,550.0,27030.0,26320.0,11550.0,64900.0,863,1149,1568,98,79,62,110,110,70,272561,319.97072419106314,207661.0
0aulIAxa5PA=,2024-06-05,426.1375,793.2333333333333,756.4054054054054,34091.0,47594.0,27987.0,109672.0,1138,1893,2063,75,71,27,94,94,34,275454,151.16164563425488,165782.0
Fudu4JldA8g=,2024-06-22,588.1034482758621,766.90625,560.0,17055.0,24541.0,33040.0,74636.0,894,1050,1320,28,33,32,48,48,47,101922,36.55876520713864,27286.0
GLfHLRegmrc=,2024-06-15,308.728813559322,415.5576923076923,,18215.0,21609.0,0.0,39824.0,408,304,421,61,50,20,68,68,22,48508,21.805946163117717,8684.0
jIO7Nn2U0II=,2024-06-02,650.0,720.0,311.53846153846155,20150.0,37440.0,16200.0,73790.0,1122,1292,1353,34,45,31,66,66,45,138231,87.33026155305596,64441.0
BVnTB8CDVV8=,2024-06-30,552.2783505154639,832.3658536585366,1204.7407407407406,53571.0,68254.0,65056.0,186881.0,1064,1761,2025,103,96,35,124,124,42,349523,87.02971409613605,162642.0
6YVxKmN6RrU=,2024-06-08,935.3076923076924,1585.258928571429,1634.7619047619048,121590.0,177549.0,102990.0,402129.0,1491,2338,2730,107,118,57,135,135,65,591031,46.97547304471948,188902.0
gWYJSJt84nI=,2024-06-19,168.63636363636363,716.2790697674419,428.97727272727275,3710.0,30800.0,56625.0,91135.0,368,1280,1366,25,47,91,61,61,119,193666,112.50452625226313,102531.0
Y3QAXJFpuNI=,2024-06-25,644.5486725663717,514.3548387096774,955.7142857142856,72834.0,63780.0,26760.0,163374.0,1514,824,1665,107,115,5,151,151,7,265083,62.25531602335745,101709.0
G8r3D1PtKqs=,2024-06-28,855.9181818181818,806.6545454545454,856.7567567567568,94151.0,88732.0,31700.0,214583.0,2141,1246,3150,82,95,1,150,150,2,297082,38.44619564457576,82499.0
R/aHgbW5WzY=,2024-06-02,350.51851851851853,833.5,604.4067796610169,18928.0,66680.0,35660.0,121268.0,879,1581,2599,52,61,62,86,86,88,303287,150.09648052247914,182019.0
9r/TR7d3nAo=,2024-06-29,301.54761904761904,1089.3368421052633,898.1379310344828,12665.0,103487.0,26046.0,142198.0,594,1698,1976,95,107,6,121,121,7,249972,75.79150199018271,107774.0
eUPHPHlwp0E=,2024-06-11,486.9549549549549,976.0948275862067,1480.1666666666667,54052.0,113227.0,17762.0,185041.0,1353,2365,2903,118,99,0,160,160,0,393789,112.81175523262412,208748.0
UkWhIzr3srU=,2024-06-09,317.8062015503876,450.48571428571427,1081.8809523809523,40997.0,63068.0,45439.0,149504.0,1342,2096,3349,148,136,11,182,182,13,520511,248.15857769691783,371007.0
OACRB0wHzOw=,2024-06-15,438.9423076923077,560.1621621621622,932.9545454545456,45650.0,62178.0,20525.0,128353.0,881,2321,2790,120,110,7,155,155,9,380560,196.49482287130024,252207.0
fuAaN4/XjC4=,2024-06-26,534.0,595.2112676056338,371.2063492063492,36846.0,42260.0,23386.0,102492.0,865,1234,1823,52,51,59,63,63,72,215471,110.23201810873044,112979.0
tQiQ2flLO3A=,2024-06-06,349.4257425742574,384.55454545454546,780.3695652173913,35292.0,42301.0,35897.0,113490.0,1028,944,1468,98,109,58,100,100,58,280288,146.97153934267337,166798.0
BL6odWnQWsM=,2024-06-10,655.2857142857143,621.08,965.625,50457.0,46581.0,23175.0,120213.0,1623,934,2261,105,94,20,102,102,20,298562,148.36082620016137,178349.0
EEc1cL83Iw4=,2024-06-25,301.0,744.8163265306123,727.0,13846.0,72992.0,50890.0,137728.0,761,1573,2191,57,63,73,81,81,93,302419,119.57699233271374,164691.0
GpU7muD32+g=,2024-06-05,1020.7323943661972,557.0752688172043,393.780487804878,72472.0,51808.0,16145.0,140425.0,1460,1096,1841,50,63,39,105,105,65,213847,52.28556168773366,73422.0
aZEoQTQRs2A=,2024-06-07,772.7397260273973,760.0138888888889,1078.090909090909,56410.0,54721.0,11859.0,122990.0,1126,1091,1758,49,44,18,65,65,24,134822,9.620294332872591,11832.0
YzzcWzC8GIs=,2024-06-28,298.3720930232558,383.0769230769231,478.94736842105266,12830.0,24900.0,9100.0,46830.0,589,684,727,35,21,30,48,48,41,56789,21.266282297672433,9959.0
s1Cc9pMQHYU=,2024-06-27,388.7765957446808,410.87719298245617,434.4186046511628,36545.0,23420.0,18680.0,78645.0,983,1190,1243,82,71,22,129,129,35,192442,144.69705639265052,113797.0
77ohOJuCSZ8=,2024-06-30,740.2535211267606,482.975,925.171052631579,52558.0,19319.0,70313.0,142190.0,1426,771,1662,70,40,38,102,102,56,193816,36.30775722624657,51626.0
DlhHA6+hT6k=,2024-06-02,1204.4,332.6666666666667,713.3643410852713,48176.0,5988.0,92024.0,146188.0,2362,524,2698,56,42,60,84,84,90,316160,116.26946124168877,169972.0
zaFiTxZymE4=,2024-06-15,304.83870967741933,406.8181818181818,488.6046511627907,9450.0,4475.0,21010.0,34935.0,296,723,845,19,22,39,32,32,57,54485,55.961070559610704,19550.0
gmINc9ksSw8=,2024-06-03,489.8684210526315,371.8571428571428,353.969696969697,55845.0,20824.0,11681.0,88350.0,1007,696,1271,126,72,46,136,136,50,235460,166.50820599886814,147110.0
5xfWipkd4no=,2024-06-02,442.13698630136986,534.0915032679738,1038.3333333333333,64552.0,81716.0,6230.0,152498.0,770,1166,1821,146,114,35,135,135,35,300609,97.12324096053719,148111.0
cZabAmK+rUU=,2024-06-28,964.5,549.8358208955224,905.0,98379.0,73678.0,32580.0,204637.0,1393,864,1544,104,126,43,131,131,45,320128,56.437007970210665,115491.0
afMkoaUqgT4=,2024-06-25,352.85333333333335,508.5,454.6666666666667,26464.0,29493.0,4092.0,60049.0,473,1139,1303,59,54,8,79,79,11,99837,66.25922163566422,39788.0
H12OqK6uL1E=,2024-06-23,833.195652173913,769.4642857142857,1218.1363636363635,76654.0,64635.0,53598.0,194887.0,1473,1285,2627,78,69,35,123,123,55,295504,51.628379522492516,100617.0
yPEDBw1Mv7Q=,2024-06-08,562.6166666666667,500.6923076923077,700.0,67514.0,45563.0,700.0,113777.0,1064,1782,2407,118,133,40,118,118,40,432108,279.7850180616469,318331.0
HAIYsPWikuw=,2024-06-18,1163.9724137931034,583.7619047619048,1400.0,168776.0,98072.0,1400.0,268248.0,1929,1003,2022,124,139,18,156,156,20,415009,54.71093913095345,146761.0
hbW3CBw2b0c=,2024-06-23,397.7524752475247,432.6470588235294,501.4307692307692,40173.0,44130.0,32593.0,116896.0,1071,2065,2190,119,106,8,165,165,11,363859,211.26728031754723,246963.0
i+O1moeW+f0=,2024-06-15,944.013986013986,536.6538461538462,1072.4,134994.0,41859.0,5362.0,182215.0,2052,1096,2239,110,84,0,170,170,0,317784,74.40057075432868,135569.0
zvXFutNHrS8=,2024-06-28,257.97297297297297,813.2142857142857,430.92105263157896,9545.0,45540.0,49125.0,104210.0,551,1054,1233,40,69,90,75,75,97,205736,97.42443143652241,101526.0
69P2CsXtn7w=,2024-06-02,538.5714285714286,708.1518987341772,762.6142857142858,41470.0,55944.0,53383.0,150797.0,1001,1245,1728,94,81,44,108,108,50,270971,79.69256682825255,120174.0
tG7AtJp+zF8=,2024-06-21,217.875,310.0,423.27868852459017,1743.0,3100.0,25820.0,30663.0,589,585,1118,28,21,46,39,39,65,80205,161.56931807063887,49542.0
Y3QAXJFpuNI=,2024-06-27,628.2403846153846,508.5948275862069,777.75,65337.0,58997.0,31110.0,155444.0,1514,824,1665,107,119,0,158,158,0,260054,67.29754766990041,104610.0
kCv63I95Hw0=,2024-06-18,674.8611111111111,382.0,844.4871794871794,24295.0,9932.0,32935.0,67162.0,1123,684,1618,42,30,32,51,51,38,119462,77.87141538369912,52300.0
eUPHPHlwp0E=,2024-06-17,541.4230769230769,1601.824175824176,1938.9583333333333,42231.0,145766.0,46535.0,234532.0,1353,2365,2903,100,110,0,152,152,0,395450,68.61238551668856,160918.0
f7/V84raljM=,2024-06-25,1107.6966292134832,385.3578947368421,1188.1447368421052,98585.0,36609.0,90299.0,225493.0,2287,1047,3077,110,81,5,181,181,8,351762,55.99686021295561,126269.0
ceAWZbYELGY=,2024-06-24,883.3770491803278,366.59420289855075,930.6666666666666,53886.0,25295.0,80968.0,160149.0,1529,820,1957,82,64,4,151,151,7,185686,15.945775496568821,25537.0
36n8nIZ3HYo=,2024-06-02,235.0,693.2903225806451,504.60526315789474,12455.0,85968.0,19175.0,117598.0,641,1334,1445,83,90,24,145,145,39,207943,76.82528614432218,90345.0
dGcCUyFhAVU=,2024-06-13,464.6216216216216,481.9183673469388,695.8035714285714,34382.0,47228.0,38965.0,120575.0,1716,864,1806,63,106,33,134,134,42,259290,115.044578063446,138715.0
RRYZBJsP1K4=,2024-06-17,490.4918032786885,535.3623188405797,539.4302325581396,29920.0,36940.0,46391.0,113251.0,1727,1062,2095,49,59,29,118,118,58,208036,83.6946252130224,94785.0
BIGq3QNm4WI=,2024-06-15,1106.4202898550725,467.4580152671756,1811.4545454545455,152686.0,61237.0,19926.0,233849.0,2226,956,3170,129,123,13,144,144,14,445952,90.70083686481448,212103.0
SsH+4i8SP0w=,2024-06-06,358.03636363636366,625.4159292035398,585.2727272727273,39384.0,70672.0,32190.0,142246.0,866,1259,1684,92,83,54,110,110,64,275105,93.4008689172279,132859.0
RFLAGg7xy+4=,2024-06-11,624.4025974025974,1235.8926174496644,1694.0,96158.0,184148.0,1694.0,282000.0,1028,1562,2021,131,124,0,158,158,0,328356,16.438297872340428,46356.0
xwTQeA5L5P4=,2024-06-24,490.0,1596.0416666666667,1889.156626506024,23520.0,76610.0,156800.0,256930.0,1017,2276,2743,67,75,75,90,90,90,444564,73.02922975129412,187634.0
8DQfkxwgzxg=,2024-06-29,580.5494505494505,814.5233644859813,856.75,52830.0,87154.0,34270.0,174254.0,1279,1221,1456,90,88,23,126,126,32,256046,46.93837731128123,81792.0
H8JTQ37Grs8=,2024-06-20,571.3936170212766,433.8095238095238,916.3214285714286,53711.0,27330.0,51314.0,132355.0,845,956,1336,110,119,21,146,146,26,234770,77.37901854860036,102415.0
S2Kvp940YLk=,2024-06-28,585.7087378640776,1242.7966101694915,1525.625,60328.0,146650.0,24410.0,231388.0,1236,1362,1508,108,101,0,176,176,0,271050,17.140906183553167,39662.0
UyzWG7liBMo=,2024-06-26,1138.7313432835822,761.5975609756098,1741.2117647058824,76295.0,62451.0,148003.0,286749.0,2338,658,2859,86,86,6,161,161,11,274810,-4.163571625358763,-11939.0
tzYTDh3PPGw=,2024-06-21,462.69565217391306,500.51666666666665,969.8548387096774,53210.0,60062.0,60131.0,173403.0,777,1043,1223,110,118,56,125,125,59,277032,59.76194183491636,103629.0
AmpfL/oWHEQ=,2024-06-25,594.9587628865979,535.0,846.5217391304348,57711.0,47080.0,38940.0,143731.0,1171,1358,1460,102,106,37,117,117,41,317410,120.83614529920477,173679.0
VW9KcZP7xz8=,2024-06-01,1080.2608695652175,415.0315789473684,1518.5882352941176,149076.0,39428.0,25816.0,214320.0,2437,1203,3509,149,110,8,169,169,9,523515,144.2679171332587,309195.0
Faz65ORtVSU=,2024-06-19,1508.075,516.9553571428571,3583.6111111111113,180969.0,57899.0,129010.0,367878.0,2712,1415,3415,88,92,32,117,117,41,478116,29.965912612333433,110238.0
6rAF8OWmwaA=,2024-06-20,353.2323232323232,254.07766990291265,430.53846153846155,34970.0,26170.0,5597.0,66737.0,1045,910,1107,72,60,34,111,111,53,167478,150.9522453811229,100741.0
oGu6Fh708xs=,2024-06-18,614.3055555555555,761.3484848484849,1213.9204545454545,44230.0,50249.0,106825.0,201304.0,1207,1791,3000,56,83,34,123,123,51,318245,58.091741843182454,116941.0
q9GIW8lOE4Y=,2024-06-28,2082.546391752577,542.4202898550725,1522.2777777777778,202007.0,37427.0,82203.0,321637.0,2365,1043,2941,112,124,12,150,150,14,429504,33.53687542167101,107867.0
pCAG5xeZ3tc=,2024-06-28,926.15503875969,700.5185185185185,1062.9411764705883,119474.0,94570.0,18070.0,232114.0,2373,1626,2556,104,125,0,158,158,0,450042,93.88834796694726,217928.0
pZvEtcc9/SQ=,2024-06-04,815.5932203389831,617.5342465753424,626.1320754716982,48120.0,45080.0,66370.0,159570.0,1587,981,1759,101,76,60,113,113,67,340383,113.31265275427711,180813.0
s2yGXHX7Ixo=,2024-06-09,373.3269230769231,260.8,409.6935483870968,38826.0,16952.0,25401.0,81179.0,1192,853,1651,114,107,45,126,126,50,301454,271.34480592271404,220275.0
DLW6IoobIS4=,2024-06-27,349.8045977011494,606.7647058823529,589.1111111111111,30433.0,51575.0,42416.0,124424.0,835,1265,1837,88,85,43,114,114,56,259996,108.95968623416705,135572.0
FOuF1Kv9bYk=,2024-06-10,587.6351351351351,311.0487804878049,553.8222222222222,43485.0,38259.0,24922.0,106666.0,1247,622,1369,114,104,51,123,123,55,276665,159.3750585941162,169999.0
Ysk7bTesZRo=,2024-06-08,353.62068965517244,472.9550561797753,1091.918918918919,30765.0,42093.0,40401.0,113259.0,1002,1715,2254,85,101,33,119,119,39,332767,193.810646394547,219508.0
WxTT56g9Eqc=,2024-06-20,471.53333333333336,1699.2413793103449,2323.3333333333335,70730.0,246390.0,20910.0,338030.0,1460,2394,2849,101,98,0,174,174,0,382072,13.029021092802415,44042.0
6IrXAJuV7m4=,2024-06-15,524.48,378.67105263157896,544.5,78672.0,57558.0,6534.0,142764.0,1399,954,1605,147,142,7,168,168,8,352356,146.81012019836933,209592.0
gJiIwUlZIpU=,2024-06-09,224.044776119403,425.7894736842105,462.9230769230769,15011.0,48540.0,12036.0,75587.0,684,1541,1589,59,98,37,115,115,43,250167,230.96564224006775,174580.0
0Si6SFgmOVk=,2024-06-30,498.1444444444445,476.53731343283584,752.7037037037037,44833.0,31928.0,40646.0,117407.0,1051,1677,2559,102,88,41,121,121,48,359697,206.3675930736668,242290.0
Jea/eaqAHXE=,2024-06-29,483.7643312101911,473.76510067114094,734.5,75951.0,70591.0,14690.0,161232.0,1479,817,1626,143,144,0,184,184,0,329145,104.14371836856206,167913.0
ZI/qcA/A3qA=,2024-06-03,437.5193798449613,362.90909090909093,1090.645161290323,56440.0,19960.0,33810.0,110210.0,1618,958,1638,98,63,31,123,123,39,269696,144.7110062607749,159486.0
coegFyeCFXg=,2024-06-20,303.37404580152673,311.51724137931035,639.3181818181819,39742.0,36136.0,14065.0,89943.0,844,895,1309,109,87,43,122,122,48,226148,151.43479759403178,136205.0
UwhjysXBggs=,2024-06-07,579.3333333333334,779.6896551724138,965.818181818182,66044.0,90444.0,31872.0,188360.0,1783,1549,2058,139,145,0,158,158,0,472442,150.8186451475897,284082.0
g9QYQ9CCT18=,2024-06-26,715.5737704918033,429.1666666666667,983.170731707317,43650.0,30900.0,80620.0,155170.0,2011,1045,2449,77,57,64,102,102,84,371148,139.1879873686924,215978.0
uieYwV6cD6w=,2024-06-09,333.93150684931504,575.7333333333333,689.304347826087,24377.0,51816.0,47562.0,123755.0,2015,1616,2216,63,75,40,107,107,57,336785,172.1384994545675,213030.0
q/HT5qZlz1U=,2024-06-29,790.4237288135594,1019.1634615384615,1528.111111111111,93270.0,105993.0,82518.0,281781.0,1370,1667,2437,115,86,41,130,130,46,400829,42.248412774459595,119048.0
/olZV51cAhI=,2024-06-13,571.25,466.1951219512195,575.4716981132076,50270.0,38228.0,30500.0,118998.0,1426,914,1783,62,71,33,104,104,48,212145,78.27610548076439,93147.0
Tycb04RiX7o=,2024-06-14,366.6666666666667,648.2272727272727,537.0786516853933,25300.0,57044.0,47800.0,130144.0,824,1096,1313,85,106,63,113,113,67,268935,106.64417875583969,138791.0
TvVcoi4miQ4=,2024-06-10,450.37373737373736,1132.7407407407406,1268.6507936507935,44587.0,122336.0,79925.0,246848.0,843,2255,3024,104,95,12,158,158,18,338185,37.001312548612916,91337.0
dpXGy/dDAGE=,2024-06-27,730.2515723270441,934.2476190476192,1090.0,116110.0,196192.0,5450.0,317752.0,1592,1706,1995,185,191,0,220,220,0,620366,95.23590724842015,302614.0
zcVLdOxu4Sg=,2024-06-06,607.7,702.35,871.2,79001.0,98329.0,21780.0,199110.0,1281,1666,2101,127,89,30,136,136,32,373991,87.83134950529859,174881.0
qKphYz7026U=,2024-06-30,489.9789473684211,1241.7848101265822,1177.7111111111112,46548.0,98101.0,52997.0,197646.0,1114,1566,1794,118,110,27,130,130,30,352150,78.17208544569584,154504.0
hzABs6D9FgU=,2024-06-20,755.0338983050848,540.8991596638656,969.75,89094.0,64367.0,38790.0,192251.0,1491,1293,1742,127,123,26,134,134,28,393688,104.77812859230902,201437.0
6KUdrXSF4z4=,2024-06-22,381.8809523809524,703.7640449438202,887.1125,32078.0,62635.0,70969.0,165682.0,510,1486,1635,96,99,44,122,122,54,268014,61.764102316485804,102332.0
VRwfAYaMI0E=,2024-06-17,586.2595419847328,1023.7037037037036,1892.6666666666667,76800.0,165840.0,28390.0,271030.0,1721,1602,1853,138,113,0,180,180,0,418524,54.419805925543294,147494.0
+Wfo7u47ypo=,2024-06-24,455.4867256637168,1042.045045045045,823.32,51470.0,115667.0,41166.0,208303.0,846,1731,1928,97,117,13,158,158,18,309653,48.655084180256644,101350.0
Y/oELysUkvg=,2024-06-20,871.5737704918033,254.28225806451613,653.2,106332.0,31531.0,22862.0,160725.0,1654,610,1693,118,120,33,133,133,37,324241,101.73650645512522,163516.0
F5RkBLbr2fc=,2024-06-30,1395.3846153846157,448.79761904761904,840.5,126980.0,37699.0,33620.0,198299.0,2353,1163,2698,78,103,20,127,127,25,357283,80.1738788395302,158984.0
Iq1pqOjoFk4=,2024-06-14,801.6835443037975,969.5945945945946,1406.3766233766237,63333.0,71750.0,108291.0,243374.0,1236,2268,2626,103,99,88,99,99,65,517586,112.6710330602283,274212.0
v2s1a5omn2M=,2024-06-06,224.51351351351352,470.6714285714286,454.09090909090907,33228.0,65894.0,9990.0,109112.0,743,1161,1630,91,120,48,131,131,53,285173,161.35805410953884,176061.0
97CD8iooGwQ=,2024-06-18,515.4545454545455,410.1111111111111,966.5,17010.0,18455.0,115980.0,151445.0,1241,872,1318,86,73,71,99,99,81,263960,74.29429826009442,112515.0
Pubn+4ZRllU=,2024-06-07,691.7890625,666.5862068965517,665.825,88549.0,77324.0,26633.0,192506.0,1272,1245,1357,100,127,30,142,142,33,326025,69.35835766157939,133519.0
dd5pRVOwm88=,2024-06-22,476.47058823529414,668.9230769230769,707.8863636363636,40500.0,60872.0,62294.0,163666.0,1491,1031,1566,119,121,44,135,135,49,371084,126.73249178204391,207418.0
y3F9TivQ4yM=,2024-06-18,720.5044247787611,445.0457516339869,613.1818181818181,81417.0,68092.0,13490.0,162999.0,1639,1088,2136,108,127,36,137,137,39,392084,140.54380701722096,229085.0
4/39kEsf9nQ=,2024-06-06,280.9913793103448,644.6604938271605,655.483870967742,32595.0,104435.0,20320.0,157350.0,1064,1204,1275,137,160,43,163,163,44,393233,149.9097553225294,235883.0
bCl4I3AtNhA=,2024-06-22,640.1923076923077,795.44,745.0,83225.0,59658.0,11175.0,154058.0,1622,1433,1947,91,96,3,153,153,5,291011,88.89703877760324,136953.0
KDA+Bf/6T2Y=,2024-06-07,436.6666666666667,820.3452380952381,415.8421052631579,27510.0,68909.0,39505.0,135924.0,871,1628,2131,65,85,46,117,117,63,293021,115.57708719578588,157097.0
IapV6lLiVy0=,2024-06-03,608.1986754966888,373.2774193548387,1303.0,91838.0,57858.0,2606.0,152302.0,1395,1040,1506,112,122,23,133,133,25,317758,108.63678743549,165456.0
tH/Yb7ir+DE=,2024-06-13,407.6296296296296,484.2543859649123,629.5901639344262,33018.0,55205.0,38405.0,126628.0,846,1277,1478,106,100,41,127,127,49,277974,119.52016931484349,151346.0
zi3KKw3Arkk=,2024-06-12,220.0,485.42857142857144,401.095890410959,3080.0,50970.0,29280.0,83330.0,318,1135,1480,20,57,87,71,71,109,199815,139.78759150366014,116485.0
nOuTYwL71I0=,2024-06-28,545.6754385964912,577.7094017094017,602.0769230769231,62207.0,67592.0,23481.0,153280.0,1098,950,1417,142,142,50,142,142,44,353164,130.4044885177453,199884.0
qMdPIcvHxmY=,2024-06-01,635.1260504201681,340.295652173913,1032.3055555555557,75580.0,39134.0,37163.0,151877.0,1479,1993,2173,121,126,6,180,180,9,443115,191.75912086754414,291238.0
jJqPVxbZt0c=,2024-06-23,478.6140350877193,909.4745762711864,1407.179487179487,54562.0,107318.0,54880.0,216760.0,1411,1381,1871,114,112,28,127,127,31,367914,69.73334563572615,151154.0
4/39kEsf9nQ=,2024-06-10,652.3157894736842,630.8055555555555,702.7272727272727,61970.0,113545.0,7730.0,183245.0,1064,1204,1275,143,150,37,166,166,41,379927,107.33280580643401,196682.0
TpjRdVLvI1g=,2024-06-13,350.1818181818182,370.4761904761905,431.8648648648648,7704.0,7780.0,15979.0,31463.0,707,599,746,28,21,30,43,43,46,54755,74.02981279598258,23292.0
tG7AtJp+zF8=,2024-06-14,131.96296296296296,310.0,476.12,3563.0,310.0,23806.0,27679.0,589,585,1118,27,21,51,36,36,68,85206,207.8362657610463,57527.0
IMOyR+1UFNk=,2024-06-09,164.6875,434.4230769230769,407.6923076923077,5270.0,22590.0,10600.0,38460.0,648,675,784,43,56,33,57,57,33,91536,138.003120124805,53076.0
L+hPoa0kYfM=,2024-06-05,297.12396694214874,533.4557823129252,690.952380952381,35952.0,78418.0,14510.0,128880.0,1067,1416,1613,148,129,0,176,176,0,340580,164.26132836747362,211700.0
D6mfKcSL/ag=,2024-06-10,658.5636363636364,790.1818181818181,1413.0,36221.0,43460.0,5652.0,85333.0,1366,1452,1703,70,53,0,89,89,0,172576,102.2382899933203,87243.0
tQpR6Le1f9A=,2024-06-17,680.5849056603773,435.4590163934426,1380.6410256410256,36071.0,53126.0,53845.0,143042.0,1236,1541,2691,72,96,17,168,168,30,282675,97.61678388165713,139633.0
HuEUssP7CW4=,2024-06-16,798.1,722.2452830188679,485.2592592592592,39905.0,38279.0,13102.0,91286.0,1216,913,1359,41,68,18,71,71,19,136402,49.422693512696355,45116.0
Rb8xR6/xrRQ=,2024-06-11,356.88524590163934,701.1864406779661,739.4621848739496,21770.0,41370.0,87996.0,151136.0,997,1508,1995,45,59,98,71,71,118,329347,117.91432881643023,178211.0
9vuMx030FYc=,2024-06-29,165.0,305.0,296.42857142857144,825.0,915.0,12450.0,14190.0,579,543,632,29,33,33,48,48,47,55566,291.5856236786469,41376.0
/7/Z6+E3n8Q=,2024-06-12,305.48,568.4166666666666,860.2777777777778,7637.0,40926.0,15485.0,64048.0,435,1353,1432,46,84,35,96,96,40,183782,186.9441668748439,119734.0
88d9azlfBTA=,2024-06-15,527.6633663366337,438.1759259259259,1031.0869565217392,53294.0,47323.0,47430.0,148047.0,1382,1271,2207,76,74,34,113,113,51,274124,85.16011807061271,126077.0
DLW6IoobIS4=,2024-06-11,405.2772277227723,409.21176470588233,526.5151515151515,40933.0,34783.0,34750.0,110466.0,835,1265,1837,71,83,56,110,110,74,267152,141.8409284304673,156686.0
KpT1Doow/Mg=,2024-06-02,797.475,620.3388429752066,568.125,31899.0,75061.0,22725.0,129685.0,1688,1372,1957,69,88,5,168,168,10,246993,90.45610517793115,117308.0
X+GCQFDmaMc=,2024-06-16,775.1612903225806,669.6216216216217,943.20987654321,48060.0,49552.0,76400.0,174012.0,2319,1217,3468,74,73,39,103,103,55,395699,127.39753580212859,221687.0
88MdXlaY8/o=,2024-06-02,329.9583333333333,932.8365384615385,988.1686746987951,31676.0,97015.0,82018.0,210709.0,1100,1760,2331,111,92,39,140,140,49,374929,77.93687028081382,164220.0
TnrScZgmgY0=,2024-06-25,358.8529411764706,349.0217391304348,696.4814814814815,36603.0,32110.0,37610.0,106323.0,766,905,1226,109,106,40,127,127,47,228464,114.87730782615238,122141.0
T+NGIcqgCF4=,2024-06-23,399.75308641975306,1442.9347826086955,1336.6666666666667,32380.0,132750.0,96240.0,261370.0,818,2036,2486,138,105,16,161,161,19,366440,40.19971687645866,105070.0
qwqS1Tyf9A8=,2024-06-08,599.9173553719008,481.0204081632653,845.4615384615385,72590.0,47140.0,10991.0,130721.0,1784,939,1835,138,122,44,140,140,44,441490,237.73456445406632,310769.0
AwALMGqdpAI=,2024-06-12,615.2459016393443,484.1948051948052,558.3333333333334,75060.0,74566.0,10050.0,159676.0,948,1826,1836,89,115,0,142,142,0,294362,84.34955785465567,134686.0
pS/Qu/0lgeI=,2024-06-07,454.95348837209303,493.6458333333333,535.48,58689.0,71085.0,13387.0,143161.0,1547,770,1742,112,118,29,141,141,35,314642,119.78192384797535,171481.0
bTNxIbgbJ6A=,2024-06-07,738.1681415929204,614.0463576158941,705.5,83413.0,92721.0,4233.0,180367.0,940,1168,1827,121,89,19,149,149,23,252405,39.939678544301344,72038.0
+y/TjA1b+Ak=,2024-06-02,552.6129032258065,954.5588235294116,1761.3695652173913,51393.0,64910.0,81023.0,197326.0,1644,1978,2430,107,81,0,158,158,0,336126,70.34045184111571,138800.0
aSlfoIEQW3s=,2024-06-11,454.2857142857143,328.27,572.7169811320755,22260.0,32827.0,30354.0,85441.0,1585,1020,2039,70,55,37,103,103,55,242493,183.81339169719456,157052.0
m0LtG4IVn0Y=,2024-06-29,351.30434782608694,250.79787234042553,371.5,16160.0,23575.0,23776.0,63511.0,873,874,1013,69,99,21,139,139,29,168036,164.57778967422968,104525.0
AAThChrENWM=,2024-06-13,488.71794871794873,573.6184210526316,1150.0,76240.0,87190.0,6900.0,170330.0,1975,1610,2369,127,143,16,156,156,18,518959,204.67856513826104,348629.0
NdzjA5dy7OQ=,2024-06-24,463.80434782608694,1142.641304347826,603.0952380952381,42670.0,105123.0,37995.0,185788.0,1271,1722,2317,78,86,50,111,111,65,363080,95.4270458802506,177292.0
MdkuINsMnc8=,2024-06-13,150.0,375.0,387.5,4800.0,1875.0,4650.0,11325.0,133,784,821,19,21,8,64,64,25,25559,125.68653421633553,14234.0
W4esMhbV+oY=,2024-06-09,574.5454545454545,147.94444444444446,465.40983606557376,18960.0,2663.0,28390.0,50013.0,1222,327,1623,56,57,58,89,89,91,181205,262.31579789254795,131192.0
uieYwV6cD6w=,2024-06-24,842.52,722.8875,1018.2258064516128,63189.0,57831.0,63130.0,184150.0,2015,1353,2216,82,74,34,116,116,48,340696,85.01004615802336,156546.0
DTFxlp9b5R8=,2024-06-04,571.2919708029198,454.1578947368421,698.5652173913044,78267.0,34516.0,16067.0,128850.0,1003,990,1172,114,107,0,164,164,0,220272,70.95227008149011,91422.0
aDJC6bpUPP0=,2024-06-13,596.8085106382979,505.5416666666667,1491.4109589041095,56100.0,36399.0,108873.0,201372.0,2174,1362,3147,77,61,20,135,135,35,313420,55.64229386409233,112048.0
hxkqHd/dS2g=,2024-06-03,594.4444444444445,195.06521739130432,786.0,16050.0,8973.0,22794.0,47817.0,1107,830,1256,32,30,6,75,75,14,67860,41.91605495953322,20043.0
xtRJBdk4C8M=,2024-06-17,968.6938775510204,1246.6090909090908,1830.0454545454545,94932.0,137127.0,40261.0,272320.0,1152,1929,2144,110,100,24,135,135,29,371076,36.264688601645126,98756.0
VX7f1dkujJk=,2024-06-18,518.6025641025641,281.3707865168539,761.7741935483871,40451.0,25042.0,70845.0,136338.0,1279,850,1806,90,83,56,113,113,71,286796,110.35661371004414,150458.0
yMzVnsdMBnc=,2024-06-16,371.993006993007,464.06535947712416,582.9677419354839,53195.0,71002.0,18072.0,142269.0,983,1389,1983,140,131,47,141,141,48,412780,190.14050847338493,270511.0
HuEUssP7CW4=,2024-06-06,716.0208333333334,675.6470588235294,420.0,34369.0,57430.0,840.0,92639.0,840,913,1137,46,65,23,66,66,24,124136,33.99971934066646,31497.0
ZRd4XTw3AFc=,2024-06-07,362.88461538461536,894.4528301886793,874.0,37740.0,94812.0,17480.0,150032.0,1041,2078,2191,62,57,40,80,80,52,270628,80.38018556041378,120596.0
Y/MCVKTzNpo=,2024-06-06,608.6986301369863,594.0410958904109,727.329268292683,44435.0,43365.0,59641.0,147441.0,1192,980,1596,86,91,58,96,96,62,284260,92.7957623727457,136819.0
sxQCnQ24xlk=,2024-06-06,471.675,543.6129032258065,580.4878048780488,37734.0,50556.0,23800.0,112090.0,1353,1299,2009,102,86,34,118,118,40,318026,183.7237933803194,205936.0
L3AEY35RJDQ=,2024-06-03,596.0,481.8066666666667,,50660.0,72271.0,0.0,122931.0,1260,1440,1788,123,138,6,151,151,7,364428,196.44922761549162,241497.0
MEmvwYaKH+I=,2024-06-10,489.27884615384613,521.0943396226415,546.5714285714286,50885.0,55236.0,11478.0,117599.0,1166,864,1523,113,109,52,114,114,53,305130,159.46649206200735,187531.0
CMtyvx0wfns=,2024-06-21,525.5342465753424,470.7441860465116,854.4918032786885,38364.0,40484.0,52124.0,130972.0,1108,609,1821,61,62,75,79,79,95,241921,84.71199951134594,110949.0
VRwfAYaMI0E=,2024-06-23,586.1363636363636,1056.5408805031448,1765.4166666666667,77370.0,167990.0,84740.0,330100.0,1721,1602,2217,136,155,1,226,226,1,484583,46.79884883368676,154483.0
n9py0eJ94/E=,2024-06-17,1167.142857142857,392.7,822.8571428571429,89870.0,39270.0,57600.0,186740.0,1744,1244,1995,107,110,36,136,136,44,395268,111.66755917318196,208528.0
B6xSnMbfPgs=,2024-06-29,235.65217391304347,321.5217391304348,387.0689655172414,5420.0,7395.0,22450.0,35265.0,245,931,1319,26,52,35,54,54,36,100947,186.25265844321567,65682.0
mVFWqEsH16o=,2024-06-04,363.2578125,606.7569444444445,860.0384615384615,46497.0,87373.0,22361.0,156231.0,1232,1314,1769,91,99,40,123,123,49,312958,100.3174786053984,156727.0
4/39kEsf9nQ=,2024-06-21,737.3356164383562,659.6780821917808,983.548387096774,107651.0,96313.0,30490.0,234454.0,1064,1204,1275,141,146,36,144,144,36,369300,57.51490697535551,134846.0
80AzW4GaEbg=,2024-06-09,392.4950495049505,404.66336633663366,707.9756097560976,39642.0,40871.0,29027.0,109540.0,1517,2452,3388,140,124,33,133,133,33,617613,463.82417381778345,508073.0
TMaRgVVtHq0=,2024-06-17,733.1532846715329,635.6928571428572,1057.1142857142856,100442.0,88997.0,36999.0,226438.0,1305,1445,1768,126,134,27,150,150,30,405796,79.20843674648248,179358.0
dpXGy/dDAGE=,2024-06-14,704.8079096045198,604.9425287356322,1301.428571428571,124751.0,105260.0,9110.0,239121.0,1592,1706,1995,170,174,0,186,186,0,567484,137.32085429552404,328363.0
DtjcYeUmnSM=,2024-06-07,532.8469387755102,625.6521739130435,644.566037735849,52219.0,43170.0,34162.0,129551.0,835,1078,1314,117,104,20,145,145,25,236087,82.2347955631373,106536.0
MbWpQZhccUE=,2024-06-22,618.0903225806452,354.921568627451,822.4,95804.0,36202.0,20560.0,152566.0,819,766,852,114,110,18,168,168,26,192962,26.477721117418035,40396.0
R/wmOa7qZQk=,2024-06-03,319.3469387755102,332.83673469387753,1312.25,46944.0,48927.0,5249.0,101120.0,922,1169,1635,108,102,15,149,149,21,243339,140.64378955696202,142219.0
biqm+5Xx1Jo=,2024-06-16,473.76666666666665,546.1290322580645,712.9245283018868,28426.0,33860.0,75570.0,137856.0,1058,1104,2375,52,71,86,79,79,95,337650,144.92949164345404,199794.0
NhUn9Rw8IwI=,2024-06-08,905.9230769230768,665.6739130434783,652.5225225225225,35331.0,30621.0,72430.0,138382.0,1716,1238,2268,61,65,38,111,111,65,271330,96.07318870951424,132948.0
jXr97M1wpn4=,2024-06-15,410.0,287.45,231.29850746268656,1640.0,5749.0,15497.0,22886.0,132,160,186,8,24,20,49,49,41,8616,-62.35252993096216,-14270.0
eEJpX8DMO/Y=,2024-06-21,583.2013422818792,449.5302013422819,988.3870967741937,86897.0,66980.0,30640.0,184517.0,1191,1618,2790,143,144,24,158,158,26,470265,154.86269557818522,285748.0
rHKBukrqA5c=,2024-06-13,270.31404958677683,524.1720430107526,499.8076923076923,32708.0,48748.0,25990.0,107446.0,687,955,958,92,122,25,153,153,31,203664,89.55009958490777,96218.0
NHpr1itytzo=,2024-06-03,583.125,507.8787878787879,782.5,46650.0,16760.0,21910.0,85320.0,1022,728,1508,80,53,40,120,120,60,180664,111.7487107360525,95344.0
Qh/+5yBBUNs=,2024-06-29,374.8095238095238,485.0,733.1836734693877,7871.0,17945.0,35926.0,61742.0,758,835,1139,33,45,24,59,59,31,89925,45.646399533542805,28183.0
HICBx8/bXHc=,2024-06-17,1041.7448275862068,1065.301775147929,1244.4,151053.0,180036.0,12444.0,343533.0,1631,1992,2136,145,153,11,172,172,12,564767,64.39963555175194,221234.0
4bNtcsxSN/Y=,2024-06-10,534.1397849462365,292.3188405797101,719.375,49675.0,20170.0,23020.0,92865.0,844,895,1309,74,84,44,104,104,54,195232,110.23205728746028,102367.0
VmIl4oi1R3k=,2024-06-17,437.4418604651163,595.6565656565657,754.3181818181819,37620.0,58970.0,33190.0,129780.0,1314,1104,1874,88,97,37,114,114,44,292058,125.0408383418092,162278.0
uBhwwlhBqps=,2024-06-11,506.35,519.2,1014.5833333333334,50635.0,38940.0,48700.0,138275.0,1505,1751,2340,91,77,20,130,130,28,318582,130.39739649249685,180307.0
GnTOaIsWcUE=,2024-06-08,449.125,383.75,341.7586206896552,7186.0,9210.0,19822.0,36218.0,628,704,767,32,28,25,50,50,39,58983,62.85548622232039,22765.0
L+hPoa0kYfM=,2024-06-24,466.2735849056603,688.75,894.3636363636364,49425.0,68875.0,39352.0,157652.0,1067,1416,1613,134,140,0,176,176,0,341218,116.43746987034736,183566.0
1ZIaM5T9L0k=,2024-06-08,576.3850931677018,407.825,,92798.0,65252.0,0.0,158050.0,1251,1168,1285,146,145,23,156,156,24,381561,141.41790572603608,223511.0
kT73uQT+MVs=,2024-06-15,358.94029850746267,1719.8827586206896,1510.909090909091,48098.0,249383.0,16620.0,314101.0,1091,2559,2977,106,110,28,126,126,32,480492,52.97372501201843,166391.0
U3AUvosq/HI=,2024-06-10,405.6391752577319,596.016129032258,1014.5384615384615,39347.0,73906.0,13189.0,126442.0,1395,1486,2076,99,108,31,127,127,37,362949,187.04781639012353,236507.0
9ON+RGBc+/g=,2024-06-27,377.0093457943925,603.75,442.10526315789474,40340.0,72450.0,25200.0,137990.0,1219,1282,1767,140,120,12,166,166,14,345704,150.52829915211248,207714.0
dLI7mvzBeNY=,2024-06-08,329.5609756097561,653.4018691588785,599.8285714285714,27024.0,69914.0,41988.0,138926.0,935,1574,2194,59,102,35,141,141,48,292503,110.54590213494954,153577.0
SAzMP7vrLyg=,2024-06-25,455.6184210526315,881.295918367347,908.2058823529412,34627.0,86367.0,30879.0,151873.0,528,1613,1635,100,105,45,111,111,47,295740,94.72849025172349,143867.0
4bFLKc/Qey8=,2024-06-10,573.7586206896551,591.25,469.7142857142857,16639.0,18920.0,16440.0,51999.0,838,1019,1320,23,39,58,37,37,58,133537,156.80686167041674,81538.0
73j3LzH+/Ts=,2024-06-14,587.9651162790698,516.0980392156863,798.3333333333334,50565.0,78963.0,16765.0,146293.0,1631,1416,1806,146,143,25,150,150,26,485764,232.04869679342144,339471.0
vdohOe5e+xg=,2024-06-07,547.7184466019418,732.2452830188679,508.8636363636364,56415.0,77618.0,22390.0,156423.0,990,1484,2390,89,98,25,126,126,32,293292,87.49928079630234,136869.0
/um44pu8fVM=,2024-06-24,2752.710144927536,392.0,2839.2714285714287,189937.0,4704.0,198749.0,393390.0,3130,640,3481,66,24,50,100,100,76,395990,0.6609217316149368,2600.0
3X0FxvOXyMY=,2024-06-17,1139.24882629108,1141.9558823529412,2433.793103448276,242660.0,232959.0,141160.0,616779.0,2426,2243,6007,200,171,1,278,278,1,874760,41.82713743496455,257981.0
38at2ZkZ9X0=,2024-06-18,639.8780487804878,598.1274509803922,749.5882352941177,52470.0,61009.0,12743.0,126222.0,1099,1152,1217,65,77,10,108,108,14,172309,36.512652311007585,46087.0
hbW3CBw2b0c=,2024-06-18,424.6666666666667,481.15384615384613,580.1764705882352,40768.0,50040.0,39452.0,130260.0,1071,2065,2190,129,113,9,165,165,11,391214,200.33317979425763,260954.0
/AGpESfz4s4=,2024-06-28,626.8264462809917,638.983870967742,1178.4489795918366,75846.0,79234.0,57744.0,212824.0,1519,878,1828,104,97,30,140,140,40,297982,40.01334435965869,85158.0
EZLCQvQ1/m4=,2024-06-01,765.8198198198198,420.38461538461536,648.7719298245614,85006.0,43720.0,36980.0,165706.0,1369,924,1975,67,44,68,86,86,88,266679,60.93502951009619,100973.0
DucHUDZ6Fo4=,2024-06-15,488.26666666666665,595.3846153846154,981.2553191489362,14648.0,15480.0,46119.0,76247.0,878,802,1310,42,25,41,45,45,44,110636,45.10210237779847,34389.0
Zdzst69JhpI=,2024-06-22,285.5108695652174,350.9076923076923,322.3333333333333,26267.0,22809.0,9670.0,58746.0,612,773,1254,100,99,38,123,123,47,185379,215.56020835461135,126633.0
7AmoJ1/6TEY=,2024-06-07,642.8403361344538,1624.2549019607843,1146.5121951219512,76498.0,165674.0,47007.0,289179.0,886,2423,2630,105,95,0,164,164,0,323215,11.769872639437857,34036.0
Iq1pqOjoFk4=,2024-06-05,550.5833333333334,1074.776595744681,1255.5102040816328,52856.0,101029.0,61520.0,215405.0,1236,2268,2626,106,90,65,99,99,65,497174,130.80894129662727,281769.0
80niKEUE3RI=,2024-06-03,433.38461538461536,912.5808383233532,897.0,67608.0,152401.0,2691.0,222700.0,1272,1631,1886,124,121,28,144,144,32,407887,83.15536596317916,185187.0
WoarK+GWhy0=,2024-06-20,515.7263157894737,1869.2592592592591,1709.764705882353,48994.0,201880.0,145330.0,396204.0,1271,2437,3525,102,119,70,123,123,72,666395,68.19491978879567,270191.0
p3spkNHRfrw=,2024-06-07,584.7916666666666,710.7438016528926,648.5714285714286,56140.0,86000.0,36320.0,178460.0,1225,1346,1711,80,80,62,101,101,79,311762,74.69573013560462,133302.0
zaFiTxZymE4=,2024-06-20,181.02083333333337,473.8888888888889,559.3103448275862,8689.0,21325.0,16220.0,46234.0,296,723,845,18,23,30,39,39,50,47307,2.3208028723450274,1073.0
7xuEKpJwib0=,2024-06-29,420.4929577464789,490.0,672.7654320987655,29855.0,33320.0,54494.0,117669.0,631,860,988,73,71,58,88,88,70,164427,39.73688907018841,46758.0
mfdnbPOZU/w=,2024-06-07,561.6713286713286,695.3219178082192,676.2,80319.0,101517.0,10143.0,191979.0,1047,1040,1686,125,145,33,137,137,33,328993,71.36926434662124,137014.0
3MRrEn2SsAE=,2024-06-30,223.84615384615384,220.0,391.2931034482759,5820.0,220.0,22695.0,28735.0,572,491,634,32,14,24,51,51,38,40394,40.57421263267792,11659.0
7VpDCJuWZhk=,2024-06-30,1109.578431372549,525.7890625,1243.4848484848485,113177.0,67301.0,41035.0,221513.0,1619,1238,1987,123,84,14,158,158,18,330947,49.40296957740629,109434.0
gzjqM81qsL0=,2024-06-12,427.8571428571428,471.1627906976744,549.3939393939394,11980.0,20260.0,72520.0,104760.0,785,811,1860,20,19,90,33,33,147,198509,89.48930889652539,93749.0
MxGuOyurpCQ=,2024-06-15,374.57142857142856,691.0752688172043,482.72058823529414,23598.0,64270.0,32825.0,120693.0,717,1160,1621,69,93,75,100,100,80,278928,131.1053665084139,158235.0
9ON+RGBc+/g=,2024-06-20,398.0729166666667,624.2857142857143,543.1372549019608,38215.0,78660.0,27700.0,144575.0,1219,1282,1478,136,116,14,163,163,17,335188,131.84367975099428,190613.0
8N1gjTuJE8c=,2024-06-27,1203.6153846153843,513.8636363636364,953.3684210526316,15647.0,22610.0,54342.0,92599.0,1776,1064,2159,33,32,58,46,46,82,217878,135.29195779652048,125279.0
b6d29pf57wI=,2024-06-07,740.3986013986014,600.8888888888889,560.0,105877.0,81120.0,4480.0,191477.0,1233,1396,1724,92,103,12,142,142,16,277912,45.14119189249884,86435.0
2ln4kETdX4s=,2024-06-14,501.99029126213594,616.2037037037037,826.2857142857143,51705.0,66550.0,34704.0,152959.0,1132,925,1215,101,89,20,137,137,27,220957,44.45505004609078,67998.0
Hjk5ul5OwzA=,2024-06-30,605.204081632653,702.0728476821192,877.9423076923077,88965.0,106013.0,45653.0,240631.0,965,1048,1429,112,125,46,151,151,56,304814,26.672789457717418,64183.0
fQFzN7JC2WQ=,2024-06-17,653.44,409.0980392156863,836.2278481012659,65344.0,41728.0,66062.0,173134.0,1271,1081,1794,119,131,52,132,132,52,386148,123.03418161655135,213014.0
gssjGOuatBM=,2024-06-09,567.8534482758621,277.63709677419354,805.9459459459459,65871.0,34427.0,29820.0,130118.0,1794,1052,2469,91,128,36,133,133,37,386794,197.2640218878249,256676.0
XLxRYBGLK24=,2024-06-24,321.44444444444446,518.6315789473684,582.1142857142858,28930.0,49270.0,20374.0,98574.0,717,1505,1725,122,122,30,141,141,35,322834,227.50421003510053,224260.0
ojhJ8j7j510=,2024-06-30,1592.0833333333333,497.5147058823529,1758.3823529411766,133735.0,67662.0,59785.0,261182.0,2391,1260,2473,111,72,42,128,128,48,459987,76.11742003660284,198805.0
5xuf/fzw3go=,2024-06-23,1266.7325581395348,291.77966101694915,1409.8039215686274,108939.0,17215.0,71900.0,198054.0,1989,694,2527,88,82,38,123,123,53,327966,65.59423187615498,129912.0
uzYHYk9/qs0=,2024-06-17,580.5,308.8666666666667,352.3529411764706,58050.0,23165.0,29950.0,111165.0,1007,665,1667,96,60,73,106,106,80,258263,132.32402284891828,147098.0
