航班日期,A,B,C,航段,航班号,距离天数,人数
2023-01-01,xIqe+QQIQXQ=,t+kFcRdzL6o=,/M8gHzjxpNU=,t+kFcRdzL6o=-/M8gHzjxpNU=,A4tgQv5cqkc=,29,0
2023-01-01,xIqe+QQIQXQ=,t+kFcRdzL6o=,/M8gHzjxpNU=,xIqe+QQIQXQ=-/M8gHzjxpNU=,A4tgQv5cqkc=,29,0
2023-01-01,xIqe+QQIQXQ=,t+kFcRdzL6o=,/M8gHzjxpNU=,xIqe+QQIQXQ=-t+kFcRdzL6o=,A4tgQv5cqkc=,29,0
2023-01-01,xIqe+QQIQXQ=,t+kFcRdzL6o=,/M8gHzjxpNU=,t+kFcRdzL6o=-/M8gHzjxpNU=,A4tgQv5cqkc=,28,0
2023-01-01,xIqe+QQIQXQ=,t+kFcRdzL6o=,/M8gHzjxpNU=,xIqe+QQIQXQ=-/M8gHzjxpNU=,A4tgQv5cqkc=,28,0
2023-01-01,xIqe+QQIQXQ=,t+kFcRdzL6o=,/M8gHzjxpNU=,xIqe+QQIQXQ=-t+kFcRdzL6o=,A4tgQv5cqkc=,28,0
2023-01-01,xIqe+QQIQXQ=,t+kFcRdzL6o=,/M8gHzjxpNU=,t+kFcRdzL6o=-/M8gHzjxpNU=,A4tgQv5cqkc=,27,0
2023-01-01,xIqe+QQIQXQ=,t+kFcRdzL6o=,/M8gHzjxpNU=,xIqe+QQIQXQ=-/M8gHzjxpNU=,A4tgQv5cqkc=,27,0
2023-01-01,xIqe+QQIQXQ=,t+kFcRdzL6o=,/M8gHzjxpNU=,xIqe+QQIQXQ=-t+kFcRdzL6o=,A4tgQv5cqkc=,27,0
2023-01-01,xIqe+QQIQXQ=,t+kFcRdzL6o=,/M8gHzjxpNU=,t+kFcRdzL6o=-/M8gHzjxpNU=,A4tgQv5cqkc=,26,0
2023-01-01,xIqe+QQIQXQ=,t+kFcRdzL6o=,/M8gHzjxpNU=,xIqe+QQIQXQ=-/M8gHzjxpNU=,A4tgQv5cqkc=,26,0
2023-01-01,xIqe+QQIQXQ=,t+kFcRdzL6o=,/M8gHzjxpNU=,xIqe+QQIQXQ=-t+kFcRdzL6o=,A4tgQv5cqkc=,26,0
2023-01-01,xIqe+QQIQXQ=,t+kFcRdzL6o=,/M8gHzjxpNU=,t+kFcRdzL6o=-/M8gHzjxpNU=,A4tgQv5cqkc=,25,2
2023-01-01,xIqe+QQIQXQ=,t+kFcRdzL6o=,/M8gHzjxpNU=,xIqe+QQIQXQ=-/M8gHzjxpNU=,A4tgQv5cqkc=,25,2
2023-01-01,xIqe+QQIQXQ=,t+kFcRdzL6o=,/M8gHzjxpNU=,xIqe+QQIQXQ=-t+kFcRdzL6o=,A4tgQv5cqkc=,25,2
2023-01-01,xIqe+QQIQXQ=,t+kFcRdzL6o=,/M8gHzjxpNU=,t+kFcRdzL6o=-/M8gHzjxpNU=,A4tgQv5cqkc=,24,2
2023-01-01,xIqe+QQIQXQ=,t+kFcRdzL6o=,/M8gHzjxpNU=,xIqe+QQIQXQ=-/M8gHzjxpNU=,A4tgQv5cqkc=,24,2
2023-01-01,xIqe+QQIQXQ=,t+kFcRdzL6o=,/M8gHzjxpNU=,xIqe+QQIQXQ=-t+kFcRdzL6o=,A4tgQv5cqkc=,24,2
2023-01-01,xIqe+QQIQXQ=,t+kFcRdzL6o=,/M8gHzjxpNU=,t+kFcRdzL6o=-/M8gHzjxpNU=,A4tgQv5cqkc=,23,2
2023-01-01,xIqe+QQIQXQ=,t+kFcRdzL6o=,/M8gHzjxpNU=,xIqe+QQIQXQ=-/M8gHzjxpNU=,A4tgQv5cqkc=,23,3
2023-01-01,xIqe+QQIQXQ=,t+kFcRdzL6o=,/M8gHzjxpNU=,xIqe+QQIQXQ=-t+kFcRdzL6o=,A4tgQv5cqkc=,23,3
2023-01-01,xIqe+QQIQXQ=,t+kFcRdzL6o=,/M8gHzjxpNU=,t+kFcRdzL6o=-/M8gHzjxpNU=,A4tgQv5cqkc=,22,4
2023-01-01,xIqe+QQIQXQ=,t+kFcRdzL6o=,/M8gHzjxpNU=,xIqe+QQIQXQ=-/M8gHzjxpNU=,A4tgQv5cqkc=,22,5
2023-01-01,xIqe+QQIQXQ=,t+kFcRdzL6o=,/M8gHzjxpNU=,xIqe+QQIQXQ=-t+kFcRdzL6o=,A4tgQv5cqkc=,22,5
2023-01-01,xIqe+QQIQXQ=,t+kFcRdzL6o=,/M8gHzjxpNU=,t+kFcRdzL6o=-/M8gHzjxpNU=,A4tgQv5cqkc=,21,6
2023-01-01,xIqe+QQIQXQ=,t+kFcRdzL6o=,/M8gHzjxpNU=,xIqe+QQIQXQ=-/M8gHzjxpNU=,A4tgQv5cqkc=,21,7
2023-01-01,xIqe+QQIQXQ=,t+kFcRdzL6o=,/M8gHzjxpNU=,xIqe+QQIQXQ=-t+kFcRdzL6o=,A4tgQv5cqkc=,21,7
2023-01-01,xIqe+QQIQXQ=,t+kFcRdzL6o=,/M8gHzjxpNU=,t+kFcRdzL6o=-/M8gHzjxpNU=,A4tgQv5cqkc=,20,13
2023-01-01,xIqe+QQIQXQ=,t+kFcRdzL6o=,/M8gHzjxpNU=,xIqe+QQIQXQ=-/M8gHzjxpNU=,A4tgQv5cqkc=,20,14
2023-01-01,xIqe+QQIQXQ=,t+kFcRdzL6o=,/M8gHzjxpNU=,xIqe+QQIQXQ=-t+kFcRdzL6o=,A4tgQv5cqkc=,20,14
2023-01-01,xIqe+QQIQXQ=,t+kFcRdzL6o=,/M8gHzjxpNU=,t+kFcRdzL6o=-/M8gHzjxpNU=,A4tgQv5cqkc=,19,15
2023-01-01,xIqe+QQIQXQ=,t+kFcRdzL6o=,/M8gHzjxpNU=,xIqe+QQIQXQ=-/M8gHzjxpNU=,A4tgQv5cqkc=,19,16
2023-01-01,xIqe+QQIQXQ=,t+kFcRdzL6o=,/M8gHzjxpNU=,xIqe+QQIQXQ=-t+kFcRdzL6o=,A4tgQv5cqkc=,19,16
2023-01-01,xIqe+QQIQXQ=,t+kFcRdzL6o=,/M8gHzjxpNU=,t+kFcRdzL6o=-/M8gHzjxpNU=,A4tgQv5cqkc=,18,22
2023-01-01,xIqe+QQIQXQ=,t+kFcRdzL6o=,/M8gHzjxpNU=,xIqe+QQIQXQ=-/M8gHzjxpNU=,A4tgQv5cqkc=,18,23
2023-01-01,xIqe+QQIQXQ=,t+kFcRdzL6o=,/M8gHzjxpNU=,xIqe+QQIQXQ=-t+kFcRdzL6o=,A4tgQv5cqkc=,18,23
2023-01-01,xIqe+QQIQXQ=,t+kFcRdzL6o=,/M8gHzjxpNU=,t+kFcRdzL6o=-/M8gHzjxpNU=,A4tgQv5cqkc=,17,26
2023-01-01,xIqe+QQIQXQ=,t+kFcRdzL6o=,/M8gHzjxpNU=,xIqe+QQIQXQ=-/M8gHzjxpNU=,A4tgQv5cqkc=,17,27
2023-01-01,xIqe+QQIQXQ=,t+kFcRdzL6o=,/M8gHzjxpNU=,xIqe+QQIQXQ=-t+kFcRdzL6o=,A4tgQv5cqkc=,17,27
2023-01-01,xIqe+QQIQXQ=,t+kFcRdzL6o=,/M8gHzjxpNU=,t+kFcRdzL6o=-/M8gHzjxpNU=,A4tgQv5cqkc=,16,26
2023-01-01,xIqe+QQIQXQ=,t+kFcRdzL6o=,/M8gHzjxpNU=,xIqe+QQIQXQ=-/M8gHzjxpNU=,A4tgQv5cqkc=,16,27
2023-01-01,xIqe+QQIQXQ=,t+kFcRdzL6o=,/M8gHzjxpNU=,xIqe+QQIQXQ=-t+kFcRdzL6o=,A4tgQv5cqkc=,16,27
2023-01-01,xIqe+QQIQXQ=,t+kFcRdzL6o=,/M8gHzjxpNU=,t+kFcRdzL6o=-/M8gHzjxpNU=,A4tgQv5cqkc=,15,26
2023-01-01,xIqe+QQIQXQ=,t+kFcRdzL6o=,/M8gHzjxpNU=,xIqe+QQIQXQ=-/M8gHzjxpNU=,A4tgQv5cqkc=,15,27
2023-01-01,xIqe+QQIQXQ=,t+kFcRdzL6o=,/M8gHzjxpNU=,xIqe+QQIQXQ=-t+kFcRdzL6o=,A4tgQv5cqkc=,15,27
2023-01-01,xIqe+QQIQXQ=,t+kFcRdzL6o=,/M8gHzjxpNU=,t+kFcRdzL6o=-/M8gHzjxpNU=,A4tgQv5cqkc=,14,26
2023-01-01,xIqe+QQIQXQ=,t+kFcRdzL6o=,/M8gHzjxpNU=,xIqe+QQIQXQ=-/M8gHzjxpNU=,A4tgQv5cqkc=,14,27
2023-01-01,xIqe+QQIQXQ=,t+kFcRdzL6o=,/M8gHzjxpNU=,xIqe+QQIQXQ=-t+kFcRdzL6o=,A4tgQv5cqkc=,14,27
2023-01-01,xIqe+QQIQXQ=,t+kFcRdzL6o=,/M8gHzjxpNU=,t+kFcRdzL6o=-/M8gHzjxpNU=,A4tgQv5cqkc=,13,28
2023-01-01,xIqe+QQIQXQ=,t+kFcRdzL6o=,/M8gHzjxpNU=,xIqe+QQIQXQ=-/M8gHzjxpNU=,A4tgQv5cqkc=,13,29
2023-01-01,xIqe+QQIQXQ=,t+kFcRdzL6o=,/M8gHzjxpNU=,xIqe+QQIQXQ=-t+kFcRdzL6o=,A4tgQv5cqkc=,13,29
2023-01-01,xIqe+QQIQXQ=,t+kFcRdzL6o=,/M8gHzjxpNU=,t+kFcRdzL6o=-/M8gHzjxpNU=,A4tgQv5cqkc=,12,29
2023-01-01,xIqe+QQIQXQ=,t+kFcRdzL6o=,/M8gHzjxpNU=,xIqe+QQIQXQ=-/M8gHzjxpNU=,A4tgQv5cqkc=,12,31
2023-01-01,xIqe+QQIQXQ=,t+kFcRdzL6o=,/M8gHzjxpNU=,xIqe+QQIQXQ=-t+kFcRdzL6o=,A4tgQv5cqkc=,12,31
2023-01-01,xIqe+QQIQXQ=,t+kFcRdzL6o=,/M8gHzjxpNU=,t+kFcRdzL6o=-/M8gHzjxpNU=,A4tgQv5cqkc=,11,32
2023-01-01,xIqe+QQIQXQ=,t+kFcRdzL6o=,/M8gHzjxpNU=,xIqe+QQIQXQ=-/M8gHzjxpNU=,A4tgQv5cqkc=,11,34
2023-01-01,xIqe+QQIQXQ=,t+kFcRdzL6o=,/M8gHzjxpNU=,xIqe+QQIQXQ=-t+kFcRdzL6o=,A4tgQv5cqkc=,11,34
2023-01-01,xIqe+QQIQXQ=,t+kFcRdzL6o=,/M8gHzjxpNU=,t+kFcRdzL6o=-/M8gHzjxpNU=,A4tgQv5cqkc=,10,36
2023-01-01,xIqe+QQIQXQ=,t+kFcRdzL6o=,/M8gHzjxpNU=,xIqe+QQIQXQ=-/M8gHzjxpNU=,A4tgQv5cqkc=,10,38
2023-01-01,xIqe+QQIQXQ=,t+kFcRdzL6o=,/M8gHzjxpNU=,xIqe+QQIQXQ=-t+kFcRdzL6o=,A4tgQv5cqkc=,10,38
2023-01-01,xIqe+QQIQXQ=,t+kFcRdzL6o=,/M8gHzjxpNU=,t+kFcRdzL6o=-/M8gHzjxpNU=,A4tgQv5cqkc=,9,38
2023-01-01,xIqe+QQIQXQ=,t+kFcRdzL6o=,/M8gHzjxpNU=,xIqe+QQIQXQ=-/M8gHzjxpNU=,A4tgQv5cqkc=,9,41
2023-01-01,xIqe+QQIQXQ=,t+kFcRdzL6o=,/M8gHzjxpNU=,xIqe+QQIQXQ=-t+kFcRdzL6o=,A4tgQv5cqkc=,9,41
2023-01-01,xIqe+QQIQXQ=,t+kFcRdzL6o=,/M8gHzjxpNU=,t+kFcRdzL6o=-/M8gHzjxpNU=,A4tgQv5cqkc=,8,46
2023-01-01,xIqe+QQIQXQ=,t+kFcRdzL6o=,/M8gHzjxpNU=,xIqe+QQIQXQ=-/M8gHzjxpNU=,A4tgQv5cqkc=,8,49
2023-01-01,xIqe+QQIQXQ=,t+kFcRdzL6o=,/M8gHzjxpNU=,xIqe+QQIQXQ=-t+kFcRdzL6o=,A4tgQv5cqkc=,8,49
2023-01-01,xIqe+QQIQXQ=,t+kFcRdzL6o=,/M8gHzjxpNU=,t+kFcRdzL6o=-/M8gHzjxpNU=,A4tgQv5cqkc=,7,60
2023-01-01,xIqe+QQIQXQ=,t+kFcRdzL6o=,/M8gHzjxpNU=,xIqe+QQIQXQ=-/M8gHzjxpNU=,A4tgQv5cqkc=,7,63
2023-01-01,xIqe+QQIQXQ=,t+kFcRdzL6o=,/M8gHzjxpNU=,xIqe+QQIQXQ=-t+kFcRdzL6o=,A4tgQv5cqkc=,7,63
2023-01-01,xIqe+QQIQXQ=,t+kFcRdzL6o=,/M8gHzjxpNU=,t+kFcRdzL6o=-/M8gHzjxpNU=,A4tgQv5cqkc=,6,62
2023-01-01,xIqe+QQIQXQ=,t+kFcRdzL6o=,/M8gHzjxpNU=,xIqe+QQIQXQ=-/M8gHzjxpNU=,A4tgQv5cqkc=,6,65
2023-01-01,xIqe+QQIQXQ=,t+kFcRdzL6o=,/M8gHzjxpNU=,xIqe+QQIQXQ=-t+kFcRdzL6o=,A4tgQv5cqkc=,6,65
2023-01-01,xIqe+QQIQXQ=,t+kFcRdzL6o=,/M8gHzjxpNU=,t+kFcRdzL6o=-/M8gHzjxpNU=,A4tgQv5cqkc=,5,62
2023-01-01,xIqe+QQIQXQ=,t+kFcRdzL6o=,/M8gHzjxpNU=,xIqe+QQIQXQ=-/M8gHzjxpNU=,A4tgQv5cqkc=,5,65
2023-01-01,xIqe+QQIQXQ=,t+kFcRdzL6o=,/M8gHzjxpNU=,xIqe+QQIQXQ=-t+kFcRdzL6o=,A4tgQv5cqkc=,5,65
2023-01-01,xIqe+QQIQXQ=,t+kFcRdzL6o=,/M8gHzjxpNU=,t+kFcRdzL6o=-/M8gHzjxpNU=,A4tgQv5cqkc=,4,66
2023-01-01,xIqe+QQIQXQ=,t+kFcRdzL6o=,/M8gHzjxpNU=,xIqe+QQIQXQ=-/M8gHzjxpNU=,A4tgQv5cqkc=,4,68
2023-01-01,xIqe+QQIQXQ=,t+kFcRdzL6o=,/M8gHzjxpNU=,xIqe+QQIQXQ=-t+kFcRdzL6o=,A4tgQv5cqkc=,4,68
2023-01-01,xIqe+QQIQXQ=,t+kFcRdzL6o=,/M8gHzjxpNU=,t+kFcRdzL6o=-/M8gHzjxpNU=,A4tgQv5cqkc=,3,70
2023-01-01,xIqe+QQIQXQ=,t+kFcRdzL6o=,/M8gHzjxpNU=,xIqe+QQIQXQ=-/M8gHzjxpNU=,A4tgQv5cqkc=,3,73
2023-01-01,xIqe+QQIQXQ=,t+kFcRdzL6o=,/M8gHzjxpNU=,xIqe+QQIQXQ=-t+kFcRdzL6o=,A4tgQv5cqkc=,3,73
2023-01-01,xIqe+QQIQXQ=,t+kFcRdzL6o=,/M8gHzjxpNU=,t+kFcRdzL6o=-/M8gHzjxpNU=,A4tgQv5cqkc=,2,85
2023-01-01,xIqe+QQIQXQ=,t+kFcRdzL6o=,/M8gHzjxpNU=,xIqe+QQIQXQ=-/M8gHzjxpNU=,A4tgQv5cqkc=,2,85
2023-01-01,xIqe+QQIQXQ=,t+kFcRdzL6o=,/M8gHzjxpNU=,xIqe+QQIQXQ=-t+kFcRdzL6o=,A4tgQv5cqkc=,2,85
2023-01-01,xIqe+QQIQXQ=,t+kFcRdzL6o=,/M8gHzjxpNU=,t+kFcRdzL6o=-/M8gHzjxpNU=,A4tgQv5cqkc=,1,90
2023-01-01,xIqe+QQIQXQ=,t+kFcRdzL6o=,/M8gHzjxpNU=,xIqe+QQIQXQ=-/M8gHzjxpNU=,A4tgQv5cqkc=,1,89
2023-01-01,xIqe+QQIQXQ=,t+kFcRdzL6o=,/M8gHzjxpNU=,xIqe+QQIQXQ=-t+kFcRdzL6o=,A4tgQv5cqkc=,1,89
2023-01-01,xIqe+QQIQXQ=,t+kFcRdzL6o=,/M8gHzjxpNU=,t+kFcRdzL6o=-/M8gHzjxpNU=,A4tgQv5cqkc=,0,101
2023-01-01,xIqe+QQIQXQ=,t+kFcRdzL6o=,/M8gHzjxpNU=,xIqe+QQIQXQ=-/M8gHzjxpNU=,A4tgQv5cqkc=,0,100
2023-01-01,xIqe+QQIQXQ=,t+kFcRdzL6o=,/M8gHzjxpNU=,xIqe+QQIQXQ=-t+kFcRdzL6o=,A4tgQv5cqkc=,0,100
2023-01-01,xIqe+QQIQXQ=,t+kFcRdzL6o=,/M8gHzjxpNU=,t+kFcRdzL6o=-/M8gHzjxpNU=,A4tgQv5cqkc=,-1,101
2023-01-01,xIqe+QQIQXQ=,t+kFcRdzL6o=,/M8gHzjxpNU=,xIqe+QQIQXQ=-/M8gHzjxpNU=,A4tgQv5cqkc=,-1,100
2023-01-01,xIqe+QQIQXQ=,t+kFcRdzL6o=,/M8gHzjxpNU=,xIqe+QQIQXQ=-t+kFcRdzL6o=,A4tgQv5cqkc=,-1,100
2023-01-02,xIqe+QQIQXQ=,t+kFcRdzL6o=,/M8gHzjxpNU=,t+kFcRdzL6o=-/M8gHzjxpNU=,A4tgQv5cqkc=,29,0
2023-01-02,xIqe+QQIQXQ=,t+kFcRdzL6o=,/M8gHzjxpNU=,xIqe+QQIQXQ=-/M8gHzjxpNU=,A4tgQv5cqkc=,29,0
2023-01-02,xIqe+QQIQXQ=,t+kFcRdzL6o=,/M8gHzjxpNU=,xIqe+QQIQXQ=-t+kFcRdzL6o=,A4tgQv5cqkc=,29,0
2023-01-02,xIqe+QQIQXQ=,t+kFcRdzL6o=,/M8gHzjxpNU=,t+kFcRdzL6o=-/M8gHzjxpNU=,A4tgQv5cqkc=,28,0
2023-01-02,xIqe+QQIQXQ=,t+kFcRdzL6o=,/M8gHzjxpNU=,xIqe+QQIQXQ=-/M8gHzjxpNU=,A4tgQv5cqkc=,28,0
2023-01-02,xIqe+QQIQXQ=,t+kFcRdzL6o=,/M8gHzjxpNU=,xIqe+QQIQXQ=-t+kFcRdzL6o=,A4tgQv5cqkc=,28,0
2023-01-02,xIqe+QQIQXQ=,t+kFcRdzL6o=,/M8gHzjxpNU=,t+kFcRdzL6o=-/M8gHzjxpNU=,A4tgQv5cqkc=,27,0
2023-01-02,xIqe+QQIQXQ=,t+kFcRdzL6o=,/M8gHzjxpNU=,xIqe+QQIQXQ=-/M8gHzjxpNU=,A4tgQv5cqkc=,27,1
2023-01-02,xIqe+QQIQXQ=,t+kFcRdzL6o=,/M8gHzjxpNU=,xIqe+QQIQXQ=-t+kFcRdzL6o=,A4tgQv5cqkc=,27,1
2023-01-02,xIqe+QQIQXQ=,t+kFcRdzL6o=,/M8gHzjxpNU=,t+kFcRdzL6o=-/M8gHzjxpNU=,A4tgQv5cqkc=,26,0
2023-01-02,xIqe+QQIQXQ=,t+kFcRdzL6o=,/M8gHzjxpNU=,xIqe+QQIQXQ=-/M8gHzjxpNU=,A4tgQv5cqkc=,26,1
2023-01-02,xIqe+QQIQXQ=,t+kFcRdzL6o=,/M8gHzjxpNU=,xIqe+QQIQXQ=-t+kFcRdzL6o=,A4tgQv5cqkc=,26,1
2023-01-02,xIqe+QQIQXQ=,t+kFcRdzL6o=,/M8gHzjxpNU=,t+kFcRdzL6o=-/M8gHzjxpNU=,A4tgQv5cqkc=,25,8
2023-01-02,xIqe+QQIQXQ=,t+kFcRdzL6o=,/M8gHzjxpNU=,xIqe+QQIQXQ=-/M8gHzjxpNU=,A4tgQv5cqkc=,25,9
2023-01-02,xIqe+QQIQXQ=,t+kFcRdzL6o=,/M8gHzjxpNU=,xIqe+QQIQXQ=-t+kFcRdzL6o=,A4tgQv5cqkc=,25,9
2023-01-02,xIqe+QQIQXQ=,t+kFcRdzL6o=,/M8gHzjxpNU=,t+kFcRdzL6o=-/M8gHzjxpNU=,A4tgQv5cqkc=,24,15
2023-01-02,xIqe+QQIQXQ=,t+kFcRdzL6o=,/M8gHzjxpNU=,xIqe+QQIQXQ=-/M8gHzjxpNU=,A4tgQv5cqkc=,24,16
2023-01-02,xIqe+QQIQXQ=,t+kFcRdzL6o=,/M8gHzjxpNU=,xIqe+QQIQXQ=-t+kFcRdzL6o=,A4tgQv5cqkc=,24,16
2023-01-02,xIqe+QQIQXQ=,t+kFcRdzL6o=,/M8gHzjxpNU=,t+kFcRdzL6o=-/M8gHzjxpNU=,A4tgQv5cqkc=,23,26
2023-01-02,xIqe+QQIQXQ=,t+kFcRdzL6o=,/M8gHzjxpNU=,xIqe+QQIQXQ=-/M8gHzjxpNU=,A4tgQv5cqkc=,23,27
2023-01-02,xIqe+QQIQXQ=,t+kFcRdzL6o=,/M8gHzjxpNU=,xIqe+QQIQXQ=-t+kFcRdzL6o=,A4tgQv5cqkc=,23,27
2023-01-02,xIqe+QQIQXQ=,t+kFcRdzL6o=,/M8gHzjxpNU=,t+kFcRdzL6o=-/M8gHzjxpNU=,A4tgQv5cqkc=,22,37
2023-01-02,xIqe+QQIQXQ=,t+kFcRdzL6o=,/M8gHzjxpNU=,xIqe+QQIQXQ=-/M8gHzjxpNU=,A4tgQv5cqkc=,22,36
2023-01-02,xIqe+QQIQXQ=,t+kFcRdzL6o=,/M8gHzjxpNU=,xIqe+QQIQXQ=-t+kFcRdzL6o=,A4tgQv5cqkc=,22,36
2023-01-02,xIqe+QQIQXQ=,t+kFcRdzL6o=,/M8gHzjxpNU=,t+kFcRdzL6o=-/M8gHzjxpNU=,A4tgQv5cqkc=,21,37
2023-01-02,xIqe+QQIQXQ=,t+kFcRdzL6o=,/M8gHzjxpNU=,xIqe+QQIQXQ=-/M8gHzjxpNU=,A4tgQv5cqkc=,21,36
2023-01-02,xIqe+QQIQXQ=,t+kFcRdzL6o=,/M8gHzjxpNU=,xIqe+QQIQXQ=-t+kFcRdzL6o=,A4tgQv5cqkc=,21,36
2023-01-02,xIqe+QQIQXQ=,t+kFcRdzL6o=,/M8gHzjxpNU=,t+kFcRdzL6o=-/M8gHzjxpNU=,A4tgQv5cqkc=,20,37
2023-01-02,xIqe+QQIQXQ=,t+kFcRdzL6o=,/M8gHzjxpNU=,xIqe+QQIQXQ=-/M8gHzjxpNU=,A4tgQv5cqkc=,20,36
2023-01-02,xIqe+QQIQXQ=,t+kFcRdzL6o=,/M8gHzjxpNU=,xIqe+QQIQXQ=-t+kFcRdzL6o=,A4tgQv5cqkc=,20,36
2023-01-02,xIqe+QQIQXQ=,t+kFcRdzL6o=,/M8gHzjxpNU=,t+kFcRdzL6o=-/M8gHzjxpNU=,A4tgQv5cqkc=,19,42
2023-01-02,xIqe+QQIQXQ=,t+kFcRdzL6o=,/M8gHzjxpNU=,xIqe+QQIQXQ=-/M8gHzjxpNU=,A4tgQv5cqkc=,19,41
2023-01-02,xIqe+QQIQXQ=,t+kFcRdzL6o=,/M8gHzjxpNU=,xIqe+QQIQXQ=-t+kFcRdzL6o=,A4tgQv5cqkc=,19,41
2023-01-02,xIqe+QQIQXQ=,t+kFcRdzL6o=,/M8gHzjxpNU=,t+kFcRdzL6o=-/M8gHzjxpNU=,A4tgQv5cqkc=,18,49
2023-01-02,xIqe+QQIQXQ=,t+kFcRdzL6o=,/M8gHzjxpNU=,xIqe+QQIQXQ=-/M8gHzjxpNU=,A4tgQv5cqkc=,18,51
2023-01-02,xIqe+QQIQXQ=,t+kFcRdzL6o=,/M8gHzjxpNU=,xIqe+QQIQXQ=-t+kFcRdzL6o=,A4tgQv5cqkc=,18,51
2023-01-02,xIqe+QQIQXQ=,t+kFcRdzL6o=,/M8gHzjxpNU=,t+kFcRdzL6o=-/M8gHzjxpNU=,A4tgQv5cqkc=,17,49
2023-01-02,xIqe+QQIQXQ=,t+kFcRdzL6o=,/M8gHzjxpNU=,xIqe+QQIQXQ=-/M8gHzjxpNU=,A4tgQv5cqkc=,17,51
2023-01-02,xIqe+QQIQXQ=,t+kFcRdzL6o=,/M8gHzjxpNU=,xIqe+QQIQXQ=-t+kFcRdzL6o=,A4tgQv5cqkc=,17,51
2023-01-02,xIqe+QQIQXQ=,t+kFcRdzL6o=,/M8gHzjxpNU=,t+kFcRdzL6o=-/M8gHzjxpNU=,A4tgQv5cqkc=,16,49
2023-01-02,xIqe+QQIQXQ=,t+kFcRdzL6o=,/M8gHzjxpNU=,xIqe+QQIQXQ=-/M8gHzjxpNU=,A4tgQv5cqkc=,16,51
2023-01-02,xIqe+QQIQXQ=,t+kFcRdzL6o=,/M8gHzjxpNU=,xIqe+QQIQXQ=-t+kFcRdzL6o=,A4tgQv5cqkc=,16,51
2023-01-02,xIqe+QQIQXQ=,t+kFcRdzL6o=,/M8gHzjxpNU=,t+kFcRdzL6o=-/M8gHzjxpNU=,A4tgQv5cqkc=,15,53
2023-01-02,xIqe+QQIQXQ=,t+kFcRdzL6o=,/M8gHzjxpNU=,xIqe+QQIQXQ=-/M8gHzjxpNU=,A4tgQv5cqkc=,15,55
2023-01-02,xIqe+QQIQXQ=,t+kFcRdzL6o=,/M8gHzjxpNU=,xIqe+QQIQXQ=-t+kFcRdzL6o=,A4tgQv5cqkc=,15,55
2023-01-02,xIqe+QQIQXQ=,t+kFcRdzL6o=,/M8gHzjxpNU=,t+kFcRdzL6o=-/M8gHzjxpNU=,A4tgQv5cqkc=,14,53
2023-01-02,xIqe+QQIQXQ=,t+kFcRdzL6o=,/M8gHzjxpNU=,xIqe+QQIQXQ=-/M8gHzjxpNU=,A4tgQv5cqkc=,14,55
2023-01-02,xIqe+QQIQXQ=,t+kFcRdzL6o=,/M8gHzjxpNU=,xIqe+QQIQXQ=-t+kFcRdzL6o=,A4tgQv5cqkc=,14,55
2023-01-02,xIqe+QQIQXQ=,t+kFcRdzL6o=,/M8gHzjxpNU=,t+kFcRdzL6o=-/M8gHzjxpNU=,A4tgQv5cqkc=,13,56
2023-01-02,xIqe+QQIQXQ=,t+kFcRdzL6o=,/M8gHzjxpNU=,xIqe+QQIQXQ=-/M8gHzjxpNU=,A4tgQv5cqkc=,13,58
2023-01-02,xIqe+QQIQXQ=,t+kFcRdzL6o=,/M8gHzjxpNU=,xIqe+QQIQXQ=-t+kFcRdzL6o=,A4tgQv5cqkc=,13,58
2023-01-02,xIqe+QQIQXQ=,t+kFcRdzL6o=,/M8gHzjxpNU=,t+kFcRdzL6o=-/M8gHzjxpNU=,A4tgQv5cqkc=,12,67
2023-01-02,xIqe+QQIQXQ=,t+kFcRdzL6o=,/M8gHzjxpNU=,xIqe+QQIQXQ=-/M8gHzjxpNU=,A4tgQv5cqkc=,12,69
2023-01-02,xIqe+QQIQXQ=,t+kFcRdzL6o=,/M8gHzjxpNU=,xIqe+QQIQXQ=-t+kFcRdzL6o=,A4tgQv5cqkc=,12,69
2023-01-02,xIqe+QQIQXQ=,t+kFcRdzL6o=,/M8gHzjxpNU=,t+kFcRdzL6o=-/M8gHzjxpNU=,A4tgQv5cqkc=,11,69
2023-01-02,xIqe+QQIQXQ=,t+kFcRdzL6o=,/M8gHzjxpNU=,xIqe+QQIQXQ=-/M8gHzjxpNU=,A4tgQv5cqkc=,11,71
2023-01-02,xIqe+QQIQXQ=,t+kFcRdzL6o=,/M8gHzjxpNU=,xIqe+QQIQXQ=-t+kFcRdzL6o=,A4tgQv5cqkc=,11,71
2023-01-02,xIqe+QQIQXQ=,t+kFcRdzL6o=,/M8gHzjxpNU=,t+kFcRdzL6o=-/M8gHzjxpNU=,A4tgQv5cqkc=,10,70
2023-01-02,xIqe+QQIQXQ=,t+kFcRdzL6o=,/M8gHzjxpNU=,xIqe+QQIQXQ=-/M8gHzjxpNU=,A4tgQv5cqkc=,10,71
2023-01-02,xIqe+QQIQXQ=,t+kFcRdzL6o=,/M8gHzjxpNU=,xIqe+QQIQXQ=-t+kFcRdzL6o=,A4tgQv5cqkc=,10,71
2023-01-02,xIqe+QQIQXQ=,t+kFcRdzL6o=,/M8gHzjxpNU=,t+kFcRdzL6o=-/M8gHzjxpNU=,A4tgQv5cqkc=,9,71
2023-01-02,xIqe+QQIQXQ=,t+kFcRdzL6o=,/M8gHzjxpNU=,xIqe+QQIQXQ=-/M8gHzjxpNU=,A4tgQv5cqkc=,9,72
2023-01-02,xIqe+QQIQXQ=,t+kFcRdzL6o=,/M8gHzjxpNU=,xIqe+QQIQXQ=-t+kFcRdzL6o=,A4tgQv5cqkc=,9,72
2023-01-02,xIqe+QQIQXQ=,t+kFcRdzL6o=,/M8gHzjxpNU=,t+kFcRdzL6o=-/M8gHzjxpNU=,A4tgQv5cqkc=,8,72
2023-01-02,xIqe+QQIQXQ=,t+kFcRdzL6o=,/M8gHzjxpNU=,xIqe+QQIQXQ=-/M8gHzjxpNU=,A4tgQv5cqkc=,8,73
2023-01-02,xIqe+QQIQXQ=,t+kFcRdzL6o=,/M8gHzjxpNU=,xIqe+QQIQXQ=-t+kFcRdzL6o=,A4tgQv5cqkc=,8,73
2023-01-02,xIqe+QQIQXQ=,t+kFcRdzL6o=,/M8gHzjxpNU=,t+kFcRdzL6o=-/M8gHzjxpNU=,A4tgQv5cqkc=,7,73
2023-01-02,xIqe+QQIQXQ=,t+kFcRdzL6o=,/M8gHzjxpNU=,xIqe+QQIQXQ=-/M8gHzjxpNU=,A4tgQv5cqkc=,7,72
2023-01-02,xIqe+QQIQXQ=,t+kFcRdzL6o=,/M8gHzjxpNU=,xIqe+QQIQXQ=-t+kFcRdzL6o=,A4tgQv5cqkc=,7,72
2023-01-02,xIqe+QQIQXQ=,t+kFcRdzL6o=,/M8gHzjxpNU=,t+kFcRdzL6o=-/M8gHzjxpNU=,A4tgQv5cqkc=,6,74
2023-01-02,xIqe+QQIQXQ=,t+kFcRdzL6o=,/M8gHzjxpNU=,xIqe+QQIQXQ=-/M8gHzjxpNU=,A4tgQv5cqkc=,6,73
2023-01-02,xIqe+QQIQXQ=,t+kFcRdzL6o=,/M8gHzjxpNU=,xIqe+QQIQXQ=-t+kFcRdzL6o=,A4tgQv5cqkc=,6,73
2023-01-02,xIqe+QQIQXQ=,t+kFcRdzL6o=,/M8gHzjxpNU=,t+kFcRdzL6o=-/M8gHzjxpNU=,A4tgQv5cqkc=,5,71
2023-01-02,xIqe+QQIQXQ=,t+kFcRdzL6o=,/M8gHzjxpNU=,xIqe+QQIQXQ=-/M8gHzjxpNU=,A4tgQv5cqkc=,5,73
2023-01-02,xIqe+QQIQXQ=,t+kFcRdzL6o=,/M8gHzjxpNU=,xIqe+QQIQXQ=-t+kFcRdzL6o=,A4tgQv5cqkc=,5,73
2023-01-02,xIqe+QQIQXQ=,t+kFcRdzL6o=,/M8gHzjxpNU=,t+kFcRdzL6o=-/M8gHzjxpNU=,A4tgQv5cqkc=,4,71
2023-01-02,xIqe+QQIQXQ=,t+kFcRdzL6o=,/M8gHzjxpNU=,xIqe+QQIQXQ=-/M8gHzjxpNU=,A4tgQv5cqkc=,4,73
2023-01-02,xIqe+QQIQXQ=,t+kFcRdzL6o=,/M8gHzjxpNU=,xIqe+QQIQXQ=-t+kFcRdzL6o=,A4tgQv5cqkc=,4,73
2023-01-02,xIqe+QQIQXQ=,t+kFcRdzL6o=,/M8gHzjxpNU=,t+kFcRdzL6o=-/M8gHzjxpNU=,A4tgQv5cqkc=,3,80
2023-01-02,xIqe+QQIQXQ=,t+kFcRdzL6o=,/M8gHzjxpNU=,xIqe+QQIQXQ=-/M8gHzjxpNU=,A4tgQv5cqkc=,3,80
2023-01-02,xIqe+QQIQXQ=,t+kFcRdzL6o=,/M8gHzjxpNU=,xIqe+QQIQXQ=-t+kFcRdzL6o=,A4tgQv5cqkc=,3,80
2023-01-02,xIqe+QQIQXQ=,t+kFcRdzL6o=,/M8gHzjxpNU=,t+kFcRdzL6o=-/M8gHzjxpNU=,A4tgQv5cqkc=,2,99
2023-01-02,xIqe+QQIQXQ=,t+kFcRdzL6o=,/M8gHzjxpNU=,xIqe+QQIQXQ=-/M8gHzjxpNU=,A4tgQv5cqkc=,2,99
2023-01-02,xIqe+QQIQXQ=,t+kFcRdzL6o=,/M8gHzjxpNU=,xIqe+QQIQXQ=-t+kFcRdzL6o=,A4tgQv5cqkc=,2,99
2023-01-02,xIqe+QQIQXQ=,t+kFcRdzL6o=,/M8gHzjxpNU=,t+kFcRdzL6o=-/M8gHzjxpNU=,A4tgQv5cqkc=,1,117
2023-01-02,xIqe+QQIQXQ=,t+kFcRdzL6o=,/M8gHzjxpNU=,xIqe+QQIQXQ=-/M8gHzjxpNU=,A4tgQv5cqkc=,1,116
2023-01-02,xIqe+QQIQXQ=,t+kFcRdzL6o=,/M8gHzjxpNU=,xIqe+QQIQXQ=-t+kFcRdzL6o=,A4tgQv5cqkc=,1,116
2023-01-02,xIqe+QQIQXQ=,t+kFcRdzL6o=,/M8gHzjxpNU=,t+kFcRdzL6o=-/M8gHzjxpNU=,A4tgQv5cqkc=,0,144
2023-01-02,xIqe+QQIQXQ=,t+kFcRdzL6o=,/M8gHzjxpNU=,xIqe+QQIQXQ=-/M8gHzjxpNU=,A4tgQv5cqkc=,0,145
2023-01-02,xIqe+QQIQXQ=,t+kFcRdzL6o=,/M8gHzjxpNU=,xIqe+QQIQXQ=-t+kFcRdzL6o=,A4tgQv5cqkc=,0,145
2023-01-02,xIqe+QQIQXQ=,t+kFcRdzL6o=,/M8gHzjxpNU=,t+kFcRdzL6o=-/M8gHzjxpNU=,A4tgQv5cqkc=,-1,144
2023-01-02,xIqe+QQIQXQ=,t+kFcRdzL6o=,/M8gHzjxpNU=,xIqe+QQIQXQ=-/M8gHzjxpNU=,A4tgQv5cqkc=,-1,145
2023-01-02,xIqe+QQIQXQ=,t+kFcRdzL6o=,/M8gHzjxpNU=,xIqe+QQIQXQ=-t+kFcRdzL6o=,A4tgQv5cqkc=,-1,145
2023-01-04,xIqe+QQIQXQ=,t+kFcRdzL6o=,/M8gHzjxpNU=,t+kFcRdzL6o=-/M8gHzjxpNU=,A4tgQv5cqkc=,29,0
2023-01-04,xIqe+QQIQXQ=,t+kFcRdzL6o=,/M8gHzjxpNU=,xIqe+QQIQXQ=-/M8gHzjxpNU=,A4tgQv5cqkc=,29,8
2023-01-04,xIqe+QQIQXQ=,t+kFcRdzL6o=,/M8gHzjxpNU=,xIqe+QQIQXQ=-t+kFcRdzL6o=,A4tgQv5cqkc=,29,8
2023-01-04,xIqe+QQIQXQ=,t+kFcRdzL6o=,/M8gHzjxpNU=,t+kFcRdzL6o=-/M8gHzjxpNU=,A4tgQv5cqkc=,28,0
2023-01-04,xIqe+QQIQXQ=,t+kFcRdzL6o=,/M8gHzjxpNU=,xIqe+QQIQXQ=-/M8gHzjxpNU=,A4tgQv5cqkc=,28,8
2023-01-04,xIqe+QQIQXQ=,t+kFcRdzL6o=,/M8gHzjxpNU=,xIqe+QQIQXQ=-t+kFcRdzL6o=,A4tgQv5cqkc=,28,8
2023-01-04,xIqe+QQIQXQ=,t+kFcRdzL6o=,/M8gHzjxpNU=,t+kFcRdzL6o=-/M8gHzjxpNU=,A4tgQv5cqkc=,27,1
2023-01-04,xIqe+QQIQXQ=,t+kFcRdzL6o=,/M8gHzjxpNU=,xIqe+QQIQXQ=-/M8gHzjxpNU=,A4tgQv5cqkc=,27,9
2023-01-04,xIqe+QQIQXQ=,t+kFcRdzL6o=,/M8gHzjxpNU=,xIqe+QQIQXQ=-t+kFcRdzL6o=,A4tgQv5cqkc=,27,9
2023-01-04,xIqe+QQIQXQ=,t+kFcRdzL6o=,/M8gHzjxpNU=,t+kFcRdzL6o=-/M8gHzjxpNU=,A4tgQv5cqkc=,26,8
2023-01-04,xIqe+QQIQXQ=,t+kFcRdzL6o=,/M8gHzjxpNU=,xIqe+QQIQXQ=-/M8gHzjxpNU=,A4tgQv5cqkc=,26,14
2023-01-04,xIqe+QQIQXQ=,t+kFcRdzL6o=,/M8gHzjxpNU=,xIqe+QQIQXQ=-t+kFcRdzL6o=,A4tgQv5cqkc=,26,14
2023-01-04,xIqe+QQIQXQ=,t+kFcRdzL6o=,/M8gHzjxpNU=,t+kFcRdzL6o=-/M8gHzjxpNU=,A4tgQv5cqkc=,25,12
2023-01-04,xIqe+QQIQXQ=,t+kFcRdzL6o=,/M8gHzjxpNU=,xIqe+QQIQXQ=-/M8gHzjxpNU=,A4tgQv5cqkc=,25,18
2023-01-04,xIqe+QQIQXQ=,t+kFcRdzL6o=,/M8gHzjxpNU=,xIqe+QQIQXQ=-t+kFcRdzL6o=,A4tgQv5cqkc=,25,18
2023-01-04,xIqe+QQIQXQ=,t+kFcRdzL6o=,/M8gHzjxpNU=,t+kFcRdzL6o=-/M8gHzjxpNU=,A4tgQv5cqkc=,24,13
2023-01-04,xIqe+QQIQXQ=,t+kFcRdzL6o=,/M8gHzjxpNU=,xIqe+QQIQXQ=-/M8gHzjxpNU=,A4tgQv5cqkc=,24,19
2023-01-04,xIqe+QQIQXQ=,t+kFcRdzL6o=,/M8gHzjxpNU=,xIqe+QQIQXQ=-t+kFcRdzL6o=,A4tgQv5cqkc=,24,19
2023-01-04,xIqe+QQIQXQ=,t+kFcRdzL6o=,/M8gHzjxpNU=,t+kFcRdzL6o=-/M8gHzjxpNU=,A4tgQv5cqkc=,23,13
2023-01-04,xIqe+QQIQXQ=,t+kFcRdzL6o=,/M8gHzjxpNU=,xIqe+QQIQXQ=-/M8gHzjxpNU=,A4tgQv5cqkc=,23,19
2023-01-04,xIqe+QQIQXQ=,t+kFcRdzL6o=,/M8gHzjxpNU=,xIqe+QQIQXQ=-t+kFcRdzL6o=,A4tgQv5cqkc=,23,19
2023-01-04,xIqe+QQIQXQ=,t+kFcRdzL6o=,/M8gHzjxpNU=,t+kFcRdzL6o=-/M8gHzjxpNU=,A4tgQv5cqkc=,22,13
2023-01-04,xIqe+QQIQXQ=,t+kFcRdzL6o=,/M8gHzjxpNU=,xIqe+QQIQXQ=-/M8gHzjxpNU=,A4tgQv5cqkc=,22,19
2023-01-04,xIqe+QQIQXQ=,t+kFcRdzL6o=,/M8gHzjxpNU=,xIqe+QQIQXQ=-t+kFcRdzL6o=,A4tgQv5cqkc=,22,19
2023-01-04,xIqe+QQIQXQ=,t+kFcRdzL6o=,/M8gHzjxpNU=,t+kFcRdzL6o=-/M8gHzjxpNU=,A4tgQv5cqkc=,21,13
2023-01-04,xIqe+QQIQXQ=,t+kFcRdzL6o=,/M8gHzjxpNU=,xIqe+QQIQXQ=-/M8gHzjxpNU=,A4tgQv5cqkc=,21,19
2023-01-04,xIqe+QQIQXQ=,t+kFcRdzL6o=,/M8gHzjxpNU=,xIqe+QQIQXQ=-t+kFcRdzL6o=,A4tgQv5cqkc=,21,19
2023-01-04,xIqe+QQIQXQ=,t+kFcRdzL6o=,/M8gHzjxpNU=,t+kFcRdzL6o=-/M8gHzjxpNU=,A4tgQv5cqkc=,20,15
2023-01-04,xIqe+QQIQXQ=,t+kFcRdzL6o=,/M8gHzjxpNU=,xIqe+QQIQXQ=-/M8gHzjxpNU=,A4tgQv5cqkc=,20,22
2023-01-04,xIqe+QQIQXQ=,t+kFcRdzL6o=,/M8gHzjxpNU=,xIqe+QQIQXQ=-t+kFcRdzL6o=,A4tgQv5cqkc=,20,22
2023-01-04,xIqe+QQIQXQ=,t+kFcRdzL6o=,/M8gHzjxpNU=,t+kFcRdzL6o=-/M8gHzjxpNU=,A4tgQv5cqkc=,19,15
2023-01-04,xIqe+QQIQXQ=,t+kFcRdzL6o=,/M8gHzjxpNU=,xIqe+QQIQXQ=-/M8gHzjxpNU=,A4tgQv5cqkc=,19,24
2023-01-04,xIqe+QQIQXQ=,t+kFcRdzL6o=,/M8gHzjxpNU=,xIqe+QQIQXQ=-t+kFcRdzL6o=,A4tgQv5cqkc=,19,24
2023-01-04,xIqe+QQIQXQ=,t+kFcRdzL6o=,/M8gHzjxpNU=,t+kFcRdzL6o=-/M8gHzjxpNU=,A4tgQv5cqkc=,18,15
2023-01-04,xIqe+QQIQXQ=,t+kFcRdzL6o=,/M8gHzjxpNU=,xIqe+QQIQXQ=-/M8gHzjxpNU=,A4tgQv5cqkc=,18,26
2023-01-04,xIqe+QQIQXQ=,t+kFcRdzL6o=,/M8gHzjxpNU=,xIqe+QQIQXQ=-t+kFcRdzL6o=,A4tgQv5cqkc=,18,26
2023-01-04,xIqe+QQIQXQ=,t+kFcRdzL6o=,/M8gHzjxpNU=,t+kFcRdzL6o=-/M8gHzjxpNU=,A4tgQv5cqkc=,17,15
2023-01-04,xIqe+QQIQXQ=,t+kFcRdzL6o=,/M8gHzjxpNU=,xIqe+QQIQXQ=-/M8gHzjxpNU=,A4tgQv5cqkc=,17,28
2023-01-04,xIqe+QQIQXQ=,t+kFcRdzL6o=,/M8gHzjxpNU=,xIqe+QQIQXQ=-t+kFcRdzL6o=,A4tgQv5cqkc=,17,28
2023-01-04,xIqe+QQIQXQ=,t+kFcRdzL6o=,/M8gHzjxpNU=,t+kFcRdzL6o=-/M8gHzjxpNU=,A4tgQv5cqkc=,16,15
2023-01-04,xIqe+QQIQXQ=,t+kFcRdzL6o=,/M8gHzjxpNU=,xIqe+QQIQXQ=-/M8gHzjxpNU=,A4tgQv5cqkc=,16,28
2023-01-04,xIqe+QQIQXQ=,t+kFcRdzL6o=,/M8gHzjxpNU=,xIqe+QQIQXQ=-t+kFcRdzL6o=,A4tgQv5cqkc=,16,28
2023-01-04,xIqe+QQIQXQ=,t+kFcRdzL6o=,/M8gHzjxpNU=,t+kFcRdzL6o=-/M8gHzjxpNU=,A4tgQv5cqkc=,15,15
2023-01-04,xIqe+QQIQXQ=,t+kFcRdzL6o=,/M8gHzjxpNU=,xIqe+QQIQXQ=-/M8gHzjxpNU=,A4tgQv5cqkc=,15,29
2023-01-04,xIqe+QQIQXQ=,t+kFcRdzL6o=,/M8gHzjxpNU=,xIqe+QQIQXQ=-t+kFcRdzL6o=,A4tgQv5cqkc=,15,29
2023-01-04,xIqe+QQIQXQ=,t+kFcRdzL6o=,/M8gHzjxpNU=,t+kFcRdzL6o=-/M8gHzjxpNU=,A4tgQv5cqkc=,14,15
2023-01-04,xIqe+QQIQXQ=,t+kFcRdzL6o=,/M8gHzjxpNU=,xIqe+QQIQXQ=-/M8gHzjxpNU=,A4tgQv5cqkc=,14,30
2023-01-04,xIqe+QQIQXQ=,t+kFcRdzL6o=,/M8gHzjxpNU=,xIqe+QQIQXQ=-t+kFcRdzL6o=,A4tgQv5cqkc=,14,30
2023-01-04,xIqe+QQIQXQ=,t+kFcRdzL6o=,/M8gHzjxpNU=,t+kFcRdzL6o=-/M8gHzjxpNU=,A4tgQv5cqkc=,13,18
2023-01-04,xIqe+QQIQXQ=,t+kFcRdzL6o=,/M8gHzjxpNU=,xIqe+QQIQXQ=-/M8gHzjxpNU=,A4tgQv5cqkc=,13,33
2023-01-04,xIqe+QQIQXQ=,t+kFcRdzL6o=,/M8gHzjxpNU=,xIqe+QQIQXQ=-t+kFcRdzL6o=,A4tgQv5cqkc=,13,33
2023-01-04,xIqe+QQIQXQ=,t+kFcRdzL6o=,/M8gHzjxpNU=,t+kFcRdzL6o=-/M8gHzjxpNU=,A4tgQv5cqkc=,12,20
2023-01-04,xIqe+QQIQXQ=,t+kFcRdzL6o=,/M8gHzjxpNU=,xIqe+QQIQXQ=-/M8gHzjxpNU=,A4tgQv5cqkc=,12,35
2023-01-04,xIqe+QQIQXQ=,t+kFcRdzL6o=,/M8gHzjxpNU=,xIqe+QQIQXQ=-t+kFcRdzL6o=,A4tgQv5cqkc=,12,35
2023-01-04,xIqe+QQIQXQ=,t+kFcRdzL6o=,/M8gHzjxpNU=,t+kFcRdzL6o=-/M8gHzjxpNU=,A4tgQv5cqkc=,11,20
2023-01-04,xIqe+QQIQXQ=,t+kFcRdzL6o=,/M8gHzjxpNU=,xIqe+QQIQXQ=-/M8gHzjxpNU=,A4tgQv5cqkc=,11,35
2023-01-04,xIqe+QQIQXQ=,t+kFcRdzL6o=,/M8gHzjxpNU=,xIqe+QQIQXQ=-t+kFcRdzL6o=,A4tgQv5cqkc=,11,35
2023-01-04,xIqe+QQIQXQ=,t+kFcRdzL6o=,/M8gHzjxpNU=,t+kFcRdzL6o=-/M8gHzjxpNU=,A4tgQv5cqkc=,10,21
2023-01-04,xIqe+QQIQXQ=,t+kFcRdzL6o=,/M8gHzjxpNU=,xIqe+QQIQXQ=-/M8gHzjxpNU=,A4tgQv5cqkc=,10,36
2023-01-04,xIqe+QQIQXQ=,t+kFcRdzL6o=,/M8gHzjxpNU=,xIqe+QQIQXQ=-t+kFcRdzL6o=,A4tgQv5cqkc=,10,36
2023-01-04,xIqe+QQIQXQ=,t+kFcRdzL6o=,/M8gHzjxpNU=,t+kFcRdzL6o=-/M8gHzjxpNU=,A4tgQv5cqkc=,9,18
2023-01-04,xIqe+QQIQXQ=,t+kFcRdzL6o=,/M8gHzjxpNU=,xIqe+QQIQXQ=-/M8gHzjxpNU=,A4tgQv5cqkc=,9,33
2023-01-04,xIqe+QQIQXQ=,t+kFcRdzL6o=,/M8gHzjxpNU=,xIqe+QQIQXQ=-t+kFcRdzL6o=,A4tgQv5cqkc=,9,33
2023-01-04,xIqe+QQIQXQ=,t+kFcRdzL6o=,/M8gHzjxpNU=,t+kFcRdzL6o=-/M8gHzjxpNU=,A4tgQv5cqkc=,8,21
2023-01-04,xIqe+QQIQXQ=,t+kFcRdzL6o=,/M8gHzjxpNU=,xIqe+QQIQXQ=-/M8gHzjxpNU=,A4tgQv5cqkc=,8,36
2023-01-04,xIqe+QQIQXQ=,t+kFcRdzL6o=,/M8gHzjxpNU=,xIqe+QQIQXQ=-t+kFcRdzL6o=,A4tgQv5cqkc=,8,36
2023-01-04,xIqe+QQIQXQ=,t+kFcRdzL6o=,/M8gHzjxpNU=,t+kFcRdzL6o=-/M8gHzjxpNU=,A4tgQv5cqkc=,7,23
2023-01-04,xIqe+QQIQXQ=,t+kFcRdzL6o=,/M8gHzjxpNU=,xIqe+QQIQXQ=-/M8gHzjxpNU=,A4tgQv5cqkc=,7,38
2023-01-04,xIqe+QQIQXQ=,t+kFcRdzL6o=,/M8gHzjxpNU=,xIqe+QQIQXQ=-t+kFcRdzL6o=,A4tgQv5cqkc=,7,38
2023-01-04,xIqe+QQIQXQ=,t+kFcRdzL6o=,/M8gHzjxpNU=,t+kFcRdzL6o=-/M8gHzjxpNU=,A4tgQv5cqkc=,6,45
2023-01-04,xIqe+QQIQXQ=,t+kFcRdzL6o=,/M8gHzjxpNU=,xIqe+QQIQXQ=-/M8gHzjxpNU=,A4tgQv5cqkc=,6,59
2023-01-04,xIqe+QQIQXQ=,t+kFcRdzL6o=,/M8gHzjxpNU=,xIqe+QQIQXQ=-t+kFcRdzL6o=,A4tgQv5cqkc=,6,59
2023-01-04,xIqe+QQIQXQ=,t+kFcRdzL6o=,/M8gHzjxpNU=,t+kFcRdzL6o=-/M8gHzjxpNU=,A4tgQv5cqkc=,5,51
2023-01-04,xIqe+QQIQXQ=,t+kFcRdzL6o=,/M8gHzjxpNU=,xIqe+QQIQXQ=-/M8gHzjxpNU=,A4tgQv5cqkc=,5,65
2023-01-04,xIqe+QQIQXQ=,t+kFcRdzL6o=,/M8gHzjxpNU=,xIqe+QQIQXQ=-t+kFcRdzL6o=,A4tgQv5cqkc=,5,65
2023-01-04,xIqe+QQIQXQ=,t+kFcRdzL6o=,/M8gHzjxpNU=,t+kFcRdzL6o=-/M8gHzjxpNU=,A4tgQv5cqkc=,4,54
2023-01-04,xIqe+QQIQXQ=,t+kFcRdzL6o=,/M8gHzjxpNU=,xIqe+QQIQXQ=-/M8gHzjxpNU=,A4tgQv5cqkc=,4,66
2023-01-04,xIqe+QQIQXQ=,t+kFcRdzL6o=,/M8gHzjxpNU=,xIqe+QQIQXQ=-t+kFcRdzL6o=,A4tgQv5cqkc=,4,66
2023-01-04,xIqe+QQIQXQ=,t+kFcRdzL6o=,/M8gHzjxpNU=,t+kFcRdzL6o=-/M8gHzjxpNU=,A4tgQv5cqkc=,3,63
2023-01-04,xIqe+QQIQXQ=,t+kFcRdzL6o=,/M8gHzjxpNU=,xIqe+QQIQXQ=-/M8gHzjxpNU=,A4tgQv5cqkc=,3,74
2023-01-04,xIqe+QQIQXQ=,t+kFcRdzL6o=,/M8gHzjxpNU=,xIqe+QQIQXQ=-t+kFcRdzL6o=,A4tgQv5cqkc=,3,74
2023-01-04,xIqe+QQIQXQ=,t+kFcRdzL6o=,/M8gHzjxpNU=,t+kFcRdzL6o=-/M8gHzjxpNU=,A4tgQv5cqkc=,2,73
2023-01-04,xIqe+QQIQXQ=,t+kFcRdzL6o=,/M8gHzjxpNU=,xIqe+QQIQXQ=-/M8gHzjxpNU=,A4tgQv5cqkc=,2,84
2023-01-04,xIqe+QQIQXQ=,t+kFcRdzL6o=,/M8gHzjxpNU=,xIqe+QQIQXQ=-t+kFcRdzL6o=,A4tgQv5cqkc=,2,84
2023-01-04,xIqe+QQIQXQ=,t+kFcRdzL6o=,/M8gHzjxpNU=,t+kFcRdzL6o=-/M8gHzjxpNU=,A4tgQv5cqkc=,1,78
2023-01-04,xIqe+QQIQXQ=,t+kFcRdzL6o=,/M8gHzjxpNU=,xIqe+QQIQXQ=-/M8gHzjxpNU=,A4tgQv5cqkc=,1,95
2023-01-04,xIqe+QQIQXQ=,t+kFcRdzL6o=,/M8gHzjxpNU=,xIqe+QQIQXQ=-t+kFcRdzL6o=,A4tgQv5cqkc=,1,95
2023-01-04,xIqe+QQIQXQ=,t+kFcRdzL6o=,/M8gHzjxpNU=,t+kFcRdzL6o=-/M8gHzjxpNU=,A4tgQv5cqkc=,0,92
2023-01-04,xIqe+QQIQXQ=,t+kFcRdzL6o=,/M8gHzjxpNU=,xIqe+QQIQXQ=-/M8gHzjxpNU=,A4tgQv5cqkc=,0,111
2023-01-04,xIqe+QQIQXQ=,t+kFcRdzL6o=,/M8gHzjxpNU=,xIqe+QQIQXQ=-t+kFcRdzL6o=,A4tgQv5cqkc=,0,111
2023-01-04,xIqe+QQIQXQ=,t+kFcRdzL6o=,/M8gHzjxpNU=,t+kFcRdzL6o=-/M8gHzjxpNU=,A4tgQv5cqkc=,-1,92
2023-01-04,xIqe+QQIQXQ=,t+kFcRdzL6o=,/M8gHzjxpNU=,xIqe+QQIQXQ=-/M8gHzjxpNU=,A4tgQv5cqkc=,-1,111
2023-01-04,xIqe+QQIQXQ=,t+kFcRdzL6o=,/M8gHzjxpNU=,xIqe+QQIQXQ=-t+kFcRdzL6o=,A4tgQv5cqkc=,-1,111
2023-01-06,xIqe+QQIQXQ=,t+kFcRdzL6o=,/M8gHzjxpNU=,t+kFcRdzL6o=-/M8gHzjxpNU=,A4tgQv5cqkc=,29,0
2023-01-06,xIqe+QQIQXQ=,t+kFcRdzL6o=,/M8gHzjxpNU=,xIqe+QQIQXQ=-/M8gHzjxpNU=,A4tgQv5cqkc=,29,1
2023-01-06,xIqe+QQIQXQ=,t+kFcRdzL6o=,/M8gHzjxpNU=,xIqe+QQIQXQ=-t+kFcRdzL6o=,A4tgQv5cqkc=,29,1
2023-01-06,xIqe+QQIQXQ=,t+kFcRdzL6o=,/M8gHzjxpNU=,t+kFcRdzL6o=-/M8gHzjxpNU=,A4tgQv5cqkc=,28,7
2023-01-06,xIqe+QQIQXQ=,t+kFcRdzL6o=,/M8gHzjxpNU=,xIqe+QQIQXQ=-/M8gHzjxpNU=,A4tgQv5cqkc=,28,8
2023-01-06,xIqe+QQIQXQ=,t+kFcRdzL6o=,/M8gHzjxpNU=,xIqe+QQIQXQ=-t+kFcRdzL6o=,A4tgQv5cqkc=,28,8
2023-01-06,xIqe+QQIQXQ=,t+kFcRdzL6o=,/M8gHzjxpNU=,t+kFcRdzL6o=-/M8gHzjxpNU=,A4tgQv5cqkc=,27,15
2023-01-06,xIqe+QQIQXQ=,t+kFcRdzL6o=,/M8gHzjxpNU=,xIqe+QQIQXQ=-/M8gHzjxpNU=,A4tgQv5cqkc=,27,16
2023-01-06,xIqe+QQIQXQ=,t+kFcRdzL6o=,/M8gHzjxpNU=,xIqe+QQIQXQ=-t+kFcRdzL6o=,A4tgQv5cqkc=,27,16
2023-01-06,xIqe+QQIQXQ=,t+kFcRdzL6o=,/M8gHzjxpNU=,t+kFcRdzL6o=-/M8gHzjxpNU=,A4tgQv5cqkc=,26,23
2023-01-06,xIqe+QQIQXQ=,t+kFcRdzL6o=,/M8gHzjxpNU=,xIqe+QQIQXQ=-/M8gHzjxpNU=,A4tgQv5cqkc=,26,24
2023-01-06,xIqe+QQIQXQ=,t+kFcRdzL6o=,/M8gHzjxpNU=,xIqe+QQIQXQ=-t+kFcRdzL6o=,A4tgQv5cqkc=,26,24
2023-01-06,xIqe+QQIQXQ=,t+kFcRdzL6o=,/M8gHzjxpNU=,t+kFcRdzL6o=-/M8gHzjxpNU=,A4tgQv5cqkc=,25,27
2023-01-06,xIqe+QQIQXQ=,t+kFcRdzL6o=,/M8gHzjxpNU=,xIqe+QQIQXQ=-/M8gHzjxpNU=,A4tgQv5cqkc=,25,28
2023-01-06,xIqe+QQIQXQ=,t+kFcRdzL6o=,/M8gHzjxpNU=,xIqe+QQIQXQ=-t+kFcRdzL6o=,A4tgQv5cqkc=,25,28
2023-01-06,xIqe+QQIQXQ=,t+kFcRdzL6o=,/M8gHzjxpNU=,t+kFcRdzL6o=-/M8gHzjxpNU=,A4tgQv5cqkc=,24,31
2023-01-06,xIqe+QQIQXQ=,t+kFcRdzL6o=,/M8gHzjxpNU=,xIqe+QQIQXQ=-/M8gHzjxpNU=,A4tgQv5cqkc=,24,33
2023-01-06,xIqe+QQIQXQ=,t+kFcRdzL6o=,/M8gHzjxpNU=,xIqe+QQIQXQ=-t+kFcRdzL6o=,A4tgQv5cqkc=,24,33
2023-01-06,xIqe+QQIQXQ=,t+kFcRdzL6o=,/M8gHzjxpNU=,t+kFcRdzL6o=-/M8gHzjxpNU=,A4tgQv5cqkc=,23,31
2023-01-06,xIqe+QQIQXQ=,t+kFcRdzL6o=,/M8gHzjxpNU=,xIqe+QQIQXQ=-/M8gHzjxpNU=,A4tgQv5cqkc=,23,33
2023-01-06,xIqe+QQIQXQ=,t+kFcRdzL6o=,/M8gHzjxpNU=,xIqe+QQIQXQ=-t+kFcRdzL6o=,A4tgQv5cqkc=,23,33
2023-01-06,xIqe+QQIQXQ=,t+kFcRdzL6o=,/M8gHzjxpNU=,t+kFcRdzL6o=-/M8gHzjxpNU=,A4tgQv5cqkc=,22,30
2023-01-06,xIqe+QQIQXQ=,t+kFcRdzL6o=,/M8gHzjxpNU=,xIqe+QQIQXQ=-/M8gHzjxpNU=,A4tgQv5cqkc=,22,32
2023-01-06,xIqe+QQIQXQ=,t+kFcRdzL6o=,/M8gHzjxpNU=,xIqe+QQIQXQ=-t+kFcRdzL6o=,A4tgQv5cqkc=,22,32
2023-01-06,xIqe+QQIQXQ=,t+kFcRdzL6o=,/M8gHzjxpNU=,t+kFcRdzL6o=-/M8gHzjxpNU=,A4tgQv5cqkc=,21,30
2023-01-06,xIqe+QQIQXQ=,t+kFcRdzL6o=,/M8gHzjxpNU=,xIqe+QQIQXQ=-/M8gHzjxpNU=,A4tgQv5cqkc=,21,32
2023-01-06,xIqe+QQIQXQ=,t+kFcRdzL6o=,/M8gHzjxpNU=,xIqe+QQIQXQ=-t+kFcRdzL6o=,A4tgQv5cqkc=,21,32
2023-01-06,xIqe+QQIQXQ=,t+kFcRdzL6o=,/M8gHzjxpNU=,t+kFcRdzL6o=-/M8gHzjxpNU=,A4tgQv5cqkc=,20,30
2023-01-06,xIqe+QQIQXQ=,t+kFcRdzL6o=,/M8gHzjxpNU=,xIqe+QQIQXQ=-/M8gHzjxpNU=,A4tgQv5cqkc=,20,33
2023-01-06,xIqe+QQIQXQ=,t+kFcRdzL6o=,/M8gHzjxpNU=,xIqe+QQIQXQ=-t+kFcRdzL6o=,A4tgQv5cqkc=,20,33
2023-01-06,xIqe+QQIQXQ=,t+kFcRdzL6o=,/M8gHzjxpNU=,t+kFcRdzL6o=-/M8gHzjxpNU=,A4tgQv5cqkc=,19,30
2023-01-06,xIqe+QQIQXQ=,t+kFcRdzL6o=,/M8gHzjxpNU=,xIqe+QQIQXQ=-/M8gHzjxpNU=,A4tgQv5cqkc=,19,33
2023-01-06,xIqe+QQIQXQ=,t+kFcRdzL6o=,/M8gHzjxpNU=,xIqe+QQIQXQ=-t+kFcRdzL6o=,A4tgQv5cqkc=,19,33
2023-01-06,xIqe+QQIQXQ=,t+kFcRdzL6o=,/M8gHzjxpNU=,t+kFcRdzL6o=-/M8gHzjxpNU=,A4tgQv5cqkc=,18,30
2023-01-06,xIqe+QQIQXQ=,t+kFcRdzL6o=,/M8gHzjxpNU=,xIqe+QQIQXQ=-/M8gHzjxpNU=,A4tgQv5cqkc=,18,33
2023-01-06,xIqe+QQIQXQ=,t+kFcRdzL6o=,/M8gHzjxpNU=,xIqe+QQIQXQ=-t+kFcRdzL6o=,A4tgQv5cqkc=,18,33
2023-01-06,xIqe+QQIQXQ=,t+kFcRdzL6o=,/M8gHzjxpNU=,t+kFcRdzL6o=-/M8gHzjxpNU=,A4tgQv5cqkc=,17,33
2023-01-06,xIqe+QQIQXQ=,t+kFcRdzL6o=,/M8gHzjxpNU=,xIqe+QQIQXQ=-/M8gHzjxpNU=,A4tgQv5cqkc=,17,37
2023-01-06,xIqe+QQIQXQ=,t+kFcRdzL6o=,/M8gHzjxpNU=,xIqe+QQIQXQ=-t+kFcRdzL6o=,A4tgQv5cqkc=,17,37
2023-01-06,xIqe+QQIQXQ=,t+kFcRdzL6o=,/M8gHzjxpNU=,t+kFcRdzL6o=-/M8gHzjxpNU=,A4tgQv5cqkc=,16,33
2023-01-06,xIqe+QQIQXQ=,t+kFcRdzL6o=,/M8gHzjxpNU=,xIqe+QQIQXQ=-/M8gHzjxpNU=,A4tgQv5cqkc=,16,37
2023-01-06,xIqe+QQIQXQ=,t+kFcRdzL6o=,/M8gHzjxpNU=,xIqe+QQIQXQ=-t+kFcRdzL6o=,A4tgQv5cqkc=,16,37
2023-01-06,xIqe+QQIQXQ=,t+kFcRdzL6o=,/M8gHzjxpNU=,t+kFcRdzL6o=-/M8gHzjxpNU=,A4tgQv5cqkc=,15,34
2023-01-06,xIqe+QQIQXQ=,t+kFcRdzL6o=,/M8gHzjxpNU=,xIqe+QQIQXQ=-/M8gHzjxpNU=,A4tgQv5cqkc=,15,37
2023-01-06,xIqe+QQIQXQ=,t+kFcRdzL6o=,/M8gHzjxpNU=,xIqe+QQIQXQ=-t+kFcRdzL6o=,A4tgQv5cqkc=,15,37
2023-01-06,xIqe+QQIQXQ=,t+kFcRdzL6o=,/M8gHzjxpNU=,t+kFcRdzL6o=-/M8gHzjxpNU=,A4tgQv5cqkc=,14,33
2023-01-06,xIqe+QQIQXQ=,t+kFcRdzL6o=,/M8gHzjxpNU=,xIqe+QQIQXQ=-/M8gHzjxpNU=,A4tgQv5cqkc=,14,36
2023-01-06,xIqe+QQIQXQ=,t+kFcRdzL6o=,/M8gHzjxpNU=,xIqe+QQIQXQ=-t+kFcRdzL6o=,A4tgQv5cqkc=,14,36
2023-01-06,xIqe+QQIQXQ=,t+kFcRdzL6o=,/M8gHzjxpNU=,t+kFcRdzL6o=-/M8gHzjxpNU=,A4tgQv5cqkc=,13,33
2023-01-06,xIqe+QQIQXQ=,t+kFcRdzL6o=,/M8gHzjxpNU=,xIqe+QQIQXQ=-/M8gHzjxpNU=,A4tgQv5cqkc=,13,36
2023-01-06,xIqe+QQIQXQ=,t+kFcRdzL6o=,/M8gHzjxpNU=,xIqe+QQIQXQ=-t+kFcRdzL6o=,A4tgQv5cqkc=,13,36
2023-01-06,xIqe+QQIQXQ=,t+kFcRdzL6o=,/M8gHzjxpNU=,t+kFcRdzL6o=-/M8gHzjxpNU=,A4tgQv5cqkc=,12,36
2023-01-06,xIqe+QQIQXQ=,t+kFcRdzL6o=,/M8gHzjxpNU=,xIqe+QQIQXQ=-/M8gHzjxpNU=,A4tgQv5cqkc=,12,39
2023-01-06,xIqe+QQIQXQ=,t+kFcRdzL6o=,/M8gHzjxpNU=,xIqe+QQIQXQ=-t+kFcRdzL6o=,A4tgQv5cqkc=,12,39
2023-01-06,xIqe+QQIQXQ=,t+kFcRdzL6o=,/M8gHzjxpNU=,t+kFcRdzL6o=-/M8gHzjxpNU=,A4tgQv5cqkc=,11,36
2023-01-06,xIqe+QQIQXQ=,t+kFcRdzL6o=,/M8gHzjxpNU=,xIqe+QQIQXQ=-/M8gHzjxpNU=,A4tgQv5cqkc=,11,39
2023-01-06,xIqe+QQIQXQ=,t+kFcRdzL6o=,/M8gHzjxpNU=,xIqe+QQIQXQ=-t+kFcRdzL6o=,A4tgQv5cqkc=,11,39
2023-01-06,xIqe+QQIQXQ=,t+kFcRdzL6o=,/M8gHzjxpNU=,t+kFcRdzL6o=-/M8gHzjxpNU=,A4tgQv5cqkc=,10,38
2023-01-06,xIqe+QQIQXQ=,t+kFcRdzL6o=,/M8gHzjxpNU=,xIqe+QQIQXQ=-/M8gHzjxpNU=,A4tgQv5cqkc=,10,41
2023-01-06,xIqe+QQIQXQ=,t+kFcRdzL6o=,/M8gHzjxpNU=,xIqe+QQIQXQ=-t+kFcRdzL6o=,A4tgQv5cqkc=,10,41
2023-01-06,xIqe+QQIQXQ=,t+kFcRdzL6o=,/M8gHzjxpNU=,t+kFcRdzL6o=-/M8gHzjxpNU=,A4tgQv5cqkc=,9,39
2023-01-06,xIqe+QQIQXQ=,t+kFcRdzL6o=,/M8gHzjxpNU=,xIqe+QQIQXQ=-/M8gHzjxpNU=,A4tgQv5cqkc=,9,42
2023-01-06,xIqe+QQIQXQ=,t+kFcRdzL6o=,/M8gHzjxpNU=,xIqe+QQIQXQ=-t+kFcRdzL6o=,A4tgQv5cqkc=,9,42
2023-01-06,xIqe+QQIQXQ=,t+kFcRdzL6o=,/M8gHzjxpNU=,t+kFcRdzL6o=-/M8gHzjxpNU=,A4tgQv5cqkc=,8,41
2023-01-06,xIqe+QQIQXQ=,t+kFcRdzL6o=,/M8gHzjxpNU=,xIqe+QQIQXQ=-/M8gHzjxpNU=,A4tgQv5cqkc=,8,44
2023-01-06,xIqe+QQIQXQ=,t+kFcRdzL6o=,/M8gHzjxpNU=,xIqe+QQIQXQ=-t+kFcRdzL6o=,A4tgQv5cqkc=,8,44
2023-01-06,xIqe+QQIQXQ=,t+kFcRdzL6o=,/M8gHzjxpNU=,t+kFcRdzL6o=-/M8gHzjxpNU=,A4tgQv5cqkc=,7,47
2023-01-06,xIqe+QQIQXQ=,t+kFcRdzL6o=,/M8gHzjxpNU=,xIqe+QQIQXQ=-/M8gHzjxpNU=,A4tgQv5cqkc=,7,50
2023-01-06,xIqe+QQIQXQ=,t+kFcRdzL6o=,/M8gHzjxpNU=,xIqe+QQIQXQ=-t+kFcRdzL6o=,A4tgQv5cqkc=,7,50
2023-01-06,xIqe+QQIQXQ=,t+kFcRdzL6o=,/M8gHzjxpNU=,t+kFcRdzL6o=-/M8gHzjxpNU=,A4tgQv5cqkc=,6,54
2023-01-06,xIqe+QQIQXQ=,t+kFcRdzL6o=,/M8gHzjxpNU=,xIqe+QQIQXQ=-/M8gHzjxpNU=,A4tgQv5cqkc=,6,57
2023-01-06,xIqe+QQIQXQ=,t+kFcRdzL6o=,/M8gHzjxpNU=,xIqe+QQIQXQ=-t+kFcRdzL6o=,A4tgQv5cqkc=,6,57
2023-01-06,xIqe+QQIQXQ=,t+kFcRdzL6o=,/M8gHzjxpNU=,t+kFcRdzL6o=-/M8gHzjxpNU=,A4tgQv5cqkc=,5,55
2023-01-06,xIqe+QQIQXQ=,t+kFcRdzL6o=,/M8gHzjxpNU=,xIqe+QQIQXQ=-/M8gHzjxpNU=,A4tgQv5cqkc=,5,58
2023-01-06,xIqe+QQIQXQ=,t+kFcRdzL6o=,/M8gHzjxpNU=,xIqe+QQIQXQ=-t+kFcRdzL6o=,A4tgQv5cqkc=,5,58
2023-01-06,xIqe+QQIQXQ=,t+kFcRdzL6o=,/M8gHzjxpNU=,t+kFcRdzL6o=-/M8gHzjxpNU=,A4tgQv5cqkc=,4,59
2023-01-06,xIqe+QQIQXQ=,t+kFcRdzL6o=,/M8gHzjxpNU=,xIqe+QQIQXQ=-/M8gHzjxpNU=,A4tgQv5cqkc=,4,61
2023-01-06,xIqe+QQIQXQ=,t+kFcRdzL6o=,/M8gHzjxpNU=,xIqe+QQIQXQ=-t+kFcRdzL6o=,A4tgQv5cqkc=,4,61
2023-01-06,xIqe+QQIQXQ=,t+kFcRdzL6o=,/M8gHzjxpNU=,t+kFcRdzL6o=-/M8gHzjxpNU=,A4tgQv5cqkc=,3,72
2023-01-06,xIqe+QQIQXQ=,t+kFcRdzL6o=,/M8gHzjxpNU=,xIqe+QQIQXQ=-/M8gHzjxpNU=,A4tgQv5cqkc=,3,74
2023-01-06,xIqe+QQIQXQ=,t+kFcRdzL6o=,/M8gHzjxpNU=,xIqe+QQIQXQ=-t+kFcRdzL6o=,A4tgQv5cqkc=,3,74
2023-01-06,xIqe+QQIQXQ=,t+kFcRdzL6o=,/M8gHzjxpNU=,t+kFcRdzL6o=-/M8gHzjxpNU=,A4tgQv5cqkc=,2,79
2023-01-06,xIqe+QQIQXQ=,t+kFcRdzL6o=,/M8gHzjxpNU=,xIqe+QQIQXQ=-/M8gHzjxpNU=,A4tgQv5cqkc=,2,81
2023-01-06,xIqe+QQIQXQ=,t+kFcRdzL6o=,/M8gHzjxpNU=,xIqe+QQIQXQ=-t+kFcRdzL6o=,A4tgQv5cqkc=,2,81
2023-01-06,xIqe+QQIQXQ=,t+kFcRdzL6o=,/M8gHzjxpNU=,t+kFcRdzL6o=-/M8gHzjxpNU=,A4tgQv5cqkc=,1,80
2023-01-06,xIqe+QQIQXQ=,t+kFcRdzL6o=,/M8gHzjxpNU=,xIqe+QQIQXQ=-/M8gHzjxpNU=,A4tgQv5cqkc=,1,82
2023-01-06,xIqe+QQIQXQ=,t+kFcRdzL6o=,/M8gHzjxpNU=,xIqe+QQIQXQ=-t+kFcRdzL6o=,A4tgQv5cqkc=,1,82
2023-01-06,xIqe+QQIQXQ=,t+kFcRdzL6o=,/M8gHzjxpNU=,t+kFcRdzL6o=-/M8gHzjxpNU=,A4tgQv5cqkc=,0,100
2023-01-06,xIqe+QQIQXQ=,t+kFcRdzL6o=,/M8gHzjxpNU=,xIqe+QQIQXQ=-/M8gHzjxpNU=,A4tgQv5cqkc=,0,98
2023-01-06,xIqe+QQIQXQ=,t+kFcRdzL6o=,/M8gHzjxpNU=,xIqe+QQIQXQ=-t+kFcRdzL6o=,A4tgQv5cqkc=,0,98
2023-01-06,xIqe+QQIQXQ=,t+kFcRdzL6o=,/M8gHzjxpNU=,t+kFcRdzL6o=-/M8gHzjxpNU=,A4tgQv5cqkc=,-1,100
2023-01-06,xIqe+QQIQXQ=,t+kFcRdzL6o=,/M8gHzjxpNU=,xIqe+QQIQXQ=-/M8gHzjxpNU=,A4tgQv5cqkc=,-1,98
2023-01-06,xIqe+QQIQXQ=,t+kFcRdzL6o=,/M8gHzjxpNU=,xIqe+QQIQXQ=-t+kFcRdzL6o=,A4tgQv5cqkc=,-1,98
2023-01-08,xIqe+QQIQXQ=,t+kFcRdzL6o=,/M8gHzjxpNU=,t+kFcRdzL6o=-/M8gHzjxpNU=,A4tgQv5cqkc=,29,3
2023-01-08,xIqe+QQIQXQ=,t+kFcRdzL6o=,/M8gHzjxpNU=,xIqe+QQIQXQ=-/M8gHzjxpNU=,A4tgQv5cqkc=,29,3
2023-01-08,xIqe+QQIQXQ=,t+kFcRdzL6o=,/M8gHzjxpNU=,xIqe+QQIQXQ=-t+kFcRdzL6o=,A4tgQv5cqkc=,29,3
2023-01-08,xIqe+QQIQXQ=,t+kFcRdzL6o=,/M8gHzjxpNU=,t+kFcRdzL6o=-/M8gHzjxpNU=,A4tgQv5cqkc=,28,13
2023-01-08,xIqe+QQIQXQ=,t+kFcRdzL6o=,/M8gHzjxpNU=,xIqe+QQIQXQ=-/M8gHzjxpNU=,A4tgQv5cqkc=,28,13
2023-01-08,xIqe+QQIQXQ=,t+kFcRdzL6o=,/M8gHzjxpNU=,xIqe+QQIQXQ=-t+kFcRdzL6o=,A4tgQv5cqkc=,28,13
2023-01-08,xIqe+QQIQXQ=,t+kFcRdzL6o=,/M8gHzjxpNU=,t+kFcRdzL6o=-/M8gHzjxpNU=,A4tgQv5cqkc=,27,13
2023-01-08,xIqe+QQIQXQ=,t+kFcRdzL6o=,/M8gHzjxpNU=,xIqe+QQIQXQ=-/M8gHzjxpNU=,A4tgQv5cqkc=,27,13
2023-01-08,xIqe+QQIQXQ=,t+kFcRdzL6o=,/M8gHzjxpNU=,xIqe+QQIQXQ=-t+kFcRdzL6o=,A4tgQv5cqkc=,27,13
2023-01-08,xIqe+QQIQXQ=,t+kFcRdzL6o=,/M8gHzjxpNU=,t+kFcRdzL6o=-/M8gHzjxpNU=,A4tgQv5cqkc=,26,13
2023-01-08,xIqe+QQIQXQ=,t+kFcRdzL6o=,/M8gHzjxpNU=,xIqe+QQIQXQ=-/M8gHzjxpNU=,A4tgQv5cqkc=,26,13
2023-01-08,xIqe+QQIQXQ=,t+kFcRdzL6o=,/M8gHzjxpNU=,xIqe+QQIQXQ=-t+kFcRdzL6o=,A4tgQv5cqkc=,26,13
2023-01-08,xIqe+QQIQXQ=,t+kFcRdzL6o=,/M8gHzjxpNU=,t+kFcRdzL6o=-/M8gHzjxpNU=,A4tgQv5cqkc=,25,15
2023-01-08,xIqe+QQIQXQ=,t+kFcRdzL6o=,/M8gHzjxpNU=,xIqe+QQIQXQ=-/M8gHzjxpNU=,A4tgQv5cqkc=,25,15
2023-01-08,xIqe+QQIQXQ=,t+kFcRdzL6o=,/M8gHzjxpNU=,xIqe+QQIQXQ=-t+kFcRdzL6o=,A4tgQv5cqkc=,25,15
2023-01-08,xIqe+QQIQXQ=,t+kFcRdzL6o=,/M8gHzjxpNU=,t+kFcRdzL6o=-/M8gHzjxpNU=,A4tgQv5cqkc=,24,15
2023-01-08,xIqe+QQIQXQ=,t+kFcRdzL6o=,/M8gHzjxpNU=,xIqe+QQIQXQ=-/M8gHzjxpNU=,A4tgQv5cqkc=,24,15
2023-01-08,xIqe+QQIQXQ=,t+kFcRdzL6o=,/M8gHzjxpNU=,xIqe+QQIQXQ=-t+kFcRdzL6o=,A4tgQv5cqkc=,24,15
2023-01-08,xIqe+QQIQXQ=,t+kFcRdzL6o=,/M8gHzjxpNU=,t+kFcRdzL6o=-/M8gHzjxpNU=,A4tgQv5cqkc=,23,17
2023-01-08,xIqe+QQIQXQ=,t+kFcRdzL6o=,/M8gHzjxpNU=,xIqe+QQIQXQ=-/M8gHzjxpNU=,A4tgQv5cqkc=,23,17
2023-01-08,xIqe+QQIQXQ=,t+kFcRdzL6o=,/M8gHzjxpNU=,xIqe+QQIQXQ=-t+kFcRdzL6o=,A4tgQv5cqkc=,23,17
2023-01-08,xIqe+QQIQXQ=,t+kFcRdzL6o=,/M8gHzjxpNU=,t+kFcRdzL6o=-/M8gHzjxpNU=,A4tgQv5cqkc=,22,18
2023-01-08,xIqe+QQIQXQ=,t+kFcRdzL6o=,/M8gHzjxpNU=,xIqe+QQIQXQ=-/M8gHzjxpNU=,A4tgQv5cqkc=,22,18
2023-01-08,xIqe+QQIQXQ=,t+kFcRdzL6o=,/M8gHzjxpNU=,xIqe+QQIQXQ=-t+kFcRdzL6o=,A4tgQv5cqkc=,22,18
2023-01-08,xIqe+QQIQXQ=,t+kFcRdzL6o=,/M8gHzjxpNU=,t+kFcRdzL6o=-/M8gHzjxpNU=,A4tgQv5cqkc=,21,18
2023-01-08,xIqe+QQIQXQ=,t+kFcRdzL6o=,/M8gHzjxpNU=,xIqe+QQIQXQ=-/M8gHzjxpNU=,A4tgQv5cqkc=,21,18
2023-01-08,xIqe+QQIQXQ=,t+kFcRdzL6o=,/M8gHzjxpNU=,xIqe+QQIQXQ=-t+kFcRdzL6o=,A4tgQv5cqkc=,21,18
2023-01-08,xIqe+QQIQXQ=,t+kFcRdzL6o=,/M8gHzjxpNU=,t+kFcRdzL6o=-/M8gHzjxpNU=,A4tgQv5cqkc=,20,19
2023-01-08,xIqe+QQIQXQ=,t+kFcRdzL6o=,/M8gHzjxpNU=,xIqe+QQIQXQ=-/M8gHzjxpNU=,A4tgQv5cqkc=,20,19
2023-01-08,xIqe+QQIQXQ=,t+kFcRdzL6o=,/M8gHzjxpNU=,xIqe+QQIQXQ=-t+kFcRdzL6o=,A4tgQv5cqkc=,20,19
2023-01-08,xIqe+QQIQXQ=,t+kFcRdzL6o=,/M8gHzjxpNU=,t+kFcRdzL6o=-/M8gHzjxpNU=,A4tgQv5cqkc=,19,19
2023-01-08,xIqe+QQIQXQ=,t+kFcRdzL6o=,/M8gHzjxpNU=,xIqe+QQIQXQ=-/M8gHzjxpNU=,A4tgQv5cqkc=,19,19
2023-01-08,xIqe+QQIQXQ=,t+kFcRdzL6o=,/M8gHzjxpNU=,xIqe+QQIQXQ=-t+kFcRdzL6o=,A4tgQv5cqkc=,19,19
2023-01-08,xIqe+QQIQXQ=,t+kFcRdzL6o=,/M8gHzjxpNU=,t+kFcRdzL6o=-/M8gHzjxpNU=,A4tgQv5cqkc=,18,19
2023-01-08,xIqe+QQIQXQ=,t+kFcRdzL6o=,/M8gHzjxpNU=,xIqe+QQIQXQ=-/M8gHzjxpNU=,A4tgQv5cqkc=,18,19
2023-01-08,xIqe+QQIQXQ=,t+kFcRdzL6o=,/M8gHzjxpNU=,xIqe+QQIQXQ=-t+kFcRdzL6o=,A4tgQv5cqkc=,18,19
2023-01-08,xIqe+QQIQXQ=,t+kFcRdzL6o=,/M8gHzjxpNU=,t+kFcRdzL6o=-/M8gHzjxpNU=,A4tgQv5cqkc=,17,19
2023-01-08,xIqe+QQIQXQ=,t+kFcRdzL6o=,/M8gHzjxpNU=,xIqe+QQIQXQ=-/M8gHzjxpNU=,A4tgQv5cqkc=,17,19
2023-01-08,xIqe+QQIQXQ=,t+kFcRdzL6o=,/M8gHzjxpNU=,xIqe+QQIQXQ=-t+kFcRdzL6o=,A4tgQv5cqkc=,17,19
2023-01-08,xIqe+QQIQXQ=,t+kFcRdzL6o=,/M8gHzjxpNU=,t+kFcRdzL6o=-/M8gHzjxpNU=,A4tgQv5cqkc=,16,20
2023-01-08,xIqe+QQIQXQ=,t+kFcRdzL6o=,/M8gHzjxpNU=,xIqe+QQIQXQ=-/M8gHzjxpNU=,A4tgQv5cqkc=,16,20
2023-01-08,xIqe+QQIQXQ=,t+kFcRdzL6o=,/M8gHzjxpNU=,xIqe+QQIQXQ=-t+kFcRdzL6o=,A4tgQv5cqkc=,16,20
2023-01-08,xIqe+QQIQXQ=,t+kFcRdzL6o=,/M8gHzjxpNU=,t+kFcRdzL6o=-/M8gHzjxpNU=,A4tgQv5cqkc=,15,21
2023-01-08,xIqe+QQIQXQ=,t+kFcRdzL6o=,/M8gHzjxpNU=,xIqe+QQIQXQ=-/M8gHzjxpNU=,A4tgQv5cqkc=,15,22
2023-01-08,xIqe+QQIQXQ=,t+kFcRdzL6o=,/M8gHzjxpNU=,xIqe+QQIQXQ=-t+kFcRdzL6o=,A4tgQv5cqkc=,15,22
2023-01-08,xIqe+QQIQXQ=,t+kFcRdzL6o=,/M8gHzjxpNU=,t+kFcRdzL6o=-/M8gHzjxpNU=,A4tgQv5cqkc=,14,22
2023-01-08,xIqe+QQIQXQ=,t+kFcRdzL6o=,/M8gHzjxpNU=,xIqe+QQIQXQ=-/M8gHzjxpNU=,A4tgQv5cqkc=,14,22
2023-01-08,xIqe+QQIQXQ=,t+kFcRdzL6o=,/M8gHzjxpNU=,xIqe+QQIQXQ=-t+kFcRdzL6o=,A4tgQv5cqkc=,14,22
2023-01-08,xIqe+QQIQXQ=,t+kFcRdzL6o=,/M8gHzjxpNU=,t+kFcRdzL6o=-/M8gHzjxpNU=,A4tgQv5cqkc=,13,26
2023-01-08,xIqe+QQIQXQ=,t+kFcRdzL6o=,/M8gHzjxpNU=,xIqe+QQIQXQ=-/M8gHzjxpNU=,A4tgQv5cqkc=,13,25
2023-01-08,xIqe+QQIQXQ=,t+kFcRdzL6o=,/M8gHzjxpNU=,xIqe+QQIQXQ=-t+kFcRdzL6o=,A4tgQv5cqkc=,13,25
2023-01-08,xIqe+QQIQXQ=,t+kFcRdzL6o=,/M8gHzjxpNU=,t+kFcRdzL6o=-/M8gHzjxpNU=,A4tgQv5cqkc=,12,29
2023-01-08,xIqe+QQIQXQ=,t+kFcRdzL6o=,/M8gHzjxpNU=,xIqe+QQIQXQ=-/M8gHzjxpNU=,A4tgQv5cqkc=,12,26
2023-01-08,xIqe+QQIQXQ=,t+kFcRdzL6o=,/M8gHzjxpNU=,xIqe+QQIQXQ=-t+kFcRdzL6o=,A4tgQv5cqkc=,12,26
2023-01-08,xIqe+QQIQXQ=,t+kFcRdzL6o=,/M8gHzjxpNU=,t+kFcRdzL6o=-/M8gHzjxpNU=,A4tgQv5cqkc=,11,32
2023-01-08,xIqe+QQIQXQ=,t+kFcRdzL6o=,/M8gHzjxpNU=,xIqe+QQIQXQ=-/M8gHzjxpNU=,A4tgQv5cqkc=,11,29
2023-01-08,xIqe+QQIQXQ=,t+kFcRdzL6o=,/M8gHzjxpNU=,xIqe+QQIQXQ=-t+kFcRdzL6o=,A4tgQv5cqkc=,11,29
2023-01-08,xIqe+QQIQXQ=,t+kFcRdzL6o=,/M8gHzjxpNU=,t+kFcRdzL6o=-/M8gHzjxpNU=,A4tgQv5cqkc=,10,35
2023-01-08,xIqe+QQIQXQ=,t+kFcRdzL6o=,/M8gHzjxpNU=,xIqe+QQIQXQ=-/M8gHzjxpNU=,A4tgQv5cqkc=,10,33
2023-01-08,xIqe+QQIQXQ=,t+kFcRdzL6o=,/M8gHzjxpNU=,xIqe+QQIQXQ=-t+kFcRdzL6o=,A4tgQv5cqkc=,10,33
2023-01-08,xIqe+QQIQXQ=,t+kFcRdzL6o=,/M8gHzjxpNU=,t+kFcRdzL6o=-/M8gHzjxpNU=,A4tgQv5cqkc=,9,40
2023-01-08,xIqe+QQIQXQ=,t+kFcRdzL6o=,/M8gHzjxpNU=,xIqe+QQIQXQ=-/M8gHzjxpNU=,A4tgQv5cqkc=,9,39
2023-01-08,xIqe+QQIQXQ=,t+kFcRdzL6o=,/M8gHzjxpNU=,xIqe+QQIQXQ=-t+kFcRdzL6o=,A4tgQv5cqkc=,9,39
2023-01-08,xIqe+QQIQXQ=,t+kFcRdzL6o=,/M8gHzjxpNU=,t+kFcRdzL6o=-/M8gHzjxpNU=,A4tgQv5cqkc=,8,45
2023-01-08,xIqe+QQIQXQ=,t+kFcRdzL6o=,/M8gHzjxpNU=,xIqe+QQIQXQ=-/M8gHzjxpNU=,A4tgQv5cqkc=,8,44
2023-01-08,xIqe+QQIQXQ=,t+kFcRdzL6o=,/M8gHzjxpNU=,xIqe+QQIQXQ=-t+kFcRdzL6o=,A4tgQv5cqkc=,8,44
2023-01-08,xIqe+QQIQXQ=,t+kFcRdzL6o=,/M8gHzjxpNU=,t+kFcRdzL6o=-/M8gHzjxpNU=,A4tgQv5cqkc=,7,48
2023-01-08,xIqe+QQIQXQ=,t+kFcRdzL6o=,/M8gHzjxpNU=,xIqe+QQIQXQ=-/M8gHzjxpNU=,A4tgQv5cqkc=,7,45
2023-01-08,xIqe+QQIQXQ=,t+kFcRdzL6o=,/M8gHzjxpNU=,xIqe+QQIQXQ=-t+kFcRdzL6o=,A4tgQv5cqkc=,7,45
2023-01-08,xIqe+QQIQXQ=,t+kFcRdzL6o=,/M8gHzjxpNU=,t+kFcRdzL6o=-/M8gHzjxpNU=,A4tgQv5cqkc=,6,51
2023-01-08,xIqe+QQIQXQ=,t+kFcRdzL6o=,/M8gHzjxpNU=,xIqe+QQIQXQ=-/M8gHzjxpNU=,A4tgQv5cqkc=,6,50
2023-01-08,xIqe+QQIQXQ=,t+kFcRdzL6o=,/M8gHzjxpNU=,xIqe+QQIQXQ=-t+kFcRdzL6o=,A4tgQv5cqkc=,6,50
2023-01-08,xIqe+QQIQXQ=,t+kFcRdzL6o=,/M8gHzjxpNU=,t+kFcRdzL6o=-/M8gHzjxpNU=,A4tgQv5cqkc=,5,70
2023-01-08,xIqe+QQIQXQ=,t+kFcRdzL6o=,/M8gHzjxpNU=,xIqe+QQIQXQ=-/M8gHzjxpNU=,A4tgQv5cqkc=,5,70
2023-01-08,xIqe+QQIQXQ=,t+kFcRdzL6o=,/M8gHzjxpNU=,xIqe+QQIQXQ=-t+kFcRdzL6o=,A4tgQv5cqkc=,5,70
2023-01-08,xIqe+QQIQXQ=,t+kFcRdzL6o=,/M8gHzjxpNU=,t+kFcRdzL6o=-/M8gHzjxpNU=,A4tgQv5cqkc=,4,80
2023-01-08,xIqe+QQIQXQ=,t+kFcRdzL6o=,/M8gHzjxpNU=,xIqe+QQIQXQ=-/M8gHzjxpNU=,A4tgQv5cqkc=,4,79
2023-01-08,xIqe+QQIQXQ=,t+kFcRdzL6o=,/M8gHzjxpNU=,xIqe+QQIQXQ=-t+kFcRdzL6o=,A4tgQv5cqkc=,4,79
2023-01-08,xIqe+QQIQXQ=,t+kFcRdzL6o=,/M8gHzjxpNU=,t+kFcRdzL6o=-/M8gHzjxpNU=,A4tgQv5cqkc=,3,82
2023-01-08,xIqe+QQIQXQ=,t+kFcRdzL6o=,/M8gHzjxpNU=,xIqe+QQIQXQ=-/M8gHzjxpNU=,A4tgQv5cqkc=,3,82
2023-01-08,xIqe+QQIQXQ=,t+kFcRdzL6o=,/M8gHzjxpNU=,xIqe+QQIQXQ=-t+kFcRdzL6o=,A4tgQv5cqkc=,3,82
2023-01-08,xIqe+QQIQXQ=,t+kFcRdzL6o=,/M8gHzjxpNU=,t+kFcRdzL6o=-/M8gHzjxpNU=,A4tgQv5cqkc=,2,92
2023-01-08,xIqe+QQIQXQ=,t+kFcRdzL6o=,/M8gHzjxpNU=,xIqe+QQIQXQ=-/M8gHzjxpNU=,A4tgQv5cqkc=,2,92
2023-01-08,xIqe+QQIQXQ=,t+kFcRdzL6o=,/M8gHzjxpNU=,xIqe+QQIQXQ=-t+kFcRdzL6o=,A4tgQv5cqkc=,2,92
2023-01-08,xIqe+QQIQXQ=,t+kFcRdzL6o=,/M8gHzjxpNU=,t+kFcRdzL6o=-/M8gHzjxpNU=,A4tgQv5cqkc=,1,111
2023-01-08,xIqe+QQIQXQ=,t+kFcRdzL6o=,/M8gHzjxpNU=,xIqe+QQIQXQ=-/M8gHzjxpNU=,A4tgQv5cqkc=,1,115
2023-01-08,xIqe+QQIQXQ=,t+kFcRdzL6o=,/M8gHzjxpNU=,xIqe+QQIQXQ=-t+kFcRdzL6o=,A4tgQv5cqkc=,1,115
2023-01-08,xIqe+QQIQXQ=,t+kFcRdzL6o=,/M8gHzjxpNU=,t+kFcRdzL6o=-/M8gHzjxpNU=,A4tgQv5cqkc=,0,125
2023-01-08,xIqe+QQIQXQ=,t+kFcRdzL6o=,/M8gHzjxpNU=,xIqe+QQIQXQ=-/M8gHzjxpNU=,A4tgQv5cqkc=,0,130
2023-01-08,xIqe+QQIQXQ=,t+kFcRdzL6o=,/M8gHzjxpNU=,xIqe+QQIQXQ=-t+kFcRdzL6o=,A4tgQv5cqkc=,0,130
2023-01-08,xIqe+QQIQXQ=,t+kFcRdzL6o=,/M8gHzjxpNU=,t+kFcRdzL6o=-/M8gHzjxpNU=,A4tgQv5cqkc=,-1,125
2023-01-08,xIqe+QQIQXQ=,t+kFcRdzL6o=,/M8gHzjxpNU=,xIqe+QQIQXQ=-/M8gHzjxpNU=,A4tgQv5cqkc=,-1,130
2023-01-08,xIqe+QQIQXQ=,t+kFcRdzL6o=,/M8gHzjxpNU=,xIqe+QQIQXQ=-t+kFcRdzL6o=,A4tgQv5cqkc=,-1,130
2023-01-09,xIqe+QQIQXQ=,t+kFcRdzL6o=,/M8gHzjxpNU=,t+kFcRdzL6o=-/M8gHzjxpNU=,A4tgQv5cqkc=,29,14
2023-01-09,xIqe+QQIQXQ=,t+kFcRdzL6o=,/M8gHzjxpNU=,xIqe+QQIQXQ=-/M8gHzjxpNU=,A4tgQv5cqkc=,29,17
2023-01-09,xIqe+QQIQXQ=,t+kFcRdzL6o=,/M8gHzjxpNU=,xIqe+QQIQXQ=-t+kFcRdzL6o=,A4tgQv5cqkc=,29,17
2023-01-09,xIqe+QQIQXQ=,t+kFcRdzL6o=,/M8gHzjxpNU=,t+kFcRdzL6o=-/M8gHzjxpNU=,A4tgQv5cqkc=,28,14
2023-01-09,xIqe+QQIQXQ=,t+kFcRdzL6o=,/M8gHzjxpNU=,xIqe+QQIQXQ=-/M8gHzjxpNU=,A4tgQv5cqkc=,28,17
2023-01-09,xIqe+QQIQXQ=,t+kFcRdzL6o=,/M8gHzjxpNU=,xIqe+QQIQXQ=-t+kFcRdzL6o=,A4tgQv5cqkc=,28,17
2023-01-09,xIqe+QQIQXQ=,t+kFcRdzL6o=,/M8gHzjxpNU=,t+kFcRdzL6o=-/M8gHzjxpNU=,A4tgQv5cqkc=,27,14
2023-01-09,xIqe+QQIQXQ=,t+kFcRdzL6o=,/M8gHzjxpNU=,xIqe+QQIQXQ=-/M8gHzjxpNU=,A4tgQv5cqkc=,27,17
2023-01-09,xIqe+QQIQXQ=,t+kFcRdzL6o=,/M8gHzjxpNU=,xIqe+QQIQXQ=-t+kFcRdzL6o=,A4tgQv5cqkc=,27,17
2023-01-09,xIqe+QQIQXQ=,t+kFcRdzL6o=,/M8gHzjxpNU=,t+kFcRdzL6o=-/M8gHzjxpNU=,A4tgQv5cqkc=,26,17
2023-01-09,xIqe+QQIQXQ=,t+kFcRdzL6o=,/M8gHzjxpNU=,xIqe+QQIQXQ=-/M8gHzjxpNU=,A4tgQv5cqkc=,26,17
2023-01-09,xIqe+QQIQXQ=,t+kFcRdzL6o=,/M8gHzjxpNU=,xIqe+QQIQXQ=-t+kFcRdzL6o=,A4tgQv5cqkc=,26,17
2023-01-09,xIqe+QQIQXQ=,t+kFcRdzL6o=,/M8gHzjxpNU=,t+kFcRdzL6o=-/M8gHzjxpNU=,A4tgQv5cqkc=,25,17
2023-01-09,xIqe+QQIQXQ=,t+kFcRdzL6o=,/M8gHzjxpNU=,xIqe+QQIQXQ=-/M8gHzjxpNU=,A4tgQv5cqkc=,25,17
2023-01-09,xIqe+QQIQXQ=,t+kFcRdzL6o=,/M8gHzjxpNU=,xIqe+QQIQXQ=-t+kFcRdzL6o=,A4tgQv5cqkc=,25,17
2023-01-09,xIqe+QQIQXQ=,t+kFcRdzL6o=,/M8gHzjxpNU=,t+kFcRdzL6o=-/M8gHzjxpNU=,A4tgQv5cqkc=,24,17
2023-01-09,xIqe+QQIQXQ=,t+kFcRdzL6o=,/M8gHzjxpNU=,xIqe+QQIQXQ=-/M8gHzjxpNU=,A4tgQv5cqkc=,24,18
2023-01-09,xIqe+QQIQXQ=,t+kFcRdzL6o=,/M8gHzjxpNU=,xIqe+QQIQXQ=-t+kFcRdzL6o=,A4tgQv5cqkc=,24,18
2023-01-09,xIqe+QQIQXQ=,t+kFcRdzL6o=,/M8gHzjxpNU=,t+kFcRdzL6o=-/M8gHzjxpNU=,A4tgQv5cqkc=,23,17
2023-01-09,xIqe+QQIQXQ=,t+kFcRdzL6o=,/M8gHzjxpNU=,xIqe+QQIQXQ=-/M8gHzjxpNU=,A4tgQv5cqkc=,23,19
2023-01-09,xIqe+QQIQXQ=,t+kFcRdzL6o=,/M8gHzjxpNU=,xIqe+QQIQXQ=-t+kFcRdzL6o=,A4tgQv5cqkc=,23,19
2023-01-09,xIqe+QQIQXQ=,t+kFcRdzL6o=,/M8gHzjxpNU=,t+kFcRdzL6o=-/M8gHzjxpNU=,A4tgQv5cqkc=,22,19
2023-01-09,xIqe+QQIQXQ=,t+kFcRdzL6o=,/M8gHzjxpNU=,xIqe+QQIQXQ=-/M8gHzjxpNU=,A4tgQv5cqkc=,22,23
2023-01-09,xIqe+QQIQXQ=,t+kFcRdzL6o=,/M8gHzjxpNU=,xIqe+QQIQXQ=-t+kFcRdzL6o=,A4tgQv5cqkc=,22,23
2023-01-09,xIqe+QQIQXQ=,t+kFcRdzL6o=,/M8gHzjxpNU=,t+kFcRdzL6o=-/M8gHzjxpNU=,A4tgQv5cqkc=,21,21
2023-01-09,xIqe+QQIQXQ=,t+kFcRdzL6o=,/M8gHzjxpNU=,xIqe+QQIQXQ=-/M8gHzjxpNU=,A4tgQv5cqkc=,21,23
2023-01-09,xIqe+QQIQXQ=,t+kFcRdzL6o=,/M8gHzjxpNU=,xIqe+QQIQXQ=-t+kFcRdzL6o=,A4tgQv5cqkc=,21,23
2023-01-09,xIqe+QQIQXQ=,t+kFcRdzL6o=,/M8gHzjxpNU=,t+kFcRdzL6o=-/M8gHzjxpNU=,A4tgQv5cqkc=,20,25
2023-01-09,xIqe+QQIQXQ=,t+kFcRdzL6o=,/M8gHzjxpNU=,xIqe+QQIQXQ=-/M8gHzjxpNU=,A4tgQv5cqkc=,20,25
2023-01-09,xIqe+QQIQXQ=,t+kFcRdzL6o=,/M8gHzjxpNU=,xIqe+QQIQXQ=-t+kFcRdzL6o=,A4tgQv5cqkc=,20,25
2023-01-09,xIqe+QQIQXQ=,t+kFcRdzL6o=,/M8gHzjxpNU=,t+kFcRdzL6o=-/M8gHzjxpNU=,A4tgQv5cqkc=,19,25
2023-01-09,xIqe+QQIQXQ=,t+kFcRdzL6o=,/M8gHzjxpNU=,xIqe+QQIQXQ=-/M8gHzjxpNU=,A4tgQv5cqkc=,19,25
2023-01-09,xIqe+QQIQXQ=,t+kFcRdzL6o=,/M8gHzjxpNU=,xIqe+QQIQXQ=-t+kFcRdzL6o=,A4tgQv5cqkc=,19,25
2023-01-09,xIqe+QQIQXQ=,t+kFcRdzL6o=,/M8gHzjxpNU=,t+kFcRdzL6o=-/M8gHzjxpNU=,A4tgQv5cqkc=,18,26
2023-01-09,xIqe+QQIQXQ=,t+kFcRdzL6o=,/M8gHzjxpNU=,xIqe+QQIQXQ=-/M8gHzjxpNU=,A4tgQv5cqkc=,18,26
2023-01-09,xIqe+QQIQXQ=,t+kFcRdzL6o=,/M8gHzjxpNU=,xIqe+QQIQXQ=-t+kFcRdzL6o=,A4tgQv5cqkc=,18,26
2023-01-09,xIqe+QQIQXQ=,t+kFcRdzL6o=,/M8gHzjxpNU=,t+kFcRdzL6o=-/M8gHzjxpNU=,A4tgQv5cqkc=,17,27
2023-01-09,xIqe+QQIQXQ=,t+kFcRdzL6o=,/M8gHzjxpNU=,xIqe+QQIQXQ=-/M8gHzjxpNU=,A4tgQv5cqkc=,17,27
2023-01-09,xIqe+QQIQXQ=,t+kFcRdzL6o=,/M8gHzjxpNU=,xIqe+QQIQXQ=-t+kFcRdzL6o=,A4tgQv5cqkc=,17,27
2023-01-09,xIqe+QQIQXQ=,t+kFcRdzL6o=,/M8gHzjxpNU=,t+kFcRdzL6o=-/M8gHzjxpNU=,A4tgQv5cqkc=,16,31
2023-01-09,xIqe+QQIQXQ=,t+kFcRdzL6o=,/M8gHzjxpNU=,xIqe+QQIQXQ=-/M8gHzjxpNU=,A4tgQv5cqkc=,16,31
2023-01-09,xIqe+QQIQXQ=,t+kFcRdzL6o=,/M8gHzjxpNU=,xIqe+QQIQXQ=-t+kFcRdzL6o=,A4tgQv5cqkc=,16,31
2023-01-09,xIqe+QQIQXQ=,t+kFcRdzL6o=,/M8gHzjxpNU=,t+kFcRdzL6o=-/M8gHzjxpNU=,A4tgQv5cqkc=,15,31
2023-01-09,xIqe+QQIQXQ=,t+kFcRdzL6o=,/M8gHzjxpNU=,xIqe+QQIQXQ=-/M8gHzjxpNU=,A4tgQv5cqkc=,15,31
2023-01-09,xIqe+QQIQXQ=,t+kFcRdzL6o=,/M8gHzjxpNU=,xIqe+QQIQXQ=-t+kFcRdzL6o=,A4tgQv5cqkc=,15,31
2023-01-09,xIqe+QQIQXQ=,t+kFcRdzL6o=,/M8gHzjxpNU=,t+kFcRdzL6o=-/M8gHzjxpNU=,A4tgQv5cqkc=,14,31
2023-01-09,xIqe+QQIQXQ=,t+kFcRdzL6o=,/M8gHzjxpNU=,xIqe+QQIQXQ=-/M8gHzjxpNU=,A4tgQv5cqkc=,14,31
2023-01-09,xIqe+QQIQXQ=,t+kFcRdzL6o=,/M8gHzjxpNU=,xIqe+QQIQXQ=-t+kFcRdzL6o=,A4tgQv5cqkc=,14,31
2023-01-09,xIqe+QQIQXQ=,t+kFcRdzL6o=,/M8gHzjxpNU=,t+kFcRdzL6o=-/M8gHzjxpNU=,A4tgQv5cqkc=,13,29
2023-01-09,xIqe+QQIQXQ=,t+kFcRdzL6o=,/M8gHzjxpNU=,xIqe+QQIQXQ=-/M8gHzjxpNU=,A4tgQv5cqkc=,13,29
2023-01-09,xIqe+QQIQXQ=,t+kFcRdzL6o=,/M8gHzjxpNU=,xIqe+QQIQXQ=-t+kFcRdzL6o=,A4tgQv5cqkc=,13,29
2023-01-09,xIqe+QQIQXQ=,t+kFcRdzL6o=,/M8gHzjxpNU=,t+kFcRdzL6o=-/M8gHzjxpNU=,A4tgQv5cqkc=,12,33
2023-01-09,xIqe+QQIQXQ=,t+kFcRdzL6o=,/M8gHzjxpNU=,xIqe+QQIQXQ=-/M8gHzjxpNU=,A4tgQv5cqkc=,12,32
2023-01-09,xIqe+QQIQXQ=,t+kFcRdzL6o=,/M8gHzjxpNU=,xIqe+QQIQXQ=-t+kFcRdzL6o=,A4tgQv5cqkc=,12,32
2023-01-09,xIqe+QQIQXQ=,t+kFcRdzL6o=,/M8gHzjxpNU=,t+kFcRdzL6o=-/M8gHzjxpNU=,A4tgQv5cqkc=,11,33
2023-01-09,xIqe+QQIQXQ=,t+kFcRdzL6o=,/M8gHzjxpNU=,xIqe+QQIQXQ=-/M8gHzjxpNU=,A4tgQv5cqkc=,11,33
2023-01-09,xIqe+QQIQXQ=,t+kFcRdzL6o=,/M8gHzjxpNU=,xIqe+QQIQXQ=-t+kFcRdzL6o=,A4tgQv5cqkc=,11,33
2023-01-09,xIqe+QQIQXQ=,t+kFcRdzL6o=,/M8gHzjxpNU=,t+kFcRdzL6o=-/M8gHzjxpNU=,A4tgQv5cqkc=,10,36
2023-01-09,xIqe+QQIQXQ=,t+kFcRdzL6o=,/M8gHzjxpNU=,xIqe+QQIQXQ=-/M8gHzjxpNU=,A4tgQv5cqkc=,10,36
2023-01-09,xIqe+QQIQXQ=,t+kFcRdzL6o=,/M8gHzjxpNU=,xIqe+QQIQXQ=-t+kFcRdzL6o=,A4tgQv5cqkc=,10,36
2023-01-09,xIqe+QQIQXQ=,t+kFcRdzL6o=,/M8gHzjxpNU=,t+kFcRdzL6o=-/M8gHzjxpNU=,A4tgQv5cqkc=,9,37
2023-01-09,xIqe+QQIQXQ=,t+kFcRdzL6o=,/M8gHzjxpNU=,xIqe+QQIQXQ=-/M8gHzjxpNU=,A4tgQv5cqkc=,9,37
2023-01-09,xIqe+QQIQXQ=,t+kFcRdzL6o=,/M8gHzjxpNU=,xIqe+QQIQXQ=-t+kFcRdzL6o=,A4tgQv5cqkc=,9,37
2023-01-09,xIqe+QQIQXQ=,t+kFcRdzL6o=,/M8gHzjxpNU=,t+kFcRdzL6o=-/M8gHzjxpNU=,A4tgQv5cqkc=,8,43
2023-01-09,xIqe+QQIQXQ=,t+kFcRdzL6o=,/M8gHzjxpNU=,xIqe+QQIQXQ=-/M8gHzjxpNU=,A4tgQv5cqkc=,8,43
2023-01-09,xIqe+QQIQXQ=,t+kFcRdzL6o=,/M8gHzjxpNU=,xIqe+QQIQXQ=-t+kFcRdzL6o=,A4tgQv5cqkc=,8,43
2023-01-09,xIqe+QQIQXQ=,t+kFcRdzL6o=,/M8gHzjxpNU=,t+kFcRdzL6o=-/M8gHzjxpNU=,A4tgQv5cqkc=,7,44
2023-01-09,xIqe+QQIQXQ=,t+kFcRdzL6o=,/M8gHzjxpNU=,xIqe+QQIQXQ=-/M8gHzjxpNU=,A4tgQv5cqkc=,7,44
2023-01-09,xIqe+QQIQXQ=,t+kFcRdzL6o=,/M8gHzjxpNU=,xIqe+QQIQXQ=-t+kFcRdzL6o=,A4tgQv5cqkc=,7,44
2023-01-09,xIqe+QQIQXQ=,t+kFcRdzL6o=,/M8gHzjxpNU=,t+kFcRdzL6o=-/M8gHzjxpNU=,A4tgQv5cqkc=,6,52
2023-01-09,xIqe+QQIQXQ=,t+kFcRdzL6o=,/M8gHzjxpNU=,xIqe+QQIQXQ=-/M8gHzjxpNU=,A4tgQv5cqkc=,6,50
2023-01-09,xIqe+QQIQXQ=,t+kFcRdzL6o=,/M8gHzjxpNU=,xIqe+QQIQXQ=-t+kFcRdzL6o=,A4tgQv5cqkc=,6,50
2023-01-09,xIqe+QQIQXQ=,t+kFcRdzL6o=,/M8gHzjxpNU=,t+kFcRdzL6o=-/M8gHzjxpNU=,A4tgQv5cqkc=,5,55
2023-01-09,xIqe+QQIQXQ=,t+kFcRdzL6o=,/M8gHzjxpNU=,xIqe+QQIQXQ=-/M8gHzjxpNU=,A4tgQv5cqkc=,5,56
2023-01-09,xIqe+QQIQXQ=,t+kFcRdzL6o=,/M8gHzjxpNU=,xIqe+QQIQXQ=-t+kFcRdzL6o=,A4tgQv5cqkc=,5,56
2023-01-09,xIqe+QQIQXQ=,t+kFcRdzL6o=,/M8gHzjxpNU=,t+kFcRdzL6o=-/M8gHzjxpNU=,A4tgQv5cqkc=,4,59
2023-01-09,xIqe+QQIQXQ=,t+kFcRdzL6o=,/M8gHzjxpNU=,xIqe+QQIQXQ=-/M8gHzjxpNU=,A4tgQv5cqkc=,4,58
2023-01-09,xIqe+QQIQXQ=,t+kFcRdzL6o=,/M8gHzjxpNU=,xIqe+QQIQXQ=-t+kFcRdzL6o=,A4tgQv5cqkc=,4,58
2023-01-09,xIqe+QQIQXQ=,t+kFcRdzL6o=,/M8gHzjxpNU=,t+kFcRdzL6o=-/M8gHzjxpNU=,A4tgQv5cqkc=,3,63
2023-01-09,xIqe+QQIQXQ=,t+kFcRdzL6o=,/M8gHzjxpNU=,xIqe+QQIQXQ=-/M8gHzjxpNU=,A4tgQv5cqkc=,3,60
2023-01-09,xIqe+QQIQXQ=,t+kFcRdzL6o=,/M8gHzjxpNU=,xIqe+QQIQXQ=-t+kFcRdzL6o=,A4tgQv5cqkc=,3,60
2023-01-09,xIqe+QQIQXQ=,t+kFcRdzL6o=,/M8gHzjxpNU=,t+kFcRdzL6o=-/M8gHzjxpNU=,A4tgQv5cqkc=,2,65
2023-01-09,xIqe+QQIQXQ=,t+kFcRdzL6o=,/M8gHzjxpNU=,xIqe+QQIQXQ=-/M8gHzjxpNU=,A4tgQv5cqkc=,2,62
2023-01-09,xIqe+QQIQXQ=,t+kFcRdzL6o=,/M8gHzjxpNU=,xIqe+QQIQXQ=-t+kFcRdzL6o=,A4tgQv5cqkc=,2,62
2023-01-09,xIqe+QQIQXQ=,t+kFcRdzL6o=,/M8gHzjxpNU=,t+kFcRdzL6o=-/M8gHzjxpNU=,A4tgQv5cqkc=,1,72
2023-01-09,xIqe+QQIQXQ=,t+kFcRdzL6o=,/M8gHzjxpNU=,xIqe+QQIQXQ=-/M8gHzjxpNU=,A4tgQv5cqkc=,1,68
2023-01-09,xIqe+QQIQXQ=,t+kFcRdzL6o=,/M8gHzjxpNU=,xIqe+QQIQXQ=-t+kFcRdzL6o=,A4tgQv5cqkc=,1,68
2023-01-09,xIqe+QQIQXQ=,t+kFcRdzL6o=,/M8gHzjxpNU=,t+kFcRdzL6o=-/M8gHzjxpNU=,A4tgQv5cqkc=,0,83
2023-01-09,xIqe+QQIQXQ=,t+kFcRdzL6o=,/M8gHzjxpNU=,xIqe+QQIQXQ=-/M8gHzjxpNU=,A4tgQv5cqkc=,0,68
2023-01-09,xIqe+QQIQXQ=,t+kFcRdzL6o=,/M8gHzjxpNU=,xIqe+QQIQXQ=-t+kFcRdzL6o=,A4tgQv5cqkc=,0,68
2023-01-09,xIqe+QQIQXQ=,t+kFcRdzL6o=,/M8gHzjxpNU=,t+kFcRdzL6o=-/M8gHzjxpNU=,A4tgQv5cqkc=,-1,83
2023-01-09,xIqe+QQIQXQ=,t+kFcRdzL6o=,/M8gHzjxpNU=,xIqe+QQIQXQ=-/M8gHzjxpNU=,A4tgQv5cqkc=,-1,19
2023-01-09,xIqe+QQIQXQ=,t+kFcRdzL6o=,/M8gHzjxpNU=,xIqe+QQIQXQ=-t+kFcRdzL6o=,A4tgQv5cqkc=,-1,19
2023-01-11,xIqe+QQIQXQ=,t+kFcRdzL6o=,/M8gHzjxpNU=,t+kFcRdzL6o=-/M8gHzjxpNU=,A4tgQv5cqkc=,29,15
2023-01-11,xIqe+QQIQXQ=,t+kFcRdzL6o=,/M8gHzjxpNU=,xIqe+QQIQXQ=-/M8gHzjxpNU=,A4tgQv5cqkc=,29,18
2023-01-11,xIqe+QQIQXQ=,t+kFcRdzL6o=,/M8gHzjxpNU=,xIqe+QQIQXQ=-t+kFcRdzL6o=,A4tgQv5cqkc=,29,18
2023-01-11,xIqe+QQIQXQ=,t+kFcRdzL6o=,/M8gHzjxpNU=,t+kFcRdzL6o=-/M8gHzjxpNU=,A4tgQv5cqkc=,28,16
2023-01-11,xIqe+QQIQXQ=,t+kFcRdzL6o=,/M8gHzjxpNU=,xIqe+QQIQXQ=-/M8gHzjxpNU=,A4tgQv5cqkc=,28,20
2023-01-11,xIqe+QQIQXQ=,t+kFcRdzL6o=,/M8gHzjxpNU=,xIqe+QQIQXQ=-t+kFcRdzL6o=,A4tgQv5cqkc=,28,20
2023-01-11,xIqe+QQIQXQ=,t+kFcRdzL6o=,/M8gHzjxpNU=,t+kFcRdzL6o=-/M8gHzjxpNU=,A4tgQv5cqkc=,27,16
2023-01-11,xIqe+QQIQXQ=,t+kFcRdzL6o=,/M8gHzjxpNU=,xIqe+QQIQXQ=-/M8gHzjxpNU=,A4tgQv5cqkc=,27,20
2023-01-11,xIqe+QQIQXQ=,t+kFcRdzL6o=,/M8gHzjxpNU=,xIqe+QQIQXQ=-t+kFcRdzL6o=,A4tgQv5cqkc=,27,20
2023-01-11,xIqe+QQIQXQ=,t+kFcRdzL6o=,/M8gHzjxpNU=,t+kFcRdzL6o=-/M8gHzjxpNU=,A4tgQv5cqkc=,26,17
2023-01-11,xIqe+QQIQXQ=,t+kFcRdzL6o=,/M8gHzjxpNU=,xIqe+QQIQXQ=-/M8gHzjxpNU=,A4tgQv5cqkc=,26,21
2023-01-11,xIqe+QQIQXQ=,t+kFcRdzL6o=,/M8gHzjxpNU=,xIqe+QQIQXQ=-t+kFcRdzL6o=,A4tgQv5cqkc=,26,21
2023-01-11,xIqe+QQIQXQ=,t+kFcRdzL6o=,/M8gHzjxpNU=,t+kFcRdzL6o=-/M8gHzjxpNU=,A4tgQv5cqkc=,25,17
2023-01-11,xIqe+QQIQXQ=,t+kFcRdzL6o=,/M8gHzjxpNU=,xIqe+QQIQXQ=-/M8gHzjxpNU=,A4tgQv5cqkc=,25,22
2023-01-11,xIqe+QQIQXQ=,t+kFcRdzL6o=,/M8gHzjxpNU=,xIqe+QQIQXQ=-t+kFcRdzL6o=,A4tgQv5cqkc=,25,22
2023-01-11,xIqe+QQIQXQ=,t+kFcRdzL6o=,/M8gHzjxpNU=,t+kFcRdzL6o=-/M8gHzjxpNU=,A4tgQv5cqkc=,24,17
2023-01-11,xIqe+QQIQXQ=,t+kFcRdzL6o=,/M8gHzjxpNU=,xIqe+QQIQXQ=-/M8gHzjxpNU=,A4tgQv5cqkc=,24,22
2023-01-11,xIqe+QQIQXQ=,t+kFcRdzL6o=,/M8gHzjxpNU=,xIqe+QQIQXQ=-t+kFcRdzL6o=,A4tgQv5cqkc=,24,22
2023-01-11,xIqe+QQIQXQ=,t+kFcRdzL6o=,/M8gHzjxpNU=,t+kFcRdzL6o=-/M8gHzjxpNU=,A4tgQv5cqkc=,23,17
2023-01-11,xIqe+QQIQXQ=,t+kFcRdzL6o=,/M8gHzjxpNU=,xIqe+QQIQXQ=-/M8gHzjxpNU=,A4tgQv5cqkc=,23,22
2023-01-11,xIqe+QQIQXQ=,t+kFcRdzL6o=,/M8gHzjxpNU=,xIqe+QQIQXQ=-t+kFcRdzL6o=,A4tgQv5cqkc=,23,22
2023-01-11,xIqe+QQIQXQ=,t+kFcRdzL6o=,/M8gHzjxpNU=,t+kFcRdzL6o=-/M8gHzjxpNU=,A4tgQv5cqkc=,22,17
2023-01-11,xIqe+QQIQXQ=,t+kFcRdzL6o=,/M8gHzjxpNU=,xIqe+QQIQXQ=-/M8gHzjxpNU=,A4tgQv5cqkc=,22,22
2023-01-11,xIqe+QQIQXQ=,t+kFcRdzL6o=,/M8gHzjxpNU=,xIqe+QQIQXQ=-t+kFcRdzL6o=,A4tgQv5cqkc=,22,22
2023-01-11,xIqe+QQIQXQ=,t+kFcRdzL6o=,/M8gHzjxpNU=,t+kFcRdzL6o=-/M8gHzjxpNU=,A4tgQv5cqkc=,21,18
2023-01-11,xIqe+QQIQXQ=,t+kFcRdzL6o=,/M8gHzjxpNU=,xIqe+QQIQXQ=-/M8gHzjxpNU=,A4tgQv5cqkc=,21,26
2023-01-11,xIqe+QQIQXQ=,t+kFcRdzL6o=,/M8gHzjxpNU=,xIqe+QQIQXQ=-t+kFcRdzL6o=,A4tgQv5cqkc=,21,26
2023-01-11,xIqe+QQIQXQ=,t+kFcRdzL6o=,/M8gHzjxpNU=,t+kFcRdzL6o=-/M8gHzjxpNU=,A4tgQv5cqkc=,20,18
2023-01-11,xIqe+QQIQXQ=,t+kFcRdzL6o=,/M8gHzjxpNU=,xIqe+QQIQXQ=-/M8gHzjxpNU=,A4tgQv5cqkc=,20,26
2023-01-11,xIqe+QQIQXQ=,t+kFcRdzL6o=,/M8gHzjxpNU=,xIqe+QQIQXQ=-t+kFcRdzL6o=,A4tgQv5cqkc=,20,26
2023-01-11,xIqe+QQIQXQ=,t+kFcRdzL6o=,/M8gHzjxpNU=,t+kFcRdzL6o=-/M8gHzjxpNU=,A4tgQv5cqkc=,19,18
2023-01-11,xIqe+QQIQXQ=,t+kFcRdzL6o=,/M8gHzjxpNU=,xIqe+QQIQXQ=-/M8gHzjxpNU=,A4tgQv5cqkc=,19,26
2023-01-11,xIqe+QQIQXQ=,t+kFcRdzL6o=,/M8gHzjxpNU=,xIqe+QQIQXQ=-t+kFcRdzL6o=,A4tgQv5cqkc=,19,26
2023-01-11,xIqe+QQIQXQ=,t+kFcRdzL6o=,/M8gHzjxpNU=,t+kFcRdzL6o=-/M8gHzjxpNU=,A4tgQv5cqkc=,18,18
2023-01-11,xIqe+QQIQXQ=,t+kFcRdzL6o=,/M8gHzjxpNU=,xIqe+QQIQXQ=-/M8gHzjxpNU=,A4tgQv5cqkc=,18,26
2023-01-11,xIqe+QQIQXQ=,t+kFcRdzL6o=,/M8gHzjxpNU=,xIqe+QQIQXQ=-t+kFcRdzL6o=,A4tgQv5cqkc=,18,26
2023-01-11,xIqe+QQIQXQ=,t+kFcRdzL6o=,/M8gHzjxpNU=,t+kFcRdzL6o=-/M8gHzjxpNU=,A4tgQv5cqkc=,17,21
2023-01-11,xIqe+QQIQXQ=,t+kFcRdzL6o=,/M8gHzjxpNU=,xIqe+QQIQXQ=-/M8gHzjxpNU=,A4tgQv5cqkc=,17,28
2023-01-11,xIqe+QQIQXQ=,t+kFcRdzL6o=,/M8gHzjxpNU=,xIqe+QQIQXQ=-t+kFcRdzL6o=,A4tgQv5cqkc=,17,28
2023-01-11,xIqe+QQIQXQ=,t+kFcRdzL6o=,/M8gHzjxpNU=,t+kFcRdzL6o=-/M8gHzjxpNU=,A4tgQv5cqkc=,16,21
2023-01-11,xIqe+QQIQXQ=,t+kFcRdzL6o=,/M8gHzjxpNU=,xIqe+QQIQXQ=-/M8gHzjxpNU=,A4tgQv5cqkc=,16,28
2023-01-11,xIqe+QQIQXQ=,t+kFcRdzL6o=,/M8gHzjxpNU=,xIqe+QQIQXQ=-t+kFcRdzL6o=,A4tgQv5cqkc=,16,28
2023-01-11,xIqe+QQIQXQ=,t+kFcRdzL6o=,/M8gHzjxpNU=,t+kFcRdzL6o=-/M8gHzjxpNU=,A4tgQv5cqkc=,15,22
2023-01-11,xIqe+QQIQXQ=,t+kFcRdzL6o=,/M8gHzjxpNU=,xIqe+QQIQXQ=-/M8gHzjxpNU=,A4tgQv5cqkc=,15,29
2023-01-11,xIqe+QQIQXQ=,t+kFcRdzL6o=,/M8gHzjxpNU=,xIqe+QQIQXQ=-t+kFcRdzL6o=,A4tgQv5cqkc=,15,29
2023-01-11,xIqe+QQIQXQ=,t+kFcRdzL6o=,/M8gHzjxpNU=,t+kFcRdzL6o=-/M8gHzjxpNU=,A4tgQv5cqkc=,14,25
2023-01-11,xIqe+QQIQXQ=,t+kFcRdzL6o=,/M8gHzjxpNU=,xIqe+QQIQXQ=-/M8gHzjxpNU=,A4tgQv5cqkc=,14,33
2023-01-11,xIqe+QQIQXQ=,t+kFcRdzL6o=,/M8gHzjxpNU=,xIqe+QQIQXQ=-t+kFcRdzL6o=,A4tgQv5cqkc=,14,33
2023-01-11,xIqe+QQIQXQ=,t+kFcRdzL6o=,/M8gHzjxpNU=,t+kFcRdzL6o=-/M8gHzjxpNU=,A4tgQv5cqkc=,13,25
2023-01-11,xIqe+QQIQXQ=,t+kFcRdzL6o=,/M8gHzjxpNU=,xIqe+QQIQXQ=-/M8gHzjxpNU=,A4tgQv5cqkc=,13,33
2023-01-11,xIqe+QQIQXQ=,t+kFcRdzL6o=,/M8gHzjxpNU=,xIqe+QQIQXQ=-t+kFcRdzL6o=,A4tgQv5cqkc=,13,33
2023-01-11,xIqe+QQIQXQ=,t+kFcRdzL6o=,/M8gHzjxpNU=,t+kFcRdzL6o=-/M8gHzjxpNU=,A4tgQv5cqkc=,12,26
2023-01-11,xIqe+QQIQXQ=,t+kFcRdzL6o=,/M8gHzjxpNU=,xIqe+QQIQXQ=-/M8gHzjxpNU=,A4tgQv5cqkc=,12,34
2023-01-11,xIqe+QQIQXQ=,t+kFcRdzL6o=,/M8gHzjxpNU=,xIqe+QQIQXQ=-t+kFcRdzL6o=,A4tgQv5cqkc=,12,34
2023-01-11,xIqe+QQIQXQ=,t+kFcRdzL6o=,/M8gHzjxpNU=,t+kFcRdzL6o=-/M8gHzjxpNU=,A4tgQv5cqkc=,11,27
2023-01-11,xIqe+QQIQXQ=,t+kFcRdzL6o=,/M8gHzjxpNU=,xIqe+QQIQXQ=-/M8gHzjxpNU=,A4tgQv5cqkc=,11,38
2023-01-11,xIqe+QQIQXQ=,t+kFcRdzL6o=,/M8gHzjxpNU=,xIqe+QQIQXQ=-t+kFcRdzL6o=,A4tgQv5cqkc=,11,38
2023-01-11,xIqe+QQIQXQ=,t+kFcRdzL6o=,/M8gHzjxpNU=,t+kFcRdzL6o=-/M8gHzjxpNU=,A4tgQv5cqkc=,10,26
2023-01-11,xIqe+QQIQXQ=,t+kFcRdzL6o=,/M8gHzjxpNU=,xIqe+QQIQXQ=-/M8gHzjxpNU=,A4tgQv5cqkc=,10,40
2023-01-11,xIqe+QQIQXQ=,t+kFcRdzL6o=,/M8gHzjxpNU=,xIqe+QQIQXQ=-t+kFcRdzL6o=,A4tgQv5cqkc=,10,40
2023-01-11,xIqe+QQIQXQ=,t+kFcRdzL6o=,/M8gHzjxpNU=,t+kFcRdzL6o=-/M8gHzjxpNU=,A4tgQv5cqkc=,9,25
2023-01-11,xIqe+QQIQXQ=,t+kFcRdzL6o=,/M8gHzjxpNU=,xIqe+QQIQXQ=-/M8gHzjxpNU=,A4tgQv5cqkc=,9,39
2023-01-11,xIqe+QQIQXQ=,t+kFcRdzL6o=,/M8gHzjxpNU=,xIqe+QQIQXQ=-t+kFcRdzL6o=,A4tgQv5cqkc=,9,39
2023-01-11,xIqe+QQIQXQ=,t+kFcRdzL6o=,/M8gHzjxpNU=,t+kFcRdzL6o=-/M8gHzjxpNU=,A4tgQv5cqkc=,8,28
2023-01-11,xIqe+QQIQXQ=,t+kFcRdzL6o=,/M8gHzjxpNU=,xIqe+QQIQXQ=-/M8gHzjxpNU=,A4tgQv5cqkc=,8,42
2023-01-11,xIqe+QQIQXQ=,t+kFcRdzL6o=,/M8gHzjxpNU=,xIqe+QQIQXQ=-t+kFcRdzL6o=,A4tgQv5cqkc=,8,42
2023-01-11,xIqe+QQIQXQ=,t+kFcRdzL6o=,/M8gHzjxpNU=,t+kFcRdzL6o=-/M8gHzjxpNU=,A4tgQv5cqkc=,7,37
2023-01-11,xIqe+QQIQXQ=,t+kFcRdzL6o=,/M8gHzjxpNU=,xIqe+QQIQXQ=-/M8gHzjxpNU=,A4tgQv5cqkc=,7,50
2023-01-11,xIqe+QQIQXQ=,t+kFcRdzL6o=,/M8gHzjxpNU=,xIqe+QQIQXQ=-t+kFcRdzL6o=,A4tgQv5cqkc=,7,50
2023-01-11,xIqe+QQIQXQ=,t+kFcRdzL6o=,/M8gHzjxpNU=,t+kFcRdzL6o=-/M8gHzjxpNU=,A4tgQv5cqkc=,6,44
2023-01-11,xIqe+QQIQXQ=,t+kFcRdzL6o=,/M8gHzjxpNU=,xIqe+QQIQXQ=-/M8gHzjxpNU=,A4tgQv5cqkc=,6,58
2023-01-11,xIqe+QQIQXQ=,t+kFcRdzL6o=,/M8gHzjxpNU=,xIqe+QQIQXQ=-t+kFcRdzL6o=,A4tgQv5cqkc=,6,58
2023-01-11,xIqe+QQIQXQ=,t+kFcRdzL6o=,/M8gHzjxpNU=,t+kFcRdzL6o=-/M8gHzjxpNU=,A4tgQv5cqkc=,5,50
2023-01-11,xIqe+QQIQXQ=,t+kFcRdzL6o=,/M8gHzjxpNU=,xIqe+QQIQXQ=-/M8gHzjxpNU=,A4tgQv5cqkc=,5,64
2023-01-11,xIqe+QQIQXQ=,t+kFcRdzL6o=,/M8gHzjxpNU=,xIqe+QQIQXQ=-t+kFcRdzL6o=,A4tgQv5cqkc=,5,64
2023-01-11,xIqe+QQIQXQ=,t+kFcRdzL6o=,/M8gHzjxpNU=,t+kFcRdzL6o=-/M8gHzjxpNU=,A4tgQv5cqkc=,4,51
2023-01-11,xIqe+QQIQXQ=,t+kFcRdzL6o=,/M8gHzjxpNU=,xIqe+QQIQXQ=-/M8gHzjxpNU=,A4tgQv5cqkc=,4,67
2023-01-11,xIqe+QQIQXQ=,t+kFcRdzL6o=,/M8gHzjxpNU=,xIqe+QQIQXQ=-t+kFcRdzL6o=,A4tgQv5cqkc=,4,67
2023-01-11,xIqe+QQIQXQ=,t+kFcRdzL6o=,/M8gHzjxpNU=,t+kFcRdzL6o=-/M8gHzjxpNU=,A4tgQv5cqkc=,3,66
2023-01-11,xIqe+QQIQXQ=,t+kFcRdzL6o=,/M8gHzjxpNU=,xIqe+QQIQXQ=-/M8gHzjxpNU=,A4tgQv5cqkc=,3,81
2023-01-11,xIqe+QQIQXQ=,t+kFcRdzL6o=,/M8gHzjxpNU=,xIqe+QQIQXQ=-t+kFcRdzL6o=,A4tgQv5cqkc=,3,81
2023-01-11,xIqe+QQIQXQ=,t+kFcRdzL6o=,/M8gHzjxpNU=,t+kFcRdzL6o=-/M8gHzjxpNU=,A4tgQv5cqkc=,2,77
2023-01-11,xIqe+QQIQXQ=,t+kFcRdzL6o=,/M8gHzjxpNU=,xIqe+QQIQXQ=-/M8gHzjxpNU=,A4tgQv5cqkc=,2,94
2023-01-11,xIqe+QQIQXQ=,t+kFcRdzL6o=,/M8gHzjxpNU=,xIqe+QQIQXQ=-t+kFcRdzL6o=,A4tgQv5cqkc=,2,94
2023-01-11,xIqe+QQIQXQ=,t+kFcRdzL6o=,/M8gHzjxpNU=,t+kFcRdzL6o=-/M8gHzjxpNU=,A4tgQv5cqkc=,1,87
2023-01-11,xIqe+QQIQXQ=,t+kFcRdzL6o=,/M8gHzjxpNU=,xIqe+QQIQXQ=-/M8gHzjxpNU=,A4tgQv5cqkc=,1,103
2023-01-11,xIqe+QQIQXQ=,t+kFcRdzL6o=,/M8gHzjxpNU=,xIqe+QQIQXQ=-t+kFcRdzL6o=,A4tgQv5cqkc=,1,103
2023-01-11,xIqe+QQIQXQ=,t+kFcRdzL6o=,/M8gHzjxpNU=,t+kFcRdzL6o=-/M8gHzjxpNU=,A4tgQv5cqkc=,0,107
2023-01-11,xIqe+QQIQXQ=,t+kFcRdzL6o=,/M8gHzjxpNU=,xIqe+QQIQXQ=-/M8gHzjxpNU=,A4tgQv5cqkc=,0,124
2023-01-11,xIqe+QQIQXQ=,t+kFcRdzL6o=,/M8gHzjxpNU=,xIqe+QQIQXQ=-t+kFcRdzL6o=,A4tgQv5cqkc=,0,124
2023-01-11,xIqe+QQIQXQ=,t+kFcRdzL6o=,/M8gHzjxpNU=,t+kFcRdzL6o=-/M8gHzjxpNU=,A4tgQv5cqkc=,-1,107
2023-01-11,xIqe+QQIQXQ=,t+kFcRdzL6o=,/M8gHzjxpNU=,xIqe+QQIQXQ=-/M8gHzjxpNU=,A4tgQv5cqkc=,-1,124
2023-01-11,xIqe+QQIQXQ=,t+kFcRdzL6o=,/M8gHzjxpNU=,xIqe+QQIQXQ=-t+kFcRdzL6o=,A4tgQv5cqkc=,-1,124
2023-01-13,xIqe+QQIQXQ=,t+kFcRdzL6o=,/M8gHzjxpNU=,t+kFcRdzL6o=-/M8gHzjxpNU=,A4tgQv5cqkc=,29,20
2023-01-13,xIqe+QQIQXQ=,t+kFcRdzL6o=,/M8gHzjxpNU=,xIqe+QQIQXQ=-/M8gHzjxpNU=,A4tgQv5cqkc=,29,24
2023-01-13,xIqe+QQIQXQ=,t+kFcRdzL6o=,/M8gHzjxpNU=,xIqe+QQIQXQ=-t+kFcRdzL6o=,A4tgQv5cqkc=,29,24
2023-01-13,xIqe+QQIQXQ=,t+kFcRdzL6o=,/M8gHzjxpNU=,t+kFcRdzL6o=-/M8gHzjxpNU=,A4tgQv5cqkc=,28,22
2023-01-13,xIqe+QQIQXQ=,t+kFcRdzL6o=,/M8gHzjxpNU=,xIqe+QQIQXQ=-/M8gHzjxpNU=,A4tgQv5cqkc=,28,24
2023-01-13,xIqe+QQIQXQ=,t+kFcRdzL6o=,/M8gHzjxpNU=,xIqe+QQIQXQ=-t+kFcRdzL6o=,A4tgQv5cqkc=,28,24
2023-01-13,xIqe+QQIQXQ=,t+kFcRdzL6o=,/M8gHzjxpNU=,t+kFcRdzL6o=-/M8gHzjxpNU=,A4tgQv5cqkc=,27,23
2023-01-13,xIqe+QQIQXQ=,t+kFcRdzL6o=,/M8gHzjxpNU=,xIqe+QQIQXQ=-/M8gHzjxpNU=,A4tgQv5cqkc=,27,25
2023-01-13,xIqe+QQIQXQ=,t+kFcRdzL6o=,/M8gHzjxpNU=,xIqe+QQIQXQ=-t+kFcRdzL6o=,A4tgQv5cqkc=,27,25
2023-01-13,xIqe+QQIQXQ=,t+kFcRdzL6o=,/M8gHzjxpNU=,t+kFcRdzL6o=-/M8gHzjxpNU=,A4tgQv5cqkc=,26,25
2023-01-13,xIqe+QQIQXQ=,t+kFcRdzL6o=,/M8gHzjxpNU=,xIqe+QQIQXQ=-/M8gHzjxpNU=,A4tgQv5cqkc=,26,28
2023-01-13,xIqe+QQIQXQ=,t+kFcRdzL6o=,/M8gHzjxpNU=,xIqe+QQIQXQ=-t+kFcRdzL6o=,A4tgQv5cqkc=,26,28
2023-01-13,xIqe+QQIQXQ=,t+kFcRdzL6o=,/M8gHzjxpNU=,t+kFcRdzL6o=-/M8gHzjxpNU=,A4tgQv5cqkc=,25,25
2023-01-13,xIqe+QQIQXQ=,t+kFcRdzL6o=,/M8gHzjxpNU=,xIqe+QQIQXQ=-/M8gHzjxpNU=,A4tgQv5cqkc=,25,29
2023-01-13,xIqe+QQIQXQ=,t+kFcRdzL6o=,/M8gHzjxpNU=,xIqe+QQIQXQ=-t+kFcRdzL6o=,A4tgQv5cqkc=,25,29
2023-01-13,xIqe+QQIQXQ=,t+kFcRdzL6o=,/M8gHzjxpNU=,t+kFcRdzL6o=-/M8gHzjxpNU=,A4tgQv5cqkc=,24,27
2023-01-13,xIqe+QQIQXQ=,t+kFcRdzL6o=,/M8gHzjxpNU=,xIqe+QQIQXQ=-/M8gHzjxpNU=,A4tgQv5cqkc=,24,30
2023-01-13,xIqe+QQIQXQ=,t+kFcRdzL6o=,/M8gHzjxpNU=,xIqe+QQIQXQ=-t+kFcRdzL6o=,A4tgQv5cqkc=,24,30
2023-01-13,xIqe+QQIQXQ=,t+kFcRdzL6o=,/M8gHzjxpNU=,t+kFcRdzL6o=-/M8gHzjxpNU=,A4tgQv5cqkc=,23,29
2023-01-13,xIqe+QQIQXQ=,t+kFcRdzL6o=,/M8gHzjxpNU=,xIqe+QQIQXQ=-/M8gHzjxpNU=,A4tgQv5cqkc=,23,32
2023-01-13,xIqe+QQIQXQ=,t+kFcRdzL6o=,/M8gHzjxpNU=,xIqe+QQIQXQ=-t+kFcRdzL6o=,A4tgQv5cqkc=,23,32
2023-01-13,xIqe+QQIQXQ=,t+kFcRdzL6o=,/M8gHzjxpNU=,t+kFcRdzL6o=-/M8gHzjxpNU=,A4tgQv5cqkc=,22,33
2023-01-13,xIqe+QQIQXQ=,t+kFcRdzL6o=,/M8gHzjxpNU=,xIqe+QQIQXQ=-/M8gHzjxpNU=,A4tgQv5cqkc=,22,37
2023-01-13,xIqe+QQIQXQ=,t+kFcRdzL6o=,/M8gHzjxpNU=,xIqe+QQIQXQ=-t+kFcRdzL6o=,A4tgQv5cqkc=,22,37
2023-01-13,xIqe+QQIQXQ=,t+kFcRdzL6o=,/M8gHzjxpNU=,t+kFcRdzL6o=-/M8gHzjxpNU=,A4tgQv5cqkc=,21,36
2023-01-13,xIqe+QQIQXQ=,t+kFcRdzL6o=,/M8gHzjxpNU=,xIqe+QQIQXQ=-/M8gHzjxpNU=,A4tgQv5cqkc=,21,40
2023-01-13,xIqe+QQIQXQ=,t+kFcRdzL6o=,/M8gHzjxpNU=,xIqe+QQIQXQ=-t+kFcRdzL6o=,A4tgQv5cqkc=,21,40
2023-01-13,xIqe+QQIQXQ=,t+kFcRdzL6o=,/M8gHzjxpNU=,t+kFcRdzL6o=-/M8gHzjxpNU=,A4tgQv5cqkc=,20,37
2023-01-13,xIqe+QQIQXQ=,t+kFcRdzL6o=,/M8gHzjxpNU=,xIqe+QQIQXQ=-/M8gHzjxpNU=,A4tgQv5cqkc=,20,43
2023-01-13,xIqe+QQIQXQ=,t+kFcRdzL6o=,/M8gHzjxpNU=,xIqe+QQIQXQ=-t+kFcRdzL6o=,A4tgQv5cqkc=,20,43
2023-01-13,xIqe+QQIQXQ=,t+kFcRdzL6o=,/M8gHzjxpNU=,t+kFcRdzL6o=-/M8gHzjxpNU=,A4tgQv5cqkc=,19,37
2023-01-13,xIqe+QQIQXQ=,t+kFcRdzL6o=,/M8gHzjxpNU=,xIqe+QQIQXQ=-/M8gHzjxpNU=,A4tgQv5cqkc=,19,44
2023-01-13,xIqe+QQIQXQ=,t+kFcRdzL6o=,/M8gHzjxpNU=,xIqe+QQIQXQ=-t+kFcRdzL6o=,A4tgQv5cqkc=,19,44
2023-01-13,xIqe+QQIQXQ=,t+kFcRdzL6o=,/M8gHzjxpNU=,t+kFcRdzL6o=-/M8gHzjxpNU=,A4tgQv5cqkc=,18,38
2023-01-13,xIqe+QQIQXQ=,t+kFcRdzL6o=,/M8gHzjxpNU=,xIqe+QQIQXQ=-/M8gHzjxpNU=,A4tgQv5cqkc=,18,45
2023-01-13,xIqe+QQIQXQ=,t+kFcRdzL6o=,/M8gHzjxpNU=,xIqe+QQIQXQ=-t+kFcRdzL6o=,A4tgQv5cqkc=,18,45
2023-01-13,xIqe+QQIQXQ=,t+kFcRdzL6o=,/M8gHzjxpNU=,t+kFcRdzL6o=-/M8gHzjxpNU=,A4tgQv5cqkc=,17,39
2023-01-13,xIqe+QQIQXQ=,t+kFcRdzL6o=,/M8gHzjxpNU=,xIqe+QQIQXQ=-/M8gHzjxpNU=,A4tgQv5cqkc=,17,47
2023-01-13,xIqe+QQIQXQ=,t+kFcRdzL6o=,/M8gHzjxpNU=,xIqe+QQIQXQ=-t+kFcRdzL6o=,A4tgQv5cqkc=,17,47
2023-01-13,xIqe+QQIQXQ=,t+kFcRdzL6o=,/M8gHzjxpNU=,t+kFcRdzL6o=-/M8gHzjxpNU=,A4tgQv5cqkc=,16,50
2023-01-13,xIqe+QQIQXQ=,t+kFcRdzL6o=,/M8gHzjxpNU=,xIqe+QQIQXQ=-/M8gHzjxpNU=,A4tgQv5cqkc=,16,58
2023-01-13,xIqe+QQIQXQ=,t+kFcRdzL6o=,/M8gHzjxpNU=,xIqe+QQIQXQ=-t+kFcRdzL6o=,A4tgQv5cqkc=,16,58
2023-01-13,xIqe+QQIQXQ=,t+kFcRdzL6o=,/M8gHzjxpNU=,t+kFcRdzL6o=-/M8gHzjxpNU=,A4tgQv5cqkc=,15,54
2023-01-13,xIqe+QQIQXQ=,t+kFcRdzL6o=,/M8gHzjxpNU=,xIqe+QQIQXQ=-/M8gHzjxpNU=,A4tgQv5cqkc=,15,62
2023-01-13,xIqe+QQIQXQ=,t+kFcRdzL6o=,/M8gHzjxpNU=,xIqe+QQIQXQ=-t+kFcRdzL6o=,A4tgQv5cqkc=,15,62
2023-01-13,xIqe+QQIQXQ=,t+kFcRdzL6o=,/M8gHzjxpNU=,t+kFcRdzL6o=-/M8gHzjxpNU=,A4tgQv5cqkc=,14,54
2023-01-13,xIqe+QQIQXQ=,t+kFcRdzL6o=,/M8gHzjxpNU=,xIqe+QQIQXQ=-/M8gHzjxpNU=,A4tgQv5cqkc=,14,63
2023-01-13,xIqe+QQIQXQ=,t+kFcRdzL6o=,/M8gHzjxpNU=,xIqe+QQIQXQ=-t+kFcRdzL6o=,A4tgQv5cqkc=,14,63
2023-01-13,xIqe+QQIQXQ=,t+kFcRdzL6o=,/M8gHzjxpNU=,t+kFcRdzL6o=-/M8gHzjxpNU=,A4tgQv5cqkc=,13,54
2023-01-13,xIqe+QQIQXQ=,t+kFcRdzL6o=,/M8gHzjxpNU=,xIqe+QQIQXQ=-/M8gHzjxpNU=,A4tgQv5cqkc=,13,63
2023-01-13,xIqe+QQIQXQ=,t+kFcRdzL6o=,/M8gHzjxpNU=,xIqe+QQIQXQ=-t+kFcRdzL6o=,A4tgQv5cqkc=,13,63
2023-01-13,xIqe+QQIQXQ=,t+kFcRdzL6o=,/M8gHzjxpNU=,t+kFcRdzL6o=-/M8gHzjxpNU=,A4tgQv5cqkc=,12,58
2023-01-13,xIqe+QQIQXQ=,t+kFcRdzL6o=,/M8gHzjxpNU=,xIqe+QQIQXQ=-/M8gHzjxpNU=,A4tgQv5cqkc=,12,67
2023-01-13,xIqe+QQIQXQ=,t+kFcRdzL6o=,/M8gHzjxpNU=,xIqe+QQIQXQ=-t+kFcRdzL6o=,A4tgQv5cqkc=,12,67
2023-01-13,xIqe+QQIQXQ=,t+kFcRdzL6o=,/M8gHzjxpNU=,t+kFcRdzL6o=-/M8gHzjxpNU=,A4tgQv5cqkc=,11,57
2023-01-13,xIqe+QQIQXQ=,t+kFcRdzL6o=,/M8gHzjxpNU=,xIqe+QQIQXQ=-/M8gHzjxpNU=,A4tgQv5cqkc=,11,65
2023-01-13,xIqe+QQIQXQ=,t+kFcRdzL6o=,/M8gHzjxpNU=,xIqe+QQIQXQ=-t+kFcRdzL6o=,A4tgQv5cqkc=,11,65
2023-01-13,xIqe+QQIQXQ=,t+kFcRdzL6o=,/M8gHzjxpNU=,t+kFcRdzL6o=-/M8gHzjxpNU=,A4tgQv5cqkc=,10,61
2023-01-13,xIqe+QQIQXQ=,t+kFcRdzL6o=,/M8gHzjxpNU=,xIqe+QQIQXQ=-/M8gHzjxpNU=,A4tgQv5cqkc=,10,69
2023-01-13,xIqe+QQIQXQ=,t+kFcRdzL6o=,/M8gHzjxpNU=,xIqe+QQIQXQ=-t+kFcRdzL6o=,A4tgQv5cqkc=,10,69
2023-01-13,xIqe+QQIQXQ=,t+kFcRdzL6o=,/M8gHzjxpNU=,t+kFcRdzL6o=-/M8gHzjxpNU=,A4tgQv5cqkc=,9,63
2023-01-13,xIqe+QQIQXQ=,t+kFcRdzL6o=,/M8gHzjxpNU=,xIqe+QQIQXQ=-/M8gHzjxpNU=,A4tgQv5cqkc=,9,68
2023-01-13,xIqe+QQIQXQ=,t+kFcRdzL6o=,/M8gHzjxpNU=,xIqe+QQIQXQ=-t+kFcRdzL6o=,A4tgQv5cqkc=,9,68
2023-01-13,xIqe+QQIQXQ=,t+kFcRdzL6o=,/M8gHzjxpNU=,t+kFcRdzL6o=-/M8gHzjxpNU=,A4tgQv5cqkc=,8,68
2023-01-13,xIqe+QQIQXQ=,t+kFcRdzL6o=,/M8gHzjxpNU=,xIqe+QQIQXQ=-/M8gHzjxpNU=,A4tgQv5cqkc=,8,74
2023-01-13,xIqe+QQIQXQ=,t+kFcRdzL6o=,/M8gHzjxpNU=,xIqe+QQIQXQ=-t+kFcRdzL6o=,A4tgQv5cqkc=,8,74
2023-01-13,xIqe+QQIQXQ=,t+kFcRdzL6o=,/M8gHzjxpNU=,t+kFcRdzL6o=-/M8gHzjxpNU=,A4tgQv5cqkc=,7,72
2023-01-13,xIqe+QQIQXQ=,t+kFcRdzL6o=,/M8gHzjxpNU=,xIqe+QQIQXQ=-/M8gHzjxpNU=,A4tgQv5cqkc=,7,77
2023-01-13,xIqe+QQIQXQ=,t+kFcRdzL6o=,/M8gHzjxpNU=,xIqe+QQIQXQ=-t+kFcRdzL6o=,A4tgQv5cqkc=,7,77
2023-01-13,xIqe+QQIQXQ=,t+kFcRdzL6o=,/M8gHzjxpNU=,t+kFcRdzL6o=-/M8gHzjxpNU=,A4tgQv5cqkc=,6,83
2023-01-13,xIqe+QQIQXQ=,t+kFcRdzL6o=,/M8gHzjxpNU=,xIqe+QQIQXQ=-/M8gHzjxpNU=,A4tgQv5cqkc=,6,88
2023-01-13,xIqe+QQIQXQ=,t+kFcRdzL6o=,/M8gHzjxpNU=,xIqe+QQIQXQ=-t+kFcRdzL6o=,A4tgQv5cqkc=,6,88
2023-01-13,xIqe+QQIQXQ=,t+kFcRdzL6o=,/M8gHzjxpNU=,t+kFcRdzL6o=-/M8gHzjxpNU=,A4tgQv5cqkc=,5,93
2023-01-13,xIqe+QQIQXQ=,t+kFcRdzL6o=,/M8gHzjxpNU=,xIqe+QQIQXQ=-/M8gHzjxpNU=,A4tgQv5cqkc=,5,97
2023-01-13,xIqe+QQIQXQ=,t+kFcRdzL6o=,/M8gHzjxpNU=,xIqe+QQIQXQ=-t+kFcRdzL6o=,A4tgQv5cqkc=,5,97
2023-01-13,xIqe+QQIQXQ=,t+kFcRdzL6o=,/M8gHzjxpNU=,t+kFcRdzL6o=-/M8gHzjxpNU=,A4tgQv5cqkc=,4,98
2023-01-13,xIqe+QQIQXQ=,t+kFcRdzL6o=,/M8gHzjxpNU=,xIqe+QQIQXQ=-/M8gHzjxpNU=,A4tgQv5cqkc=,4,103
2023-01-13,xIqe+QQIQXQ=,t+kFcRdzL6o=,/M8gHzjxpNU=,xIqe+QQIQXQ=-t+kFcRdzL6o=,A4tgQv5cqkc=,4,103
2023-01-13,xIqe+QQIQXQ=,t+kFcRdzL6o=,/M8gHzjxpNU=,t+kFcRdzL6o=-/M8gHzjxpNU=,A4tgQv5cqkc=,3,106
2023-01-13,xIqe+QQIQXQ=,t+kFcRdzL6o=,/M8gHzjxpNU=,xIqe+QQIQXQ=-/M8gHzjxpNU=,A4tgQv5cqkc=,3,114
2023-01-13,xIqe+QQIQXQ=,t+kFcRdzL6o=,/M8gHzjxpNU=,xIqe+QQIQXQ=-t+kFcRdzL6o=,A4tgQv5cqkc=,3,114
2023-01-13,xIqe+QQIQXQ=,t+kFcRdzL6o=,/M8gHzjxpNU=,t+kFcRdzL6o=-/M8gHzjxpNU=,A4tgQv5cqkc=,2,138
2023-01-13,xIqe+QQIQXQ=,t+kFcRdzL6o=,/M8gHzjxpNU=,xIqe+QQIQXQ=-/M8gHzjxpNU=,A4tgQv5cqkc=,2,147
2023-01-13,xIqe+QQIQXQ=,t+kFcRdzL6o=,/M8gHzjxpNU=,xIqe+QQIQXQ=-t+kFcRdzL6o=,A4tgQv5cqkc=,2,147
2023-01-13,xIqe+QQIQXQ=,t+kFcRdzL6o=,/M8gHzjxpNU=,t+kFcRdzL6o=-/M8gHzjxpNU=,A4tgQv5cqkc=,1,152
2023-01-13,xIqe+QQIQXQ=,t+kFcRdzL6o=,/M8gHzjxpNU=,xIqe+QQIQXQ=-/M8gHzjxpNU=,A4tgQv5cqkc=,1,162
2023-01-13,xIqe+QQIQXQ=,t+kFcRdzL6o=,/M8gHzjxpNU=,xIqe+QQIQXQ=-t+kFcRdzL6o=,A4tgQv5cqkc=,1,162
2023-01-13,xIqe+QQIQXQ=,t+kFcRdzL6o=,/M8gHzjxpNU=,t+kFcRdzL6o=-/M8gHzjxpNU=,A4tgQv5cqkc=,0,163
2023-01-13,xIqe+QQIQXQ=,t+kFcRdzL6o=,/M8gHzjxpNU=,xIqe+QQIQXQ=-/M8gHzjxpNU=,A4tgQv5cqkc=,0,174
2023-01-13,xIqe+QQIQXQ=,t+kFcRdzL6o=,/M8gHzjxpNU=,xIqe+QQIQXQ=-t+kFcRdzL6o=,A4tgQv5cqkc=,0,174
2023-01-13,xIqe+QQIQXQ=,t+kFcRdzL6o=,/M8gHzjxpNU=,t+kFcRdzL6o=-/M8gHzjxpNU=,A4tgQv5cqkc=,-1,163
2023-01-13,xIqe+QQIQXQ=,t+kFcRdzL6o=,/M8gHzjxpNU=,xIqe+QQIQXQ=-/M8gHzjxpNU=,A4tgQv5cqkc=,-1,174
2023-01-13,xIqe+QQIQXQ=,t+kFcRdzL6o=,/M8gHzjxpNU=,xIqe+QQIQXQ=-t+kFcRdzL6o=,A4tgQv5cqkc=,-1,174
2023-01-15,xIqe+QQIQXQ=,t+kFcRdzL6o=,/M8gHzjxpNU=,t+kFcRdzL6o=-/M8gHzjxpNU=,A4tgQv5cqkc=,29,24
2023-01-15,xIqe+QQIQXQ=,t+kFcRdzL6o=,/M8gHzjxpNU=,xIqe+QQIQXQ=-/M8gHzjxpNU=,A4tgQv5cqkc=,29,25
2023-01-15,xIqe+QQIQXQ=,t+kFcRdzL6o=,/M8gHzjxpNU=,xIqe+QQIQXQ=-t+kFcRdzL6o=,A4tgQv5cqkc=,29,25
2023-01-15,xIqe+QQIQXQ=,t+kFcRdzL6o=,/M8gHzjxpNU=,t+kFcRdzL6o=-/M8gHzjxpNU=,A4tgQv5cqkc=,28,24
2023-01-15,xIqe+QQIQXQ=,t+kFcRdzL6o=,/M8gHzjxpNU=,xIqe+QQIQXQ=-/M8gHzjxpNU=,A4tgQv5cqkc=,28,25
2023-01-15,xIqe+QQIQXQ=,t+kFcRdzL6o=,/M8gHzjxpNU=,xIqe+QQIQXQ=-t+kFcRdzL6o=,A4tgQv5cqkc=,28,25
2023-01-15,xIqe+QQIQXQ=,t+kFcRdzL6o=,/M8gHzjxpNU=,t+kFcRdzL6o=-/M8gHzjxpNU=,A4tgQv5cqkc=,27,24
2023-01-15,xIqe+QQIQXQ=,t+kFcRdzL6o=,/M8gHzjxpNU=,xIqe+QQIQXQ=-/M8gHzjxpNU=,A4tgQv5cqkc=,27,25
2023-01-15,xIqe+QQIQXQ=,t+kFcRdzL6o=,/M8gHzjxpNU=,xIqe+QQIQXQ=-t+kFcRdzL6o=,A4tgQv5cqkc=,27,25
2023-01-15,xIqe+QQIQXQ=,t+kFcRdzL6o=,/M8gHzjxpNU=,t+kFcRdzL6o=-/M8gHzjxpNU=,A4tgQv5cqkc=,26,24
2023-01-15,xIqe+QQIQXQ=,t+kFcRdzL6o=,/M8gHzjxpNU=,xIqe+QQIQXQ=-/M8gHzjxpNU=,A4tgQv5cqkc=,26,35
2023-01-15,xIqe+QQIQXQ=,t+kFcRdzL6o=,/M8gHzjxpNU=,xIqe+QQIQXQ=-t+kFcRdzL6o=,A4tgQv5cqkc=,26,35
2023-01-15,xIqe+QQIQXQ=,t+kFcRdzL6o=,/M8gHzjxpNU=,t+kFcRdzL6o=-/M8gHzjxpNU=,A4tgQv5cqkc=,25,26
2023-01-15,xIqe+QQIQXQ=,t+kFcRdzL6o=,/M8gHzjxpNU=,xIqe+QQIQXQ=-/M8gHzjxpNU=,A4tgQv5cqkc=,25,37
2023-01-15,xIqe+QQIQXQ=,t+kFcRdzL6o=,/M8gHzjxpNU=,xIqe+QQIQXQ=-t+kFcRdzL6o=,A4tgQv5cqkc=,25,37
2023-01-15,xIqe+QQIQXQ=,t+kFcRdzL6o=,/M8gHzjxpNU=,t+kFcRdzL6o=-/M8gHzjxpNU=,A4tgQv5cqkc=,24,26
2023-01-15,xIqe+QQIQXQ=,t+kFcRdzL6o=,/M8gHzjxpNU=,xIqe+QQIQXQ=-/M8gHzjxpNU=,A4tgQv5cqkc=,24,37
2023-01-15,xIqe+QQIQXQ=,t+kFcRdzL6o=,/M8gHzjxpNU=,xIqe+QQIQXQ=-t+kFcRdzL6o=,A4tgQv5cqkc=,24,37
2023-01-15,xIqe+QQIQXQ=,t+kFcRdzL6o=,/M8gHzjxpNU=,t+kFcRdzL6o=-/M8gHzjxpNU=,A4tgQv5cqkc=,23,26
2023-01-15,xIqe+QQIQXQ=,t+kFcRdzL6o=,/M8gHzjxpNU=,xIqe+QQIQXQ=-/M8gHzjxpNU=,A4tgQv5cqkc=,23,37
2023-01-15,xIqe+QQIQXQ=,t+kFcRdzL6o=,/M8gHzjxpNU=,xIqe+QQIQXQ=-t+kFcRdzL6o=,A4tgQv5cqkc=,23,37
2023-01-15,xIqe+QQIQXQ=,t+kFcRdzL6o=,/M8gHzjxpNU=,t+kFcRdzL6o=-/M8gHzjxpNU=,A4tgQv5cqkc=,22,28
2023-01-15,xIqe+QQIQXQ=,t+kFcRdzL6o=,/M8gHzjxpNU=,xIqe+QQIQXQ=-/M8gHzjxpNU=,A4tgQv5cqkc=,22,39
2023-01-15,xIqe+QQIQXQ=,t+kFcRdzL6o=,/M8gHzjxpNU=,xIqe+QQIQXQ=-t+kFcRdzL6o=,A4tgQv5cqkc=,22,39
2023-01-15,xIqe+QQIQXQ=,t+kFcRdzL6o=,/M8gHzjxpNU=,t+kFcRdzL6o=-/M8gHzjxpNU=,A4tgQv5cqkc=,21,28
2023-01-15,xIqe+QQIQXQ=,t+kFcRdzL6o=,/M8gHzjxpNU=,xIqe+QQIQXQ=-/M8gHzjxpNU=,A4tgQv5cqkc=,21,39
2023-01-15,xIqe+QQIQXQ=,t+kFcRdzL6o=,/M8gHzjxpNU=,xIqe+QQIQXQ=-t+kFcRdzL6o=,A4tgQv5cqkc=,21,39
2023-01-15,xIqe+QQIQXQ=,t+kFcRdzL6o=,/M8gHzjxpNU=,t+kFcRdzL6o=-/M8gHzjxpNU=,A4tgQv5cqkc=,20,31
2023-01-15,xIqe+QQIQXQ=,t+kFcRdzL6o=,/M8gHzjxpNU=,xIqe+QQIQXQ=-/M8gHzjxpNU=,A4tgQv5cqkc=,20,42
2023-01-15,xIqe+QQIQXQ=,t+kFcRdzL6o=,/M8gHzjxpNU=,xIqe+QQIQXQ=-t+kFcRdzL6o=,A4tgQv5cqkc=,20,42
2023-01-15,xIqe+QQIQXQ=,t+kFcRdzL6o=,/M8gHzjxpNU=,t+kFcRdzL6o=-/M8gHzjxpNU=,A4tgQv5cqkc=,19,34
2023-01-15,xIqe+QQIQXQ=,t+kFcRdzL6o=,/M8gHzjxpNU=,xIqe+QQIQXQ=-/M8gHzjxpNU=,A4tgQv5cqkc=,19,44
2023-01-15,xIqe+QQIQXQ=,t+kFcRdzL6o=,/M8gHzjxpNU=,xIqe+QQIQXQ=-t+kFcRdzL6o=,A4tgQv5cqkc=,19,44
2023-01-15,xIqe+QQIQXQ=,t+kFcRdzL6o=,/M8gHzjxpNU=,t+kFcRdzL6o=-/M8gHzjxpNU=,A4tgQv5cqkc=,18,34
2023-01-15,xIqe+QQIQXQ=,t+kFcRdzL6o=,/M8gHzjxpNU=,xIqe+QQIQXQ=-/M8gHzjxpNU=,A4tgQv5cqkc=,18,44
2023-01-15,xIqe+QQIQXQ=,t+kFcRdzL6o=,/M8gHzjxpNU=,xIqe+QQIQXQ=-t+kFcRdzL6o=,A4tgQv5cqkc=,18,44
2023-01-15,xIqe+QQIQXQ=,t+kFcRdzL6o=,/M8gHzjxpNU=,t+kFcRdzL6o=-/M8gHzjxpNU=,A4tgQv5cqkc=,17,35
2023-01-15,xIqe+QQIQXQ=,t+kFcRdzL6o=,/M8gHzjxpNU=,xIqe+QQIQXQ=-/M8gHzjxpNU=,A4tgQv5cqkc=,17,45
2023-01-15,xIqe+QQIQXQ=,t+kFcRdzL6o=,/M8gHzjxpNU=,xIqe+QQIQXQ=-t+kFcRdzL6o=,A4tgQv5cqkc=,17,45
2023-01-15,xIqe+QQIQXQ=,t+kFcRdzL6o=,/M8gHzjxpNU=,t+kFcRdzL6o=-/M8gHzjxpNU=,A4tgQv5cqkc=,16,38
2023-01-15,xIqe+QQIQXQ=,t+kFcRdzL6o=,/M8gHzjxpNU=,xIqe+QQIQXQ=-/M8gHzjxpNU=,A4tgQv5cqkc=,16,48
2023-01-15,xIqe+QQIQXQ=,t+kFcRdzL6o=,/M8gHzjxpNU=,xIqe+QQIQXQ=-t+kFcRdzL6o=,A4tgQv5cqkc=,16,48
2023-01-15,xIqe+QQIQXQ=,t+kFcRdzL6o=,/M8gHzjxpNU=,t+kFcRdzL6o=-/M8gHzjxpNU=,A4tgQv5cqkc=,15,40
2023-01-15,xIqe+QQIQXQ=,t+kFcRdzL6o=,/M8gHzjxpNU=,xIqe+QQIQXQ=-/M8gHzjxpNU=,A4tgQv5cqkc=,15,50
2023-01-15,xIqe+QQIQXQ=,t+kFcRdzL6o=,/M8gHzjxpNU=,xIqe+QQIQXQ=-t+kFcRdzL6o=,A4tgQv5cqkc=,15,50
2023-01-15,xIqe+QQIQXQ=,t+kFcRdzL6o=,/M8gHzjxpNU=,t+kFcRdzL6o=-/M8gHzjxpNU=,A4tgQv5cqkc=,14,50
2023-01-15,xIqe+QQIQXQ=,t+kFcRdzL6o=,/M8gHzjxpNU=,xIqe+QQIQXQ=-/M8gHzjxpNU=,A4tgQv5cqkc=,14,61
2023-01-15,xIqe+QQIQXQ=,t+kFcRdzL6o=,/M8gHzjxpNU=,xIqe+QQIQXQ=-t+kFcRdzL6o=,A4tgQv5cqkc=,14,61
2023-01-15,xIqe+QQIQXQ=,t+kFcRdzL6o=,/M8gHzjxpNU=,t+kFcRdzL6o=-/M8gHzjxpNU=,A4tgQv5cqkc=,13,57
2023-01-15,xIqe+QQIQXQ=,t+kFcRdzL6o=,/M8gHzjxpNU=,xIqe+QQIQXQ=-/M8gHzjxpNU=,A4tgQv5cqkc=,13,65
2023-01-15,xIqe+QQIQXQ=,t+kFcRdzL6o=,/M8gHzjxpNU=,xIqe+QQIQXQ=-t+kFcRdzL6o=,A4tgQv5cqkc=,13,65
2023-01-15,xIqe+QQIQXQ=,t+kFcRdzL6o=,/M8gHzjxpNU=,t+kFcRdzL6o=-/M8gHzjxpNU=,A4tgQv5cqkc=,12,59
2023-01-15,xIqe+QQIQXQ=,t+kFcRdzL6o=,/M8gHzjxpNU=,xIqe+QQIQXQ=-/M8gHzjxpNU=,A4tgQv5cqkc=,12,65
2023-01-15,xIqe+QQIQXQ=,t+kFcRdzL6o=,/M8gHzjxpNU=,xIqe+QQIQXQ=-t+kFcRdzL6o=,A4tgQv5cqkc=,12,65
2023-01-15,xIqe+QQIQXQ=,t+kFcRdzL6o=,/M8gHzjxpNU=,t+kFcRdzL6o=-/M8gHzjxpNU=,A4tgQv5cqkc=,11,67
2023-01-15,xIqe+QQIQXQ=,t+kFcRdzL6o=,/M8gHzjxpNU=,xIqe+QQIQXQ=-/M8gHzjxpNU=,A4tgQv5cqkc=,11,73
2023-01-15,xIqe+QQIQXQ=,t+kFcRdzL6o=,/M8gHzjxpNU=,xIqe+QQIQXQ=-t+kFcRdzL6o=,A4tgQv5cqkc=,11,73
2023-01-15,xIqe+QQIQXQ=,t+kFcRdzL6o=,/M8gHzjxpNU=,t+kFcRdzL6o=-/M8gHzjxpNU=,A4tgQv5cqkc=,10,83
2023-01-15,xIqe+QQIQXQ=,t+kFcRdzL6o=,/M8gHzjxpNU=,xIqe+QQIQXQ=-/M8gHzjxpNU=,A4tgQv5cqkc=,10,89
2023-01-15,xIqe+QQIQXQ=,t+kFcRdzL6o=,/M8gHzjxpNU=,xIqe+QQIQXQ=-t+kFcRdzL6o=,A4tgQv5cqkc=,10,89
2023-01-15,xIqe+QQIQXQ=,t+kFcRdzL6o=,/M8gHzjxpNU=,t+kFcRdzL6o=-/M8gHzjxpNU=,A4tgQv5cqkc=,9,87
2023-01-15,xIqe+QQIQXQ=,t+kFcRdzL6o=,/M8gHzjxpNU=,xIqe+QQIQXQ=-/M8gHzjxpNU=,A4tgQv5cqkc=,9,93
2023-01-15,xIqe+QQIQXQ=,t+kFcRdzL6o=,/M8gHzjxpNU=,xIqe+QQIQXQ=-t+kFcRdzL6o=,A4tgQv5cqkc=,9,93
2023-01-15,xIqe+QQIQXQ=,t+kFcRdzL6o=,/M8gHzjxpNU=,t+kFcRdzL6o=-/M8gHzjxpNU=,A4tgQv5cqkc=,8,92
2023-01-15,xIqe+QQIQXQ=,t+kFcRdzL6o=,/M8gHzjxpNU=,xIqe+QQIQXQ=-/M8gHzjxpNU=,A4tgQv5cqkc=,8,98
2023-01-15,xIqe+QQIQXQ=,t+kFcRdzL6o=,/M8gHzjxpNU=,xIqe+QQIQXQ=-t+kFcRdzL6o=,A4tgQv5cqkc=,8,98
2023-01-15,xIqe+QQIQXQ=,t+kFcRdzL6o=,/M8gHzjxpNU=,t+kFcRdzL6o=-/M8gHzjxpNU=,A4tgQv5cqkc=,7,98
2023-01-15,xIqe+QQIQXQ=,t+kFcRdzL6o=,/M8gHzjxpNU=,xIqe+QQIQXQ=-/M8gHzjxpNU=,A4tgQv5cqkc=,7,104
2023-01-15,xIqe+QQIQXQ=,t+kFcRdzL6o=,/M8gHzjxpNU=,xIqe+QQIQXQ=-t+kFcRdzL6o=,A4tgQv5cqkc=,7,104
2023-01-15,xIqe+QQIQXQ=,t+kFcRdzL6o=,/M8gHzjxpNU=,t+kFcRdzL6o=-/M8gHzjxpNU=,A4tgQv5cqkc=,6,106
2023-01-15,xIqe+QQIQXQ=,t+kFcRdzL6o=,/M8gHzjxpNU=,xIqe+QQIQXQ=-/M8gHzjxpNU=,A4tgQv5cqkc=,6,112
2023-01-15,xIqe+QQIQXQ=,t+kFcRdzL6o=,/M8gHzjxpNU=,xIqe+QQIQXQ=-t+kFcRdzL6o=,A4tgQv5cqkc=,6,112
2023-01-15,xIqe+QQIQXQ=,t+kFcRdzL6o=,/M8gHzjxpNU=,t+kFcRdzL6o=-/M8gHzjxpNU=,A4tgQv5cqkc=,5,120
2023-01-15,xIqe+QQIQXQ=,t+kFcRdzL6o=,/M8gHzjxpNU=,xIqe+QQIQXQ=-/M8gHzjxpNU=,A4tgQv5cqkc=,5,116
2023-01-15,xIqe+QQIQXQ=,t+kFcRdzL6o=,/M8gHzjxpNU=,xIqe+QQIQXQ=-t+kFcRdzL6o=,A4tgQv5cqkc=,5,116
2023-01-15,xIqe+QQIQXQ=,t+kFcRdzL6o=,/M8gHzjxpNU=,t+kFcRdzL6o=-/M8gHzjxpNU=,A4tgQv5cqkc=,4,134
2023-01-15,xIqe+QQIQXQ=,t+kFcRdzL6o=,/M8gHzjxpNU=,xIqe+QQIQXQ=-/M8gHzjxpNU=,A4tgQv5cqkc=,4,127
2023-01-15,xIqe+QQIQXQ=,t+kFcRdzL6o=,/M8gHzjxpNU=,xIqe+QQIQXQ=-t+kFcRdzL6o=,A4tgQv5cqkc=,4,127
2023-01-15,xIqe+QQIQXQ=,t+kFcRdzL6o=,/M8gHzjxpNU=,t+kFcRdzL6o=-/M8gHzjxpNU=,A4tgQv5cqkc=,3,151
2023-01-15,xIqe+QQIQXQ=,t+kFcRdzL6o=,/M8gHzjxpNU=,xIqe+QQIQXQ=-/M8gHzjxpNU=,A4tgQv5cqkc=,3,144
2023-01-15,xIqe+QQIQXQ=,t+kFcRdzL6o=,/M8gHzjxpNU=,xIqe+QQIQXQ=-t+kFcRdzL6o=,A4tgQv5cqkc=,3,144
2023-01-15,xIqe+QQIQXQ=,t+kFcRdzL6o=,/M8gHzjxpNU=,t+kFcRdzL6o=-/M8gHzjxpNU=,A4tgQv5cqkc=,2,158
2023-01-15,xIqe+QQIQXQ=,t+kFcRdzL6o=,/M8gHzjxpNU=,xIqe+QQIQXQ=-/M8gHzjxpNU=,A4tgQv5cqkc=,2,152
2023-01-15,xIqe+QQIQXQ=,t+kFcRdzL6o=,/M8gHzjxpNU=,xIqe+QQIQXQ=-t+kFcRdzL6o=,A4tgQv5cqkc=,2,152
2023-01-15,xIqe+QQIQXQ=,t+kFcRdzL6o=,/M8gHzjxpNU=,t+kFcRdzL6o=-/M8gHzjxpNU=,A4tgQv5cqkc=,1,164
2023-01-15,xIqe+QQIQXQ=,t+kFcRdzL6o=,/M8gHzjxpNU=,xIqe+QQIQXQ=-/M8gHzjxpNU=,A4tgQv5cqkc=,1,164
2023-01-15,xIqe+QQIQXQ=,t+kFcRdzL6o=,/M8gHzjxpNU=,xIqe+QQIQXQ=-t+kFcRdzL6o=,A4tgQv5cqkc=,1,164
2023-01-15,xIqe+QQIQXQ=,t+kFcRdzL6o=,/M8gHzjxpNU=,t+kFcRdzL6o=-/M8gHzjxpNU=,A4tgQv5cqkc=,0,170
2023-01-15,xIqe+QQIQXQ=,t+kFcRdzL6o=,/M8gHzjxpNU=,xIqe+QQIQXQ=-/M8gHzjxpNU=,A4tgQv5cqkc=,0,168
2023-01-15,xIqe+QQIQXQ=,t+kFcRdzL6o=,/M8gHzjxpNU=,xIqe+QQIQXQ=-t+kFcRdzL6o=,A4tgQv5cqkc=,0,168
2023-01-15,xIqe+QQIQXQ=,t+kFcRdzL6o=,/M8gHzjxpNU=,t+kFcRdzL6o=-/M8gHzjxpNU=,A4tgQv5cqkc=,-1,170
2023-01-15,xIqe+QQIQXQ=,t+kFcRdzL6o=,/M8gHzjxpNU=,xIqe+QQIQXQ=-/M8gHzjxpNU=,A4tgQv5cqkc=,-1,168
2023-01-15,xIqe+QQIQXQ=,t+kFcRdzL6o=,/M8gHzjxpNU=,xIqe+QQIQXQ=-t+kFcRdzL6o=,A4tgQv5cqkc=,-1,168
2023-01-16,xIqe+QQIQXQ=,t+kFcRdzL6o=,/M8gHzjxpNU=,t+kFcRdzL6o=-/M8gHzjxpNU=,A4tgQv5cqkc=,29,19
2023-01-16,xIqe+QQIQXQ=,t+kFcRdzL6o=,/M8gHzjxpNU=,xIqe+QQIQXQ=-/M8gHzjxpNU=,A4tgQv5cqkc=,29,20
2023-01-16,xIqe+QQIQXQ=,t+kFcRdzL6o=,/M8gHzjxpNU=,xIqe+QQIQXQ=-t+kFcRdzL6o=,A4tgQv5cqkc=,29,20
2023-01-16,xIqe+QQIQXQ=,t+kFcRdzL6o=,/M8gHzjxpNU=,t+kFcRdzL6o=-/M8gHzjxpNU=,A4tgQv5cqkc=,28,20
2023-01-16,xIqe+QQIQXQ=,t+kFcRdzL6o=,/M8gHzjxpNU=,xIqe+QQIQXQ=-/M8gHzjxpNU=,A4tgQv5cqkc=,28,21
2023-01-16,xIqe+QQIQXQ=,t+kFcRdzL6o=,/M8gHzjxpNU=,xIqe+QQIQXQ=-t+kFcRdzL6o=,A4tgQv5cqkc=,28,21
2023-01-16,xIqe+QQIQXQ=,t+kFcRdzL6o=,/M8gHzjxpNU=,t+kFcRdzL6o=-/M8gHzjxpNU=,A4tgQv5cqkc=,27,20
2023-01-16,xIqe+QQIQXQ=,t+kFcRdzL6o=,/M8gHzjxpNU=,xIqe+QQIQXQ=-/M8gHzjxpNU=,A4tgQv5cqkc=,27,21
2023-01-16,xIqe+QQIQXQ=,t+kFcRdzL6o=,/M8gHzjxpNU=,xIqe+QQIQXQ=-t+kFcRdzL6o=,A4tgQv5cqkc=,27,21
2023-01-16,xIqe+QQIQXQ=,t+kFcRdzL6o=,/M8gHzjxpNU=,t+kFcRdzL6o=-/M8gHzjxpNU=,A4tgQv5cqkc=,26,20
2023-01-16,xIqe+QQIQXQ=,t+kFcRdzL6o=,/M8gHzjxpNU=,xIqe+QQIQXQ=-/M8gHzjxpNU=,A4tgQv5cqkc=,26,21
2023-01-16,xIqe+QQIQXQ=,t+kFcRdzL6o=,/M8gHzjxpNU=,xIqe+QQIQXQ=-t+kFcRdzL6o=,A4tgQv5cqkc=,26,21
2023-01-16,xIqe+QQIQXQ=,t+kFcRdzL6o=,/M8gHzjxpNU=,t+kFcRdzL6o=-/M8gHzjxpNU=,A4tgQv5cqkc=,25,20
2023-01-16,xIqe+QQIQXQ=,t+kFcRdzL6o=,/M8gHzjxpNU=,xIqe+QQIQXQ=-/M8gHzjxpNU=,A4tgQv5cqkc=,25,21
2023-01-16,xIqe+QQIQXQ=,t+kFcRdzL6o=,/M8gHzjxpNU=,xIqe+QQIQXQ=-t+kFcRdzL6o=,A4tgQv5cqkc=,25,21
2023-01-16,xIqe+QQIQXQ=,t+kFcRdzL6o=,/M8gHzjxpNU=,t+kFcRdzL6o=-/M8gHzjxpNU=,A4tgQv5cqkc=,24,23
2023-01-16,xIqe+QQIQXQ=,t+kFcRdzL6o=,/M8gHzjxpNU=,xIqe+QQIQXQ=-/M8gHzjxpNU=,A4tgQv5cqkc=,24,24
2023-01-16,xIqe+QQIQXQ=,t+kFcRdzL6o=,/M8gHzjxpNU=,xIqe+QQIQXQ=-t+kFcRdzL6o=,A4tgQv5cqkc=,24,24
2023-01-16,xIqe+QQIQXQ=,t+kFcRdzL6o=,/M8gHzjxpNU=,t+kFcRdzL6o=-/M8gHzjxpNU=,A4tgQv5cqkc=,23,23
2023-01-16,xIqe+QQIQXQ=,t+kFcRdzL6o=,/M8gHzjxpNU=,xIqe+QQIQXQ=-/M8gHzjxpNU=,A4tgQv5cqkc=,23,24
2023-01-16,xIqe+QQIQXQ=,t+kFcRdzL6o=,/M8gHzjxpNU=,xIqe+QQIQXQ=-t+kFcRdzL6o=,A4tgQv5cqkc=,23,24
2023-01-16,xIqe+QQIQXQ=,t+kFcRdzL6o=,/M8gHzjxpNU=,t+kFcRdzL6o=-/M8gHzjxpNU=,A4tgQv5cqkc=,22,28
2023-01-16,xIqe+QQIQXQ=,t+kFcRdzL6o=,/M8gHzjxpNU=,xIqe+QQIQXQ=-/M8gHzjxpNU=,A4tgQv5cqkc=,22,27
2023-01-16,xIqe+QQIQXQ=,t+kFcRdzL6o=,/M8gHzjxpNU=,xIqe+QQIQXQ=-t+kFcRdzL6o=,A4tgQv5cqkc=,22,27
2023-01-16,xIqe+QQIQXQ=,t+kFcRdzL6o=,/M8gHzjxpNU=,t+kFcRdzL6o=-/M8gHzjxpNU=,A4tgQv5cqkc=,21,28
2023-01-16,xIqe+QQIQXQ=,t+kFcRdzL6o=,/M8gHzjxpNU=,xIqe+QQIQXQ=-/M8gHzjxpNU=,A4tgQv5cqkc=,21,27
2023-01-16,xIqe+QQIQXQ=,t+kFcRdzL6o=,/M8gHzjxpNU=,xIqe+QQIQXQ=-t+kFcRdzL6o=,A4tgQv5cqkc=,21,27
2023-01-16,xIqe+QQIQXQ=,t+kFcRdzL6o=,/M8gHzjxpNU=,t+kFcRdzL6o=-/M8gHzjxpNU=,A4tgQv5cqkc=,20,28
2023-01-16,xIqe+QQIQXQ=,t+kFcRdzL6o=,/M8gHzjxpNU=,xIqe+QQIQXQ=-/M8gHzjxpNU=,A4tgQv5cqkc=,20,27
2023-01-16,xIqe+QQIQXQ=,t+kFcRdzL6o=,/M8gHzjxpNU=,xIqe+QQIQXQ=-t+kFcRdzL6o=,A4tgQv5cqkc=,20,27
2023-01-16,xIqe+QQIQXQ=,t+kFcRdzL6o=,/M8gHzjxpNU=,t+kFcRdzL6o=-/M8gHzjxpNU=,A4tgQv5cqkc=,19,34
2023-01-16,xIqe+QQIQXQ=,t+kFcRdzL6o=,/M8gHzjxpNU=,xIqe+QQIQXQ=-/M8gHzjxpNU=,A4tgQv5cqkc=,19,32
2023-01-16,xIqe+QQIQXQ=,t+kFcRdzL6o=,/M8gHzjxpNU=,xIqe+QQIQXQ=-t+kFcRdzL6o=,A4tgQv5cqkc=,19,32
2023-01-16,xIqe+QQIQXQ=,t+kFcRdzL6o=,/M8gHzjxpNU=,t+kFcRdzL6o=-/M8gHzjxpNU=,A4tgQv5cqkc=,18,46
2023-01-16,xIqe+QQIQXQ=,t+kFcRdzL6o=,/M8gHzjxpNU=,xIqe+QQIQXQ=-/M8gHzjxpNU=,A4tgQv5cqkc=,18,41
2023-01-16,xIqe+QQIQXQ=,t+kFcRdzL6o=,/M8gHzjxpNU=,xIqe+QQIQXQ=-t+kFcRdzL6o=,A4tgQv5cqkc=,18,41
2023-01-16,xIqe+QQIQXQ=,t+kFcRdzL6o=,/M8gHzjxpNU=,t+kFcRdzL6o=-/M8gHzjxpNU=,A4tgQv5cqkc=,17,46
2023-01-16,xIqe+QQIQXQ=,t+kFcRdzL6o=,/M8gHzjxpNU=,xIqe+QQIQXQ=-/M8gHzjxpNU=,A4tgQv5cqkc=,17,41
2023-01-16,xIqe+QQIQXQ=,t+kFcRdzL6o=,/M8gHzjxpNU=,xIqe+QQIQXQ=-t+kFcRdzL6o=,A4tgQv5cqkc=,17,41
2023-01-16,xIqe+QQIQXQ=,t+kFcRdzL6o=,/M8gHzjxpNU=,t+kFcRdzL6o=-/M8gHzjxpNU=,A4tgQv5cqkc=,16,46
2023-01-16,xIqe+QQIQXQ=,t+kFcRdzL6o=,/M8gHzjxpNU=,xIqe+QQIQXQ=-/M8gHzjxpNU=,A4tgQv5cqkc=,16,41
2023-01-16,xIqe+QQIQXQ=,t+kFcRdzL6o=,/M8gHzjxpNU=,xIqe+QQIQXQ=-t+kFcRdzL6o=,A4tgQv5cqkc=,16,41
2023-01-16,xIqe+QQIQXQ=,t+kFcRdzL6o=,/M8gHzjxpNU=,t+kFcRdzL6o=-/M8gHzjxpNU=,A4tgQv5cqkc=,15,51
2023-01-16,xIqe+QQIQXQ=,t+kFcRdzL6o=,/M8gHzjxpNU=,xIqe+QQIQXQ=-/M8gHzjxpNU=,A4tgQv5cqkc=,15,46
2023-01-16,xIqe+QQIQXQ=,t+kFcRdzL6o=,/M8gHzjxpNU=,xIqe+QQIQXQ=-t+kFcRdzL6o=,A4tgQv5cqkc=,15,46
2023-01-16,xIqe+QQIQXQ=,t+kFcRdzL6o=,/M8gHzjxpNU=,t+kFcRdzL6o=-/M8gHzjxpNU=,A4tgQv5cqkc=,14,58
2023-01-16,xIqe+QQIQXQ=,t+kFcRdzL6o=,/M8gHzjxpNU=,xIqe+QQIQXQ=-/M8gHzjxpNU=,A4tgQv5cqkc=,14,53
2023-01-16,xIqe+QQIQXQ=,t+kFcRdzL6o=,/M8gHzjxpNU=,xIqe+QQIQXQ=-t+kFcRdzL6o=,A4tgQv5cqkc=,14,53
2023-01-16,xIqe+QQIQXQ=,t+kFcRdzL6o=,/M8gHzjxpNU=,t+kFcRdzL6o=-/M8gHzjxpNU=,A4tgQv5cqkc=,13,59
2023-01-16,xIqe+QQIQXQ=,t+kFcRdzL6o=,/M8gHzjxpNU=,xIqe+QQIQXQ=-/M8gHzjxpNU=,A4tgQv5cqkc=,13,55
2023-01-16,xIqe+QQIQXQ=,t+kFcRdzL6o=,/M8gHzjxpNU=,xIqe+QQIQXQ=-t+kFcRdzL6o=,A4tgQv5cqkc=,13,55
2023-01-16,xIqe+QQIQXQ=,t+kFcRdzL6o=,/M8gHzjxpNU=,t+kFcRdzL6o=-/M8gHzjxpNU=,A4tgQv5cqkc=,12,61
2023-01-16,xIqe+QQIQXQ=,t+kFcRdzL6o=,/M8gHzjxpNU=,xIqe+QQIQXQ=-/M8gHzjxpNU=,A4tgQv5cqkc=,12,57
2023-01-16,xIqe+QQIQXQ=,t+kFcRdzL6o=,/M8gHzjxpNU=,xIqe+QQIQXQ=-t+kFcRdzL6o=,A4tgQv5cqkc=,12,57
2023-01-16,xIqe+QQIQXQ=,t+kFcRdzL6o=,/M8gHzjxpNU=,t+kFcRdzL6o=-/M8gHzjxpNU=,A4tgQv5cqkc=,11,66
2023-01-16,xIqe+QQIQXQ=,t+kFcRdzL6o=,/M8gHzjxpNU=,xIqe+QQIQXQ=-/M8gHzjxpNU=,A4tgQv5cqkc=,11,63
2023-01-16,xIqe+QQIQXQ=,t+kFcRdzL6o=,/M8gHzjxpNU=,xIqe+QQIQXQ=-t+kFcRdzL6o=,A4tgQv5cqkc=,11,63
2023-01-16,xIqe+QQIQXQ=,t+kFcRdzL6o=,/M8gHzjxpNU=,t+kFcRdzL6o=-/M8gHzjxpNU=,A4tgQv5cqkc=,10,69
2023-01-16,xIqe+QQIQXQ=,t+kFcRdzL6o=,/M8gHzjxpNU=,xIqe+QQIQXQ=-/M8gHzjxpNU=,A4tgQv5cqkc=,10,67
2023-01-16,xIqe+QQIQXQ=,t+kFcRdzL6o=,/M8gHzjxpNU=,xIqe+QQIQXQ=-t+kFcRdzL6o=,A4tgQv5cqkc=,10,67
2023-01-16,xIqe+QQIQXQ=,t+kFcRdzL6o=,/M8gHzjxpNU=,t+kFcRdzL6o=-/M8gHzjxpNU=,A4tgQv5cqkc=,9,72
2023-01-16,xIqe+QQIQXQ=,t+kFcRdzL6o=,/M8gHzjxpNU=,xIqe+QQIQXQ=-/M8gHzjxpNU=,A4tgQv5cqkc=,9,70
2023-01-16,xIqe+QQIQXQ=,t+kFcRdzL6o=,/M8gHzjxpNU=,xIqe+QQIQXQ=-t+kFcRdzL6o=,A4tgQv5cqkc=,9,70
2023-01-16,xIqe+QQIQXQ=,t+kFcRdzL6o=,/M8gHzjxpNU=,t+kFcRdzL6o=-/M8gHzjxpNU=,A4tgQv5cqkc=,8,96
2023-01-16,xIqe+QQIQXQ=,t+kFcRdzL6o=,/M8gHzjxpNU=,xIqe+QQIQXQ=-/M8gHzjxpNU=,A4tgQv5cqkc=,8,94
2023-01-16,xIqe+QQIQXQ=,t+kFcRdzL6o=,/M8gHzjxpNU=,xIqe+QQIQXQ=-t+kFcRdzL6o=,A4tgQv5cqkc=,8,94
2023-01-16,xIqe+QQIQXQ=,t+kFcRdzL6o=,/M8gHzjxpNU=,t+kFcRdzL6o=-/M8gHzjxpNU=,A4tgQv5cqkc=,7,117
2023-01-16,xIqe+QQIQXQ=,t+kFcRdzL6o=,/M8gHzjxpNU=,xIqe+QQIQXQ=-/M8gHzjxpNU=,A4tgQv5cqkc=,7,115
2023-01-16,xIqe+QQIQXQ=,t+kFcRdzL6o=,/M8gHzjxpNU=,xIqe+QQIQXQ=-t+kFcRdzL6o=,A4tgQv5cqkc=,7,115
2023-01-16,xIqe+QQIQXQ=,t+kFcRdzL6o=,/M8gHzjxpNU=,t+kFcRdzL6o=-/M8gHzjxpNU=,A4tgQv5cqkc=,6,146
2023-01-16,xIqe+QQIQXQ=,t+kFcRdzL6o=,/M8gHzjxpNU=,xIqe+QQIQXQ=-/M8gHzjxpNU=,A4tgQv5cqkc=,6,145
2023-01-16,xIqe+QQIQXQ=,t+kFcRdzL6o=,/M8gHzjxpNU=,xIqe+QQIQXQ=-t+kFcRdzL6o=,A4tgQv5cqkc=,6,145
2023-01-16,xIqe+QQIQXQ=,t+kFcRdzL6o=,/M8gHzjxpNU=,t+kFcRdzL6o=-/M8gHzjxpNU=,A4tgQv5cqkc=,5,154
2023-01-16,xIqe+QQIQXQ=,t+kFcRdzL6o=,/M8gHzjxpNU=,xIqe+QQIQXQ=-/M8gHzjxpNU=,A4tgQv5cqkc=,5,153
2023-01-16,xIqe+QQIQXQ=,t+kFcRdzL6o=,/M8gHzjxpNU=,xIqe+QQIQXQ=-t+kFcRdzL6o=,A4tgQv5cqkc=,5,153
2023-01-16,xIqe+QQIQXQ=,t+kFcRdzL6o=,/M8gHzjxpNU=,t+kFcRdzL6o=-/M8gHzjxpNU=,A4tgQv5cqkc=,4,158
2023-01-16,xIqe+QQIQXQ=,t+kFcRdzL6o=,/M8gHzjxpNU=,xIqe+QQIQXQ=-/M8gHzjxpNU=,A4tgQv5cqkc=,4,156
2023-01-16,xIqe+QQIQXQ=,t+kFcRdzL6o=,/M8gHzjxpNU=,xIqe+QQIQXQ=-t+kFcRdzL6o=,A4tgQv5cqkc=,4,156
2023-01-16,xIqe+QQIQXQ=,t+kFcRdzL6o=,/M8gHzjxpNU=,t+kFcRdzL6o=-/M8gHzjxpNU=,A4tgQv5cqkc=,3,167
2023-01-16,xIqe+QQIQXQ=,t+kFcRdzL6o=,/M8gHzjxpNU=,xIqe+QQIQXQ=-/M8gHzjxpNU=,A4tgQv5cqkc=,3,164
2023-01-16,xIqe+QQIQXQ=,t+kFcRdzL6o=,/M8gHzjxpNU=,xIqe+QQIQXQ=-t+kFcRdzL6o=,A4tgQv5cqkc=,3,164
2023-01-16,xIqe+QQIQXQ=,t+kFcRdzL6o=,/M8gHzjxpNU=,t+kFcRdzL6o=-/M8gHzjxpNU=,A4tgQv5cqkc=,2,167
2023-01-16,xIqe+QQIQXQ=,t+kFcRdzL6o=,/M8gHzjxpNU=,xIqe+QQIQXQ=-/M8gHzjxpNU=,A4tgQv5cqkc=,2,167
2023-01-16,xIqe+QQIQXQ=,t+kFcRdzL6o=,/M8gHzjxpNU=,xIqe+QQIQXQ=-t+kFcRdzL6o=,A4tgQv5cqkc=,2,167
2023-01-16,xIqe+QQIQXQ=,t+kFcRdzL6o=,/M8gHzjxpNU=,t+kFcRdzL6o=-/M8gHzjxpNU=,A4tgQv5cqkc=,1,167
2023-01-16,xIqe+QQIQXQ=,t+kFcRdzL6o=,/M8gHzjxpNU=,xIqe+QQIQXQ=-/M8gHzjxpNU=,A4tgQv5cqkc=,1,167
2023-01-16,xIqe+QQIQXQ=,t+kFcRdzL6o=,/M8gHzjxpNU=,xIqe+QQIQXQ=-t+kFcRdzL6o=,A4tgQv5cqkc=,1,167
2023-01-16,xIqe+QQIQXQ=,t+kFcRdzL6o=,/M8gHzjxpNU=,t+kFcRdzL6o=-/M8gHzjxpNU=,A4tgQv5cqkc=,0,169
2023-01-16,xIqe+QQIQXQ=,t+kFcRdzL6o=,/M8gHzjxpNU=,xIqe+QQIQXQ=-/M8gHzjxpNU=,A4tgQv5cqkc=,0,169
2023-01-16,xIqe+QQIQXQ=,t+kFcRdzL6o=,/M8gHzjxpNU=,xIqe+QQIQXQ=-t+kFcRdzL6o=,A4tgQv5cqkc=,0,169
2023-01-16,xIqe+QQIQXQ=,t+kFcRdzL6o=,/M8gHzjxpNU=,t+kFcRdzL6o=-/M8gHzjxpNU=,A4tgQv5cqkc=,-1,169
2023-01-16,xIqe+QQIQXQ=,t+kFcRdzL6o=,/M8gHzjxpNU=,xIqe+QQIQXQ=-/M8gHzjxpNU=,A4tgQv5cqkc=,-1,169
2023-01-16,xIqe+QQIQXQ=,t+kFcRdzL6o=,/M8gHzjxpNU=,xIqe+QQIQXQ=-t+kFcRdzL6o=,A4tgQv5cqkc=,-1,169
2023-01-18,xIqe+QQIQXQ=,t+kFcRdzL6o=,/M8gHzjxpNU=,t+kFcRdzL6o=-/M8gHzjxpNU=,A4tgQv5cqkc=,29,18
2023-01-18,xIqe+QQIQXQ=,t+kFcRdzL6o=,/M8gHzjxpNU=,xIqe+QQIQXQ=-/M8gHzjxpNU=,A4tgQv5cqkc=,29,17
2023-01-18,xIqe+QQIQXQ=,t+kFcRdzL6o=,/M8gHzjxpNU=,xIqe+QQIQXQ=-t+kFcRdzL6o=,A4tgQv5cqkc=,29,17
2023-01-18,xIqe+QQIQXQ=,t+kFcRdzL6o=,/M8gHzjxpNU=,t+kFcRdzL6o=-/M8gHzjxpNU=,A4tgQv5cqkc=,28,18
2023-01-18,xIqe+QQIQXQ=,t+kFcRdzL6o=,/M8gHzjxpNU=,xIqe+QQIQXQ=-/M8gHzjxpNU=,A4tgQv5cqkc=,28,17
2023-01-18,xIqe+QQIQXQ=,t+kFcRdzL6o=,/M8gHzjxpNU=,xIqe+QQIQXQ=-t+kFcRdzL6o=,A4tgQv5cqkc=,28,17
2023-01-18,xIqe+QQIQXQ=,t+kFcRdzL6o=,/M8gHzjxpNU=,t+kFcRdzL6o=-/M8gHzjxpNU=,A4tgQv5cqkc=,27,24
2023-01-18,xIqe+QQIQXQ=,t+kFcRdzL6o=,/M8gHzjxpNU=,xIqe+QQIQXQ=-/M8gHzjxpNU=,A4tgQv5cqkc=,27,27
2023-01-18,xIqe+QQIQXQ=,t+kFcRdzL6o=,/M8gHzjxpNU=,xIqe+QQIQXQ=-t+kFcRdzL6o=,A4tgQv5cqkc=,27,27
2023-01-18,xIqe+QQIQXQ=,t+kFcRdzL6o=,/M8gHzjxpNU=,t+kFcRdzL6o=-/M8gHzjxpNU=,A4tgQv5cqkc=,26,28
2023-01-18,xIqe+QQIQXQ=,t+kFcRdzL6o=,/M8gHzjxpNU=,xIqe+QQIQXQ=-/M8gHzjxpNU=,A4tgQv5cqkc=,26,31
2023-01-18,xIqe+QQIQXQ=,t+kFcRdzL6o=,/M8gHzjxpNU=,xIqe+QQIQXQ=-t+kFcRdzL6o=,A4tgQv5cqkc=,26,31
2023-01-18,xIqe+QQIQXQ=,t+kFcRdzL6o=,/M8gHzjxpNU=,t+kFcRdzL6o=-/M8gHzjxpNU=,A4tgQv5cqkc=,25,31
2023-01-18,xIqe+QQIQXQ=,t+kFcRdzL6o=,/M8gHzjxpNU=,xIqe+QQIQXQ=-/M8gHzjxpNU=,A4tgQv5cqkc=,25,34
2023-01-18,xIqe+QQIQXQ=,t+kFcRdzL6o=,/M8gHzjxpNU=,xIqe+QQIQXQ=-t+kFcRdzL6o=,A4tgQv5cqkc=,25,34
2023-01-18,xIqe+QQIQXQ=,t+kFcRdzL6o=,/M8gHzjxpNU=,t+kFcRdzL6o=-/M8gHzjxpNU=,A4tgQv5cqkc=,24,33
2023-01-18,xIqe+QQIQXQ=,t+kFcRdzL6o=,/M8gHzjxpNU=,xIqe+QQIQXQ=-/M8gHzjxpNU=,A4tgQv5cqkc=,24,36
2023-01-18,xIqe+QQIQXQ=,t+kFcRdzL6o=,/M8gHzjxpNU=,xIqe+QQIQXQ=-t+kFcRdzL6o=,A4tgQv5cqkc=,24,36
2023-01-18,xIqe+QQIQXQ=,t+kFcRdzL6o=,/M8gHzjxpNU=,t+kFcRdzL6o=-/M8gHzjxpNU=,A4tgQv5cqkc=,23,35
2023-01-18,xIqe+QQIQXQ=,t+kFcRdzL6o=,/M8gHzjxpNU=,xIqe+QQIQXQ=-/M8gHzjxpNU=,A4tgQv5cqkc=,23,39
2023-01-18,xIqe+QQIQXQ=,t+kFcRdzL6o=,/M8gHzjxpNU=,xIqe+QQIQXQ=-t+kFcRdzL6o=,A4tgQv5cqkc=,23,39
2023-01-18,xIqe+QQIQXQ=,t+kFcRdzL6o=,/M8gHzjxpNU=,t+kFcRdzL6o=-/M8gHzjxpNU=,A4tgQv5cqkc=,22,37
2023-01-18,xIqe+QQIQXQ=,t+kFcRdzL6o=,/M8gHzjxpNU=,xIqe+QQIQXQ=-/M8gHzjxpNU=,A4tgQv5cqkc=,22,41
2023-01-18,xIqe+QQIQXQ=,t+kFcRdzL6o=,/M8gHzjxpNU=,xIqe+QQIQXQ=-t+kFcRdzL6o=,A4tgQv5cqkc=,22,41
2023-01-18,xIqe+QQIQXQ=,t+kFcRdzL6o=,/M8gHzjxpNU=,t+kFcRdzL6o=-/M8gHzjxpNU=,A4tgQv5cqkc=,21,37
2023-01-18,xIqe+QQIQXQ=,t+kFcRdzL6o=,/M8gHzjxpNU=,xIqe+QQIQXQ=-/M8gHzjxpNU=,A4tgQv5cqkc=,21,42
2023-01-18,xIqe+QQIQXQ=,t+kFcRdzL6o=,/M8gHzjxpNU=,xIqe+QQIQXQ=-t+kFcRdzL6o=,A4tgQv5cqkc=,21,42
2023-01-18,xIqe+QQIQXQ=,t+kFcRdzL6o=,/M8gHzjxpNU=,t+kFcRdzL6o=-/M8gHzjxpNU=,A4tgQv5cqkc=,20,41
2023-01-18,xIqe+QQIQXQ=,t+kFcRdzL6o=,/M8gHzjxpNU=,xIqe+QQIQXQ=-/M8gHzjxpNU=,A4tgQv5cqkc=,20,46
2023-01-18,xIqe+QQIQXQ=,t+kFcRdzL6o=,/M8gHzjxpNU=,xIqe+QQIQXQ=-t+kFcRdzL6o=,A4tgQv5cqkc=,20,46
2023-01-18,xIqe+QQIQXQ=,t+kFcRdzL6o=,/M8gHzjxpNU=,t+kFcRdzL6o=-/M8gHzjxpNU=,A4tgQv5cqkc=,19,45
2023-01-18,xIqe+QQIQXQ=,t+kFcRdzL6o=,/M8gHzjxpNU=,xIqe+QQIQXQ=-/M8gHzjxpNU=,A4tgQv5cqkc=,19,51
2023-01-18,xIqe+QQIQXQ=,t+kFcRdzL6o=,/M8gHzjxpNU=,xIqe+QQIQXQ=-t+kFcRdzL6o=,A4tgQv5cqkc=,19,51
2023-01-18,xIqe+QQIQXQ=,t+kFcRdzL6o=,/M8gHzjxpNU=,t+kFcRdzL6o=-/M8gHzjxpNU=,A4tgQv5cqkc=,18,52
2023-01-18,xIqe+QQIQXQ=,t+kFcRdzL6o=,/M8gHzjxpNU=,xIqe+QQIQXQ=-/M8gHzjxpNU=,A4tgQv5cqkc=,18,58
2023-01-18,xIqe+QQIQXQ=,t+kFcRdzL6o=,/M8gHzjxpNU=,xIqe+QQIQXQ=-t+kFcRdzL6o=,A4tgQv5cqkc=,18,58
2023-01-18,xIqe+QQIQXQ=,t+kFcRdzL6o=,/M8gHzjxpNU=,t+kFcRdzL6o=-/M8gHzjxpNU=,A4tgQv5cqkc=,17,53
2023-01-18,xIqe+QQIQXQ=,t+kFcRdzL6o=,/M8gHzjxpNU=,xIqe+QQIQXQ=-/M8gHzjxpNU=,A4tgQv5cqkc=,17,58
2023-01-18,xIqe+QQIQXQ=,t+kFcRdzL6o=,/M8gHzjxpNU=,xIqe+QQIQXQ=-t+kFcRdzL6o=,A4tgQv5cqkc=,17,58
2023-01-18,xIqe+QQIQXQ=,t+kFcRdzL6o=,/M8gHzjxpNU=,t+kFcRdzL6o=-/M8gHzjxpNU=,A4tgQv5cqkc=,16,53
2023-01-18,xIqe+QQIQXQ=,t+kFcRdzL6o=,/M8gHzjxpNU=,xIqe+QQIQXQ=-/M8gHzjxpNU=,A4tgQv5cqkc=,16,58
2023-01-18,xIqe+QQIQXQ=,t+kFcRdzL6o=,/M8gHzjxpNU=,xIqe+QQIQXQ=-t+kFcRdzL6o=,A4tgQv5cqkc=,16,58
2023-01-18,xIqe+QQIQXQ=,t+kFcRdzL6o=,/M8gHzjxpNU=,t+kFcRdzL6o=-/M8gHzjxpNU=,A4tgQv5cqkc=,15,55
2023-01-18,xIqe+QQIQXQ=,t+kFcRdzL6o=,/M8gHzjxpNU=,xIqe+QQIQXQ=-/M8gHzjxpNU=,A4tgQv5cqkc=,15,60
2023-01-18,xIqe+QQIQXQ=,t+kFcRdzL6o=,/M8gHzjxpNU=,xIqe+QQIQXQ=-t+kFcRdzL6o=,A4tgQv5cqkc=,15,60
2023-01-18,xIqe+QQIQXQ=,t+kFcRdzL6o=,/M8gHzjxpNU=,t+kFcRdzL6o=-/M8gHzjxpNU=,A4tgQv5cqkc=,14,55
2023-01-18,xIqe+QQIQXQ=,t+kFcRdzL6o=,/M8gHzjxpNU=,xIqe+QQIQXQ=-/M8gHzjxpNU=,A4tgQv5cqkc=,14,62
2023-01-18,xIqe+QQIQXQ=,t+kFcRdzL6o=,/M8gHzjxpNU=,xIqe+QQIQXQ=-t+kFcRdzL6o=,A4tgQv5cqkc=,14,62
2023-01-18,xIqe+QQIQXQ=,t+kFcRdzL6o=,/M8gHzjxpNU=,t+kFcRdzL6o=-/M8gHzjxpNU=,A4tgQv5cqkc=,13,61
2023-01-18,xIqe+QQIQXQ=,t+kFcRdzL6o=,/M8gHzjxpNU=,xIqe+QQIQXQ=-/M8gHzjxpNU=,A4tgQv5cqkc=,13,69
2023-01-18,xIqe+QQIQXQ=,t+kFcRdzL6o=,/M8gHzjxpNU=,xIqe+QQIQXQ=-t+kFcRdzL6o=,A4tgQv5cqkc=,13,69
2023-01-18,xIqe+QQIQXQ=,t+kFcRdzL6o=,/M8gHzjxpNU=,t+kFcRdzL6o=-/M8gHzjxpNU=,A4tgQv5cqkc=,12,66
2023-01-18,xIqe+QQIQXQ=,t+kFcRdzL6o=,/M8gHzjxpNU=,xIqe+QQIQXQ=-/M8gHzjxpNU=,A4tgQv5cqkc=,12,75
2023-01-18,xIqe+QQIQXQ=,t+kFcRdzL6o=,/M8gHzjxpNU=,xIqe+QQIQXQ=-t+kFcRdzL6o=,A4tgQv5cqkc=,12,75
2023-01-18,xIqe+QQIQXQ=,t+kFcRdzL6o=,/M8gHzjxpNU=,t+kFcRdzL6o=-/M8gHzjxpNU=,A4tgQv5cqkc=,11,74
2023-01-18,xIqe+QQIQXQ=,t+kFcRdzL6o=,/M8gHzjxpNU=,xIqe+QQIQXQ=-/M8gHzjxpNU=,A4tgQv5cqkc=,11,82
2023-01-18,xIqe+QQIQXQ=,t+kFcRdzL6o=,/M8gHzjxpNU=,xIqe+QQIQXQ=-t+kFcRdzL6o=,A4tgQv5cqkc=,11,82
2023-01-18,xIqe+QQIQXQ=,t+kFcRdzL6o=,/M8gHzjxpNU=,t+kFcRdzL6o=-/M8gHzjxpNU=,A4tgQv5cqkc=,10,84
2023-01-18,xIqe+QQIQXQ=,t+kFcRdzL6o=,/M8gHzjxpNU=,xIqe+QQIQXQ=-/M8gHzjxpNU=,A4tgQv5cqkc=,10,91
2023-01-18,xIqe+QQIQXQ=,t+kFcRdzL6o=,/M8gHzjxpNU=,xIqe+QQIQXQ=-t+kFcRdzL6o=,A4tgQv5cqkc=,10,91
2023-01-18,xIqe+QQIQXQ=,t+kFcRdzL6o=,/M8gHzjxpNU=,t+kFcRdzL6o=-/M8gHzjxpNU=,A4tgQv5cqkc=,9,102
2023-01-18,xIqe+QQIQXQ=,t+kFcRdzL6o=,/M8gHzjxpNU=,xIqe+QQIQXQ=-/M8gHzjxpNU=,A4tgQv5cqkc=,9,111
2023-01-18,xIqe+QQIQXQ=,t+kFcRdzL6o=,/M8gHzjxpNU=,xIqe+QQIQXQ=-t+kFcRdzL6o=,A4tgQv5cqkc=,9,111
2023-01-18,xIqe+QQIQXQ=,t+kFcRdzL6o=,/M8gHzjxpNU=,t+kFcRdzL6o=-/M8gHzjxpNU=,A4tgQv5cqkc=,8,108
2023-01-18,xIqe+QQIQXQ=,t+kFcRdzL6o=,/M8gHzjxpNU=,xIqe+QQIQXQ=-/M8gHzjxpNU=,A4tgQv5cqkc=,8,118
2023-01-18,xIqe+QQIQXQ=,t+kFcRdzL6o=,/M8gHzjxpNU=,xIqe+QQIQXQ=-t+kFcRdzL6o=,A4tgQv5cqkc=,8,118
2023-01-18,xIqe+QQIQXQ=,t+kFcRdzL6o=,/M8gHzjxpNU=,t+kFcRdzL6o=-/M8gHzjxpNU=,A4tgQv5cqkc=,7,118
2023-01-18,xIqe+QQIQXQ=,t+kFcRdzL6o=,/M8gHzjxpNU=,xIqe+QQIQXQ=-/M8gHzjxpNU=,A4tgQv5cqkc=,7,128
2023-01-18,xIqe+QQIQXQ=,t+kFcRdzL6o=,/M8gHzjxpNU=,xIqe+QQIQXQ=-t+kFcRdzL6o=,A4tgQv5cqkc=,7,128
2023-01-18,xIqe+QQIQXQ=,t+kFcRdzL6o=,/M8gHzjxpNU=,t+kFcRdzL6o=-/M8gHzjxpNU=,A4tgQv5cqkc=,6,139
2023-01-18,xIqe+QQIQXQ=,t+kFcRdzL6o=,/M8gHzjxpNU=,xIqe+QQIQXQ=-/M8gHzjxpNU=,A4tgQv5cqkc=,6,145
2023-01-18,xIqe+QQIQXQ=,t+kFcRdzL6o=,/M8gHzjxpNU=,xIqe+QQIQXQ=-t+kFcRdzL6o=,A4tgQv5cqkc=,6,145
2023-01-18,xIqe+QQIQXQ=,t+kFcRdzL6o=,/M8gHzjxpNU=,t+kFcRdzL6o=-/M8gHzjxpNU=,A4tgQv5cqkc=,5,143
2023-01-18,xIqe+QQIQXQ=,t+kFcRdzL6o=,/M8gHzjxpNU=,xIqe+QQIQXQ=-/M8gHzjxpNU=,A4tgQv5cqkc=,5,149
2023-01-18,xIqe+QQIQXQ=,t+kFcRdzL6o=,/M8gHzjxpNU=,xIqe+QQIQXQ=-t+kFcRdzL6o=,A4tgQv5cqkc=,5,149
2023-01-18,xIqe+QQIQXQ=,t+kFcRdzL6o=,/M8gHzjxpNU=,t+kFcRdzL6o=-/M8gHzjxpNU=,A4tgQv5cqkc=,4,143
2023-01-18,xIqe+QQIQXQ=,t+kFcRdzL6o=,/M8gHzjxpNU=,xIqe+QQIQXQ=-/M8gHzjxpNU=,A4tgQv5cqkc=,4,154
2023-01-18,xIqe+QQIQXQ=,t+kFcRdzL6o=,/M8gHzjxpNU=,xIqe+QQIQXQ=-t+kFcRdzL6o=,A4tgQv5cqkc=,4,154
2023-01-18,xIqe+QQIQXQ=,t+kFcRdzL6o=,/M8gHzjxpNU=,t+kFcRdzL6o=-/M8gHzjxpNU=,A4tgQv5cqkc=,3,151
2023-01-18,xIqe+QQIQXQ=,t+kFcRdzL6o=,/M8gHzjxpNU=,xIqe+QQIQXQ=-/M8gHzjxpNU=,A4tgQv5cqkc=,3,161
2023-01-18,xIqe+QQIQXQ=,t+kFcRdzL6o=,/M8gHzjxpNU=,xIqe+QQIQXQ=-t+kFcRdzL6o=,A4tgQv5cqkc=,3,161
2023-01-18,xIqe+QQIQXQ=,t+kFcRdzL6o=,/M8gHzjxpNU=,t+kFcRdzL6o=-/M8gHzjxpNU=,A4tgQv5cqkc=,2,162
2023-01-18,xIqe+QQIQXQ=,t+kFcRdzL6o=,/M8gHzjxpNU=,xIqe+QQIQXQ=-/M8gHzjxpNU=,A4tgQv5cqkc=,2,171
2023-01-18,xIqe+QQIQXQ=,t+kFcRdzL6o=,/M8gHzjxpNU=,xIqe+QQIQXQ=-t+kFcRdzL6o=,A4tgQv5cqkc=,2,171
2023-01-18,xIqe+QQIQXQ=,t+kFcRdzL6o=,/M8gHzjxpNU=,t+kFcRdzL6o=-/M8gHzjxpNU=,A4tgQv5cqkc=,1,172
2023-01-18,xIqe+QQIQXQ=,t+kFcRdzL6o=,/M8gHzjxpNU=,xIqe+QQIQXQ=-/M8gHzjxpNU=,A4tgQv5cqkc=,1,179
2023-01-18,xIqe+QQIQXQ=,t+kFcRdzL6o=,/M8gHzjxpNU=,xIqe+QQIQXQ=-t+kFcRdzL6o=,A4tgQv5cqkc=,1,179
2023-01-18,xIqe+QQIQXQ=,t+kFcRdzL6o=,/M8gHzjxpNU=,t+kFcRdzL6o=-/M8gHzjxpNU=,A4tgQv5cqkc=,0,173
2023-01-18,xIqe+QQIQXQ=,t+kFcRdzL6o=,/M8gHzjxpNU=,xIqe+QQIQXQ=-/M8gHzjxpNU=,A4tgQv5cqkc=,0,179
2023-01-18,xIqe+QQIQXQ=,t+kFcRdzL6o=,/M8gHzjxpNU=,xIqe+QQIQXQ=-t+kFcRdzL6o=,A4tgQv5cqkc=,0,179
2023-01-18,xIqe+QQIQXQ=,t+kFcRdzL6o=,/M8gHzjxpNU=,t+kFcRdzL6o=-/M8gHzjxpNU=,A4tgQv5cqkc=,-1,173
2023-01-18,xIqe+QQIQXQ=,t+kFcRdzL6o=,/M8gHzjxpNU=,xIqe+QQIQXQ=-/M8gHzjxpNU=,A4tgQv5cqkc=,-1,178
2023-01-18,xIqe+QQIQXQ=,t+kFcRdzL6o=,/M8gHzjxpNU=,xIqe+QQIQXQ=-t+kFcRdzL6o=,A4tgQv5cqkc=,-1,178
2023-01-20,xIqe+QQIQXQ=,t+kFcRdzL6o=,/M8gHzjxpNU=,t+kFcRdzL6o=-/M8gHzjxpNU=,A4tgQv5cqkc=,29,15
2023-01-20,xIqe+QQIQXQ=,t+kFcRdzL6o=,/M8gHzjxpNU=,xIqe+QQIQXQ=-/M8gHzjxpNU=,A4tgQv5cqkc=,29,10
2023-01-20,xIqe+QQIQXQ=,t+kFcRdzL6o=,/M8gHzjxpNU=,xIqe+QQIQXQ=-t+kFcRdzL6o=,A4tgQv5cqkc=,29,10
2023-01-20,xIqe+QQIQXQ=,t+kFcRdzL6o=,/M8gHzjxpNU=,t+kFcRdzL6o=-/M8gHzjxpNU=,A4tgQv5cqkc=,28,22
2023-01-20,xIqe+QQIQXQ=,t+kFcRdzL6o=,/M8gHzjxpNU=,xIqe+QQIQXQ=-/M8gHzjxpNU=,A4tgQv5cqkc=,28,17
2023-01-20,xIqe+QQIQXQ=,t+kFcRdzL6o=,/M8gHzjxpNU=,xIqe+QQIQXQ=-t+kFcRdzL6o=,A4tgQv5cqkc=,28,17
2023-01-20,xIqe+QQIQXQ=,t+kFcRdzL6o=,/M8gHzjxpNU=,t+kFcRdzL6o=-/M8gHzjxpNU=,A4tgQv5cqkc=,27,28
2023-01-20,xIqe+QQIQXQ=,t+kFcRdzL6o=,/M8gHzjxpNU=,xIqe+QQIQXQ=-/M8gHzjxpNU=,A4tgQv5cqkc=,27,23
2023-01-20,xIqe+QQIQXQ=,t+kFcRdzL6o=,/M8gHzjxpNU=,xIqe+QQIQXQ=-t+kFcRdzL6o=,A4tgQv5cqkc=,27,23
2023-01-20,xIqe+QQIQXQ=,t+kFcRdzL6o=,/M8gHzjxpNU=,t+kFcRdzL6o=-/M8gHzjxpNU=,A4tgQv5cqkc=,26,28
2023-01-20,xIqe+QQIQXQ=,t+kFcRdzL6o=,/M8gHzjxpNU=,xIqe+QQIQXQ=-/M8gHzjxpNU=,A4tgQv5cqkc=,26,23
2023-01-20,xIqe+QQIQXQ=,t+kFcRdzL6o=,/M8gHzjxpNU=,xIqe+QQIQXQ=-t+kFcRdzL6o=,A4tgQv5cqkc=,26,23
2023-01-20,xIqe+QQIQXQ=,t+kFcRdzL6o=,/M8gHzjxpNU=,t+kFcRdzL6o=-/M8gHzjxpNU=,A4tgQv5cqkc=,25,28
2023-01-20,xIqe+QQIQXQ=,t+kFcRdzL6o=,/M8gHzjxpNU=,xIqe+QQIQXQ=-/M8gHzjxpNU=,A4tgQv5cqkc=,25,23
2023-01-20,xIqe+QQIQXQ=,t+kFcRdzL6o=,/M8gHzjxpNU=,xIqe+QQIQXQ=-t+kFcRdzL6o=,A4tgQv5cqkc=,25,23
2023-01-20,xIqe+QQIQXQ=,t+kFcRdzL6o=,/M8gHzjxpNU=,t+kFcRdzL6o=-/M8gHzjxpNU=,A4tgQv5cqkc=,24,30
2023-01-20,xIqe+QQIQXQ=,t+kFcRdzL6o=,/M8gHzjxpNU=,xIqe+QQIQXQ=-/M8gHzjxpNU=,A4tgQv5cqkc=,24,25
2023-01-20,xIqe+QQIQXQ=,t+kFcRdzL6o=,/M8gHzjxpNU=,xIqe+QQIQXQ=-t+kFcRdzL6o=,A4tgQv5cqkc=,24,25
2023-01-20,xIqe+QQIQXQ=,t+kFcRdzL6o=,/M8gHzjxpNU=,t+kFcRdzL6o=-/M8gHzjxpNU=,A4tgQv5cqkc=,23,30
2023-01-20,xIqe+QQIQXQ=,t+kFcRdzL6o=,/M8gHzjxpNU=,xIqe+QQIQXQ=-/M8gHzjxpNU=,A4tgQv5cqkc=,23,25
2023-01-20,xIqe+QQIQXQ=,t+kFcRdzL6o=,/M8gHzjxpNU=,xIqe+QQIQXQ=-t+kFcRdzL6o=,A4tgQv5cqkc=,23,25
2023-01-20,xIqe+QQIQXQ=,t+kFcRdzL6o=,/M8gHzjxpNU=,t+kFcRdzL6o=-/M8gHzjxpNU=,A4tgQv5cqkc=,22,41
2023-01-20,xIqe+QQIQXQ=,t+kFcRdzL6o=,/M8gHzjxpNU=,xIqe+QQIQXQ=-/M8gHzjxpNU=,A4tgQv5cqkc=,22,36
2023-01-20,xIqe+QQIQXQ=,t+kFcRdzL6o=,/M8gHzjxpNU=,xIqe+QQIQXQ=-t+kFcRdzL6o=,A4tgQv5cqkc=,22,36
2023-01-20,xIqe+QQIQXQ=,t+kFcRdzL6o=,/M8gHzjxpNU=,t+kFcRdzL6o=-/M8gHzjxpNU=,A4tgQv5cqkc=,21,43
2023-01-20,xIqe+QQIQXQ=,t+kFcRdzL6o=,/M8gHzjxpNU=,xIqe+QQIQXQ=-/M8gHzjxpNU=,A4tgQv5cqkc=,21,39
2023-01-20,xIqe+QQIQXQ=,t+kFcRdzL6o=,/M8gHzjxpNU=,xIqe+QQIQXQ=-t+kFcRdzL6o=,A4tgQv5cqkc=,21,39
2023-01-20,xIqe+QQIQXQ=,t+kFcRdzL6o=,/M8gHzjxpNU=,t+kFcRdzL6o=-/M8gHzjxpNU=,A4tgQv5cqkc=,20,45
2023-01-20,xIqe+QQIQXQ=,t+kFcRdzL6o=,/M8gHzjxpNU=,xIqe+QQIQXQ=-/M8gHzjxpNU=,A4tgQv5cqkc=,20,39
2023-01-20,xIqe+QQIQXQ=,t+kFcRdzL6o=,/M8gHzjxpNU=,xIqe+QQIQXQ=-t+kFcRdzL6o=,A4tgQv5cqkc=,20,39
2023-01-20,xIqe+QQIQXQ=,t+kFcRdzL6o=,/M8gHzjxpNU=,t+kFcRdzL6o=-/M8gHzjxpNU=,A4tgQv5cqkc=,19,49
2023-01-20,xIqe+QQIQXQ=,t+kFcRdzL6o=,/M8gHzjxpNU=,xIqe+QQIQXQ=-/M8gHzjxpNU=,A4tgQv5cqkc=,19,43
2023-01-20,xIqe+QQIQXQ=,t+kFcRdzL6o=,/M8gHzjxpNU=,xIqe+QQIQXQ=-t+kFcRdzL6o=,A4tgQv5cqkc=,19,43
2023-01-20,xIqe+QQIQXQ=,t+kFcRdzL6o=,/M8gHzjxpNU=,t+kFcRdzL6o=-/M8gHzjxpNU=,A4tgQv5cqkc=,18,51
2023-01-20,xIqe+QQIQXQ=,t+kFcRdzL6o=,/M8gHzjxpNU=,xIqe+QQIQXQ=-/M8gHzjxpNU=,A4tgQv5cqkc=,18,45
2023-01-20,xIqe+QQIQXQ=,t+kFcRdzL6o=,/M8gHzjxpNU=,xIqe+QQIQXQ=-t+kFcRdzL6o=,A4tgQv5cqkc=,18,45
2023-01-20,xIqe+QQIQXQ=,t+kFcRdzL6o=,/M8gHzjxpNU=,t+kFcRdzL6o=-/M8gHzjxpNU=,A4tgQv5cqkc=,17,51
2023-01-20,xIqe+QQIQXQ=,t+kFcRdzL6o=,/M8gHzjxpNU=,xIqe+QQIQXQ=-/M8gHzjxpNU=,A4tgQv5cqkc=,17,45
2023-01-20,xIqe+QQIQXQ=,t+kFcRdzL6o=,/M8gHzjxpNU=,xIqe+QQIQXQ=-t+kFcRdzL6o=,A4tgQv5cqkc=,17,45
2023-01-20,xIqe+QQIQXQ=,t+kFcRdzL6o=,/M8gHzjxpNU=,t+kFcRdzL6o=-/M8gHzjxpNU=,A4tgQv5cqkc=,16,51
2023-01-20,xIqe+QQIQXQ=,t+kFcRdzL6o=,/M8gHzjxpNU=,xIqe+QQIQXQ=-/M8gHzjxpNU=,A4tgQv5cqkc=,16,45
2023-01-20,xIqe+QQIQXQ=,t+kFcRdzL6o=,/M8gHzjxpNU=,xIqe+QQIQXQ=-t+kFcRdzL6o=,A4tgQv5cqkc=,16,45
2023-01-20,xIqe+QQIQXQ=,t+kFcRdzL6o=,/M8gHzjxpNU=,t+kFcRdzL6o=-/M8gHzjxpNU=,A4tgQv5cqkc=,15,71
2023-01-20,xIqe+QQIQXQ=,t+kFcRdzL6o=,/M8gHzjxpNU=,xIqe+QQIQXQ=-/M8gHzjxpNU=,A4tgQv5cqkc=,15,65
2023-01-20,xIqe+QQIQXQ=,t+kFcRdzL6o=,/M8gHzjxpNU=,xIqe+QQIQXQ=-t+kFcRdzL6o=,A4tgQv5cqkc=,15,65
2023-01-20,xIqe+QQIQXQ=,t+kFcRdzL6o=,/M8gHzjxpNU=,t+kFcRdzL6o=-/M8gHzjxpNU=,A4tgQv5cqkc=,14,83
2023-01-20,xIqe+QQIQXQ=,t+kFcRdzL6o=,/M8gHzjxpNU=,xIqe+QQIQXQ=-/M8gHzjxpNU=,A4tgQv5cqkc=,14,77
2023-01-20,xIqe+QQIQXQ=,t+kFcRdzL6o=,/M8gHzjxpNU=,xIqe+QQIQXQ=-t+kFcRdzL6o=,A4tgQv5cqkc=,14,77
2023-01-20,xIqe+QQIQXQ=,t+kFcRdzL6o=,/M8gHzjxpNU=,t+kFcRdzL6o=-/M8gHzjxpNU=,A4tgQv5cqkc=,13,104
2023-01-20,xIqe+QQIQXQ=,t+kFcRdzL6o=,/M8gHzjxpNU=,xIqe+QQIQXQ=-/M8gHzjxpNU=,A4tgQv5cqkc=,13,98
2023-01-20,xIqe+QQIQXQ=,t+kFcRdzL6o=,/M8gHzjxpNU=,xIqe+QQIQXQ=-t+kFcRdzL6o=,A4tgQv5cqkc=,13,98
2023-01-20,xIqe+QQIQXQ=,t+kFcRdzL6o=,/M8gHzjxpNU=,t+kFcRdzL6o=-/M8gHzjxpNU=,A4tgQv5cqkc=,12,129
2023-01-20,xIqe+QQIQXQ=,t+kFcRdzL6o=,/M8gHzjxpNU=,xIqe+QQIQXQ=-/M8gHzjxpNU=,A4tgQv5cqkc=,12,123
2023-01-20,xIqe+QQIQXQ=,t+kFcRdzL6o=,/M8gHzjxpNU=,xIqe+QQIQXQ=-t+kFcRdzL6o=,A4tgQv5cqkc=,12,123
2023-01-20,xIqe+QQIQXQ=,t+kFcRdzL6o=,/M8gHzjxpNU=,t+kFcRdzL6o=-/M8gHzjxpNU=,A4tgQv5cqkc=,11,131
2023-01-20,xIqe+QQIQXQ=,t+kFcRdzL6o=,/M8gHzjxpNU=,xIqe+QQIQXQ=-/M8gHzjxpNU=,A4tgQv5cqkc=,11,126
2023-01-20,xIqe+QQIQXQ=,t+kFcRdzL6o=,/M8gHzjxpNU=,xIqe+QQIQXQ=-t+kFcRdzL6o=,A4tgQv5cqkc=,11,126
2023-01-20,xIqe+QQIQXQ=,t+kFcRdzL6o=,/M8gHzjxpNU=,t+kFcRdzL6o=-/M8gHzjxpNU=,A4tgQv5cqkc=,10,134
2023-01-20,xIqe+QQIQXQ=,t+kFcRdzL6o=,/M8gHzjxpNU=,xIqe+QQIQXQ=-/M8gHzjxpNU=,A4tgQv5cqkc=,10,130
2023-01-20,xIqe+QQIQXQ=,t+kFcRdzL6o=,/M8gHzjxpNU=,xIqe+QQIQXQ=-t+kFcRdzL6o=,A4tgQv5cqkc=,10,130
2023-01-20,xIqe+QQIQXQ=,t+kFcRdzL6o=,/M8gHzjxpNU=,t+kFcRdzL6o=-/M8gHzjxpNU=,A4tgQv5cqkc=,9,141
2023-01-20,xIqe+QQIQXQ=,t+kFcRdzL6o=,/M8gHzjxpNU=,xIqe+QQIQXQ=-/M8gHzjxpNU=,A4tgQv5cqkc=,9,140
2023-01-20,xIqe+QQIQXQ=,t+kFcRdzL6o=,/M8gHzjxpNU=,xIqe+QQIQXQ=-t+kFcRdzL6o=,A4tgQv5cqkc=,9,140
2023-01-20,xIqe+QQIQXQ=,t+kFcRdzL6o=,/M8gHzjxpNU=,t+kFcRdzL6o=-/M8gHzjxpNU=,A4tgQv5cqkc=,8,150
2023-01-20,xIqe+QQIQXQ=,t+kFcRdzL6o=,/M8gHzjxpNU=,xIqe+QQIQXQ=-/M8gHzjxpNU=,A4tgQv5cqkc=,8,149
2023-01-20,xIqe+QQIQXQ=,t+kFcRdzL6o=,/M8gHzjxpNU=,xIqe+QQIQXQ=-t+kFcRdzL6o=,A4tgQv5cqkc=,8,149
2023-01-20,xIqe+QQIQXQ=,t+kFcRdzL6o=,/M8gHzjxpNU=,t+kFcRdzL6o=-/M8gHzjxpNU=,A4tgQv5cqkc=,7,153
2023-01-20,xIqe+QQIQXQ=,t+kFcRdzL6o=,/M8gHzjxpNU=,xIqe+QQIQXQ=-/M8gHzjxpNU=,A4tgQv5cqkc=,7,152
2023-01-20,xIqe+QQIQXQ=,t+kFcRdzL6o=,/M8gHzjxpNU=,xIqe+QQIQXQ=-t+kFcRdzL6o=,A4tgQv5cqkc=,7,152
2023-01-20,xIqe+QQIQXQ=,t+kFcRdzL6o=,/M8gHzjxpNU=,t+kFcRdzL6o=-/M8gHzjxpNU=,A4tgQv5cqkc=,6,155
2023-01-20,xIqe+QQIQXQ=,t+kFcRdzL6o=,/M8gHzjxpNU=,xIqe+QQIQXQ=-/M8gHzjxpNU=,A4tgQv5cqkc=,6,152
2023-01-20,xIqe+QQIQXQ=,t+kFcRdzL6o=,/M8gHzjxpNU=,xIqe+QQIQXQ=-t+kFcRdzL6o=,A4tgQv5cqkc=,6,152
2023-01-20,xIqe+QQIQXQ=,t+kFcRdzL6o=,/M8gHzjxpNU=,t+kFcRdzL6o=-/M8gHzjxpNU=,A4tgQv5cqkc=,5,156
2023-01-20,xIqe+QQIQXQ=,t+kFcRdzL6o=,/M8gHzjxpNU=,xIqe+QQIQXQ=-/M8gHzjxpNU=,A4tgQv5cqkc=,5,151
2023-01-20,xIqe+QQIQXQ=,t+kFcRdzL6o=,/M8gHzjxpNU=,xIqe+QQIQXQ=-t+kFcRdzL6o=,A4tgQv5cqkc=,5,151
2023-01-20,xIqe+QQIQXQ=,t+kFcRdzL6o=,/M8gHzjxpNU=,t+kFcRdzL6o=-/M8gHzjxpNU=,A4tgQv5cqkc=,4,165
2023-01-20,xIqe+QQIQXQ=,t+kFcRdzL6o=,/M8gHzjxpNU=,xIqe+QQIQXQ=-/M8gHzjxpNU=,A4tgQv5cqkc=,4,160
2023-01-20,xIqe+QQIQXQ=,t+kFcRdzL6o=,/M8gHzjxpNU=,xIqe+QQIQXQ=-t+kFcRdzL6o=,A4tgQv5cqkc=,4,160
2023-01-20,xIqe+QQIQXQ=,t+kFcRdzL6o=,/M8gHzjxpNU=,t+kFcRdzL6o=-/M8gHzjxpNU=,A4tgQv5cqkc=,3,167
2023-01-20,xIqe+QQIQXQ=,t+kFcRdzL6o=,/M8gHzjxpNU=,xIqe+QQIQXQ=-/M8gHzjxpNU=,A4tgQv5cqkc=,3,162
2023-01-20,xIqe+QQIQXQ=,t+kFcRdzL6o=,/M8gHzjxpNU=,xIqe+QQIQXQ=-t+kFcRdzL6o=,A4tgQv5cqkc=,3,162
2023-01-20,xIqe+QQIQXQ=,t+kFcRdzL6o=,/M8gHzjxpNU=,t+kFcRdzL6o=-/M8gHzjxpNU=,A4tgQv5cqkc=,2,169
2023-01-20,xIqe+QQIQXQ=,t+kFcRdzL6o=,/M8gHzjxpNU=,xIqe+QQIQXQ=-/M8gHzjxpNU=,A4tgQv5cqkc=,2,165
2023-01-20,xIqe+QQIQXQ=,t+kFcRdzL6o=,/M8gHzjxpNU=,xIqe+QQIQXQ=-t+kFcRdzL6o=,A4tgQv5cqkc=,2,165
2023-01-20,xIqe+QQIQXQ=,t+kFcRdzL6o=,/M8gHzjxpNU=,t+kFcRdzL6o=-/M8gHzjxpNU=,A4tgQv5cqkc=,1,173
2023-01-20,xIqe+QQIQXQ=,t+kFcRdzL6o=,/M8gHzjxpNU=,xIqe+QQIQXQ=-/M8gHzjxpNU=,A4tgQv5cqkc=,1,169
2023-01-20,xIqe+QQIQXQ=,t+kFcRdzL6o=,/M8gHzjxpNU=,xIqe+QQIQXQ=-t+kFcRdzL6o=,A4tgQv5cqkc=,1,169
2023-01-20,xIqe+QQIQXQ=,t+kFcRdzL6o=,/M8gHzjxpNU=,t+kFcRdzL6o=-/M8gHzjxpNU=,A4tgQv5cqkc=,0,177
2023-01-20,xIqe+QQIQXQ=,t+kFcRdzL6o=,/M8gHzjxpNU=,xIqe+QQIQXQ=-/M8gHzjxpNU=,A4tgQv5cqkc=,0,171
2023-01-20,xIqe+QQIQXQ=,t+kFcRdzL6o=,/M8gHzjxpNU=,xIqe+QQIQXQ=-t+kFcRdzL6o=,A4tgQv5cqkc=,0,171
2023-01-20,xIqe+QQIQXQ=,t+kFcRdzL6o=,/M8gHzjxpNU=,t+kFcRdzL6o=-/M8gHzjxpNU=,A4tgQv5cqkc=,-1,177
2023-01-20,xIqe+QQIQXQ=,t+kFcRdzL6o=,/M8gHzjxpNU=,xIqe+QQIQXQ=-/M8gHzjxpNU=,A4tgQv5cqkc=,-1,171
2023-01-20,xIqe+QQIQXQ=,t+kFcRdzL6o=,/M8gHzjxpNU=,xIqe+QQIQXQ=-t+kFcRdzL6o=,A4tgQv5cqkc=,-1,171
2023-01-22,xIqe+QQIQXQ=,t+kFcRdzL6o=,/M8gHzjxpNU=,t+kFcRdzL6o=-/M8gHzjxpNU=,A4tgQv5cqkc=,29,12
2023-01-22,xIqe+QQIQXQ=,t+kFcRdzL6o=,/M8gHzjxpNU=,xIqe+QQIQXQ=-/M8gHzjxpNU=,A4tgQv5cqkc=,29,12
2023-01-22,xIqe+QQIQXQ=,t+kFcRdzL6o=,/M8gHzjxpNU=,xIqe+QQIQXQ=-t+kFcRdzL6o=,A4tgQv5cqkc=,29,12
2023-01-22,xIqe+QQIQXQ=,t+kFcRdzL6o=,/M8gHzjxpNU=,t+kFcRdzL6o=-/M8gHzjxpNU=,A4tgQv5cqkc=,28,16
2023-01-22,xIqe+QQIQXQ=,t+kFcRdzL6o=,/M8gHzjxpNU=,xIqe+QQIQXQ=-/M8gHzjxpNU=,A4tgQv5cqkc=,28,16
2023-01-22,xIqe+QQIQXQ=,t+kFcRdzL6o=,/M8gHzjxpNU=,xIqe+QQIQXQ=-t+kFcRdzL6o=,A4tgQv5cqkc=,28,16
2023-01-22,xIqe+QQIQXQ=,t+kFcRdzL6o=,/M8gHzjxpNU=,t+kFcRdzL6o=-/M8gHzjxpNU=,A4tgQv5cqkc=,27,19
2023-01-22,xIqe+QQIQXQ=,t+kFcRdzL6o=,/M8gHzjxpNU=,xIqe+QQIQXQ=-/M8gHzjxpNU=,A4tgQv5cqkc=,27,19
2023-01-22,xIqe+QQIQXQ=,t+kFcRdzL6o=,/M8gHzjxpNU=,xIqe+QQIQXQ=-t+kFcRdzL6o=,A4tgQv5cqkc=,27,19
2023-01-22,xIqe+QQIQXQ=,t+kFcRdzL6o=,/M8gHzjxpNU=,t+kFcRdzL6o=-/M8gHzjxpNU=,A4tgQv5cqkc=,26,21
2023-01-22,xIqe+QQIQXQ=,t+kFcRdzL6o=,/M8gHzjxpNU=,xIqe+QQIQXQ=-/M8gHzjxpNU=,A4tgQv5cqkc=,26,21
2023-01-22,xIqe+QQIQXQ=,t+kFcRdzL6o=,/M8gHzjxpNU=,xIqe+QQIQXQ=-t+kFcRdzL6o=,A4tgQv5cqkc=,26,21
2023-01-22,xIqe+QQIQXQ=,t+kFcRdzL6o=,/M8gHzjxpNU=,t+kFcRdzL6o=-/M8gHzjxpNU=,A4tgQv5cqkc=,25,27
2023-01-22,xIqe+QQIQXQ=,t+kFcRdzL6o=,/M8gHzjxpNU=,xIqe+QQIQXQ=-/M8gHzjxpNU=,A4tgQv5cqkc=,25,27
2023-01-22,xIqe+QQIQXQ=,t+kFcRdzL6o=,/M8gHzjxpNU=,xIqe+QQIQXQ=-t+kFcRdzL6o=,A4tgQv5cqkc=,25,27
2023-01-22,xIqe+QQIQXQ=,t+kFcRdzL6o=,/M8gHzjxpNU=,t+kFcRdzL6o=-/M8gHzjxpNU=,A4tgQv5cqkc=,24,29
2023-01-22,xIqe+QQIQXQ=,t+kFcRdzL6o=,/M8gHzjxpNU=,xIqe+QQIQXQ=-/M8gHzjxpNU=,A4tgQv5cqkc=,24,29
2023-01-22,xIqe+QQIQXQ=,t+kFcRdzL6o=,/M8gHzjxpNU=,xIqe+QQIQXQ=-t+kFcRdzL6o=,A4tgQv5cqkc=,24,29
2023-01-22,xIqe+QQIQXQ=,t+kFcRdzL6o=,/M8gHzjxpNU=,t+kFcRdzL6o=-/M8gHzjxpNU=,A4tgQv5cqkc=,23,39
2023-01-22,xIqe+QQIQXQ=,t+kFcRdzL6o=,/M8gHzjxpNU=,xIqe+QQIQXQ=-/M8gHzjxpNU=,A4tgQv5cqkc=,23,39
2023-01-22,xIqe+QQIQXQ=,t+kFcRdzL6o=,/M8gHzjxpNU=,xIqe+QQIQXQ=-t+kFcRdzL6o=,A4tgQv5cqkc=,23,39
2023-01-22,xIqe+QQIQXQ=,t+kFcRdzL6o=,/M8gHzjxpNU=,t+kFcRdzL6o=-/M8gHzjxpNU=,A4tgQv5cqkc=,22,45
2023-01-22,xIqe+QQIQXQ=,t+kFcRdzL6o=,/M8gHzjxpNU=,xIqe+QQIQXQ=-/M8gHzjxpNU=,A4tgQv5cqkc=,22,45
2023-01-22,xIqe+QQIQXQ=,t+kFcRdzL6o=,/M8gHzjxpNU=,xIqe+QQIQXQ=-t+kFcRdzL6o=,A4tgQv5cqkc=,22,45
2023-01-22,xIqe+QQIQXQ=,t+kFcRdzL6o=,/M8gHzjxpNU=,t+kFcRdzL6o=-/M8gHzjxpNU=,A4tgQv5cqkc=,21,45
2023-01-22,xIqe+QQIQXQ=,t+kFcRdzL6o=,/M8gHzjxpNU=,xIqe+QQIQXQ=-/M8gHzjxpNU=,A4tgQv5cqkc=,21,45
2023-01-22,xIqe+QQIQXQ=,t+kFcRdzL6o=,/M8gHzjxpNU=,xIqe+QQIQXQ=-t+kFcRdzL6o=,A4tgQv5cqkc=,21,45
2023-01-22,xIqe+QQIQXQ=,t+kFcRdzL6o=,/M8gHzjxpNU=,t+kFcRdzL6o=-/M8gHzjxpNU=,A4tgQv5cqkc=,20,45
2023-01-22,xIqe+QQIQXQ=,t+kFcRdzL6o=,/M8gHzjxpNU=,xIqe+QQIQXQ=-/M8gHzjxpNU=,A4tgQv5cqkc=,20,45
2023-01-22,xIqe+QQIQXQ=,t+kFcRdzL6o=,/M8gHzjxpNU=,xIqe+QQIQXQ=-t+kFcRdzL6o=,A4tgQv5cqkc=,20,45
2023-01-22,xIqe+QQIQXQ=,t+kFcRdzL6o=,/M8gHzjxpNU=,t+kFcRdzL6o=-/M8gHzjxpNU=,A4tgQv5cqkc=,19,48
2023-01-22,xIqe+QQIQXQ=,t+kFcRdzL6o=,/M8gHzjxpNU=,xIqe+QQIQXQ=-/M8gHzjxpNU=,A4tgQv5cqkc=,19,48
2023-01-22,xIqe+QQIQXQ=,t+kFcRdzL6o=,/M8gHzjxpNU=,xIqe+QQIQXQ=-t+kFcRdzL6o=,A4tgQv5cqkc=,19,48
2023-01-22,xIqe+QQIQXQ=,t+kFcRdzL6o=,/M8gHzjxpNU=,t+kFcRdzL6o=-/M8gHzjxpNU=,A4tgQv5cqkc=,18,48
2023-01-22,xIqe+QQIQXQ=,t+kFcRdzL6o=,/M8gHzjxpNU=,xIqe+QQIQXQ=-/M8gHzjxpNU=,A4tgQv5cqkc=,18,48
2023-01-22,xIqe+QQIQXQ=,t+kFcRdzL6o=,/M8gHzjxpNU=,xIqe+QQIQXQ=-t+kFcRdzL6o=,A4tgQv5cqkc=,18,48
2023-01-22,xIqe+QQIQXQ=,t+kFcRdzL6o=,/M8gHzjxpNU=,t+kFcRdzL6o=-/M8gHzjxpNU=,A4tgQv5cqkc=,17,48
2023-01-22,xIqe+QQIQXQ=,t+kFcRdzL6o=,/M8gHzjxpNU=,xIqe+QQIQXQ=-/M8gHzjxpNU=,A4tgQv5cqkc=,17,48
2023-01-22,xIqe+QQIQXQ=,t+kFcRdzL6o=,/M8gHzjxpNU=,xIqe+QQIQXQ=-t+kFcRdzL6o=,A4tgQv5cqkc=,17,48
2023-01-22,xIqe+QQIQXQ=,t+kFcRdzL6o=,/M8gHzjxpNU=,t+kFcRdzL6o=-/M8gHzjxpNU=,A4tgQv5cqkc=,16,48
2023-01-22,xIqe+QQIQXQ=,t+kFcRdzL6o=,/M8gHzjxpNU=,xIqe+QQIQXQ=-/M8gHzjxpNU=,A4tgQv5cqkc=,16,48
2023-01-22,xIqe+QQIQXQ=,t+kFcRdzL6o=,/M8gHzjxpNU=,xIqe+QQIQXQ=-t+kFcRdzL6o=,A4tgQv5cqkc=,16,48
2023-01-22,xIqe+QQIQXQ=,t+kFcRdzL6o=,/M8gHzjxpNU=,t+kFcRdzL6o=-/M8gHzjxpNU=,A4tgQv5cqkc=,15,51
2023-01-22,xIqe+QQIQXQ=,t+kFcRdzL6o=,/M8gHzjxpNU=,xIqe+QQIQXQ=-/M8gHzjxpNU=,A4tgQv5cqkc=,15,51
2023-01-22,xIqe+QQIQXQ=,t+kFcRdzL6o=,/M8gHzjxpNU=,xIqe+QQIQXQ=-t+kFcRdzL6o=,A4tgQv5cqkc=,15,51
2023-01-22,xIqe+QQIQXQ=,t+kFcRdzL6o=,/M8gHzjxpNU=,t+kFcRdzL6o=-/M8gHzjxpNU=,A4tgQv5cqkc=,14,58
2023-01-22,xIqe+QQIQXQ=,t+kFcRdzL6o=,/M8gHzjxpNU=,xIqe+QQIQXQ=-/M8gHzjxpNU=,A4tgQv5cqkc=,14,58
2023-01-22,xIqe+QQIQXQ=,t+kFcRdzL6o=,/M8gHzjxpNU=,xIqe+QQIQXQ=-t+kFcRdzL6o=,A4tgQv5cqkc=,14,58
2023-01-22,xIqe+QQIQXQ=,t+kFcRdzL6o=,/M8gHzjxpNU=,t+kFcRdzL6o=-/M8gHzjxpNU=,A4tgQv5cqkc=,13,67
2023-01-22,xIqe+QQIQXQ=,t+kFcRdzL6o=,/M8gHzjxpNU=,xIqe+QQIQXQ=-/M8gHzjxpNU=,A4tgQv5cqkc=,13,67
2023-01-22,xIqe+QQIQXQ=,t+kFcRdzL6o=,/M8gHzjxpNU=,xIqe+QQIQXQ=-t+kFcRdzL6o=,A4tgQv5cqkc=,13,67
2023-01-22,xIqe+QQIQXQ=,t+kFcRdzL6o=,/M8gHzjxpNU=,t+kFcRdzL6o=-/M8gHzjxpNU=,A4tgQv5cqkc=,12,95
2023-01-22,xIqe+QQIQXQ=,t+kFcRdzL6o=,/M8gHzjxpNU=,xIqe+QQIQXQ=-/M8gHzjxpNU=,A4tgQv5cqkc=,12,95
2023-01-22,xIqe+QQIQXQ=,t+kFcRdzL6o=,/M8gHzjxpNU=,xIqe+QQIQXQ=-t+kFcRdzL6o=,A4tgQv5cqkc=,12,95
2023-01-22,xIqe+QQIQXQ=,t+kFcRdzL6o=,/M8gHzjxpNU=,t+kFcRdzL6o=-/M8gHzjxpNU=,A4tgQv5cqkc=,11,97
2023-01-22,xIqe+QQIQXQ=,t+kFcRdzL6o=,/M8gHzjxpNU=,xIqe+QQIQXQ=-/M8gHzjxpNU=,A4tgQv5cqkc=,11,97
2023-01-22,xIqe+QQIQXQ=,t+kFcRdzL6o=,/M8gHzjxpNU=,xIqe+QQIQXQ=-t+kFcRdzL6o=,A4tgQv5cqkc=,11,97
2023-01-22,xIqe+QQIQXQ=,t+kFcRdzL6o=,/M8gHzjxpNU=,t+kFcRdzL6o=-/M8gHzjxpNU=,A4tgQv5cqkc=,10,114
2023-01-22,xIqe+QQIQXQ=,t+kFcRdzL6o=,/M8gHzjxpNU=,xIqe+QQIQXQ=-/M8gHzjxpNU=,A4tgQv5cqkc=,10,114
2023-01-22,xIqe+QQIQXQ=,t+kFcRdzL6o=,/M8gHzjxpNU=,xIqe+QQIQXQ=-t+kFcRdzL6o=,A4tgQv5cqkc=,10,114
2023-01-22,xIqe+QQIQXQ=,t+kFcRdzL6o=,/M8gHzjxpNU=,t+kFcRdzL6o=-/M8gHzjxpNU=,A4tgQv5cqkc=,9,128
2023-01-22,xIqe+QQIQXQ=,t+kFcRdzL6o=,/M8gHzjxpNU=,xIqe+QQIQXQ=-/M8gHzjxpNU=,A4tgQv5cqkc=,9,128
2023-01-22,xIqe+QQIQXQ=,t+kFcRdzL6o=,/M8gHzjxpNU=,xIqe+QQIQXQ=-t+kFcRdzL6o=,A4tgQv5cqkc=,9,128
2023-01-22,xIqe+QQIQXQ=,t+kFcRdzL6o=,/M8gHzjxpNU=,t+kFcRdzL6o=-/M8gHzjxpNU=,A4tgQv5cqkc=,8,138
2023-01-22,xIqe+QQIQXQ=,t+kFcRdzL6o=,/M8gHzjxpNU=,xIqe+QQIQXQ=-/M8gHzjxpNU=,A4tgQv5cqkc=,8,138
2023-01-22,xIqe+QQIQXQ=,t+kFcRdzL6o=,/M8gHzjxpNU=,xIqe+QQIQXQ=-t+kFcRdzL6o=,A4tgQv5cqkc=,8,138
2023-01-22,xIqe+QQIQXQ=,t+kFcRdzL6o=,/M8gHzjxpNU=,t+kFcRdzL6o=-/M8gHzjxpNU=,A4tgQv5cqkc=,7,142
2023-01-22,xIqe+QQIQXQ=,t+kFcRdzL6o=,/M8gHzjxpNU=,xIqe+QQIQXQ=-/M8gHzjxpNU=,A4tgQv5cqkc=,7,142
2023-01-22,xIqe+QQIQXQ=,t+kFcRdzL6o=,/M8gHzjxpNU=,xIqe+QQIQXQ=-t+kFcRdzL6o=,A4tgQv5cqkc=,7,142
2023-01-22,xIqe+QQIQXQ=,t+kFcRdzL6o=,/M8gHzjxpNU=,t+kFcRdzL6o=-/M8gHzjxpNU=,A4tgQv5cqkc=,6,149
2023-01-22,xIqe+QQIQXQ=,t+kFcRdzL6o=,/M8gHzjxpNU=,xIqe+QQIQXQ=-/M8gHzjxpNU=,A4tgQv5cqkc=,6,149
2023-01-22,xIqe+QQIQXQ=,t+kFcRdzL6o=,/M8gHzjxpNU=,xIqe+QQIQXQ=-t+kFcRdzL6o=,A4tgQv5cqkc=,6,149
2023-01-22,xIqe+QQIQXQ=,t+kFcRdzL6o=,/M8gHzjxpNU=,t+kFcRdzL6o=-/M8gHzjxpNU=,A4tgQv5cqkc=,5,155
2023-01-22,xIqe+QQIQXQ=,t+kFcRdzL6o=,/M8gHzjxpNU=,xIqe+QQIQXQ=-/M8gHzjxpNU=,A4tgQv5cqkc=,5,155
2023-01-22,xIqe+QQIQXQ=,t+kFcRdzL6o=,/M8gHzjxpNU=,xIqe+QQIQXQ=-t+kFcRdzL6o=,A4tgQv5cqkc=,5,155
2023-01-22,xIqe+QQIQXQ=,t+kFcRdzL6o=,/M8gHzjxpNU=,t+kFcRdzL6o=-/M8gHzjxpNU=,A4tgQv5cqkc=,4,165
2023-01-22,xIqe+QQIQXQ=,t+kFcRdzL6o=,/M8gHzjxpNU=,xIqe+QQIQXQ=-/M8gHzjxpNU=,A4tgQv5cqkc=,4,165
2023-01-22,xIqe+QQIQXQ=,t+kFcRdzL6o=,/M8gHzjxpNU=,xIqe+QQIQXQ=-t+kFcRdzL6o=,A4tgQv5cqkc=,4,165
2023-01-22,xIqe+QQIQXQ=,t+kFcRdzL6o=,/M8gHzjxpNU=,t+kFcRdzL6o=-/M8gHzjxpNU=,A4tgQv5cqkc=,3,175
2023-01-22,xIqe+QQIQXQ=,t+kFcRdzL6o=,/M8gHzjxpNU=,xIqe+QQIQXQ=-/M8gHzjxpNU=,A4tgQv5cqkc=,3,175
2023-01-22,xIqe+QQIQXQ=,t+kFcRdzL6o=,/M8gHzjxpNU=,xIqe+QQIQXQ=-t+kFcRdzL6o=,A4tgQv5cqkc=,3,175
2023-01-22,xIqe+QQIQXQ=,t+kFcRdzL6o=,/M8gHzjxpNU=,t+kFcRdzL6o=-/M8gHzjxpNU=,A4tgQv5cqkc=,2,178
2023-01-22,xIqe+QQIQXQ=,t+kFcRdzL6o=,/M8gHzjxpNU=,xIqe+QQIQXQ=-/M8gHzjxpNU=,A4tgQv5cqkc=,2,178
2023-01-22,xIqe+QQIQXQ=,t+kFcRdzL6o=,/M8gHzjxpNU=,xIqe+QQIQXQ=-t+kFcRdzL6o=,A4tgQv5cqkc=,2,178
2023-01-22,xIqe+QQIQXQ=,t+kFcRdzL6o=,/M8gHzjxpNU=,t+kFcRdzL6o=-/M8gHzjxpNU=,A4tgQv5cqkc=,1,178
2023-01-22,xIqe+QQIQXQ=,t+kFcRdzL6o=,/M8gHzjxpNU=,xIqe+QQIQXQ=-/M8gHzjxpNU=,A4tgQv5cqkc=,1,178
2023-01-22,xIqe+QQIQXQ=,t+kFcRdzL6o=,/M8gHzjxpNU=,xIqe+QQIQXQ=-t+kFcRdzL6o=,A4tgQv5cqkc=,1,178
2023-01-22,xIqe+QQIQXQ=,t+kFcRdzL6o=,/M8gHzjxpNU=,t+kFcRdzL6o=-/M8gHzjxpNU=,A4tgQv5cqkc=,0,180
2023-01-22,xIqe+QQIQXQ=,t+kFcRdzL6o=,/M8gHzjxpNU=,xIqe+QQIQXQ=-/M8gHzjxpNU=,A4tgQv5cqkc=,0,180
2023-01-22,xIqe+QQIQXQ=,t+kFcRdzL6o=,/M8gHzjxpNU=,xIqe+QQIQXQ=-t+kFcRdzL6o=,A4tgQv5cqkc=,0,180
2023-01-22,xIqe+QQIQXQ=,t+kFcRdzL6o=,/M8gHzjxpNU=,t+kFcRdzL6o=-/M8gHzjxpNU=,A4tgQv5cqkc=,-1,180
2023-01-22,xIqe+QQIQXQ=,t+kFcRdzL6o=,/M8gHzjxpNU=,xIqe+QQIQXQ=-/M8gHzjxpNU=,A4tgQv5cqkc=,-1,180
2023-01-22,xIqe+QQIQXQ=,t+kFcRdzL6o=,/M8gHzjxpNU=,xIqe+QQIQXQ=-t+kFcRdzL6o=,A4tgQv5cqkc=,-1,180
2023-01-23,xIqe+QQIQXQ=,t+kFcRdzL6o=,/M8gHzjxpNU=,t+kFcRdzL6o=-/M8gHzjxpNU=,A4tgQv5cqkc=,29,26
2023-01-23,xIqe+QQIQXQ=,t+kFcRdzL6o=,/M8gHzjxpNU=,xIqe+QQIQXQ=-/M8gHzjxpNU=,A4tgQv5cqkc=,29,23
2023-01-23,xIqe+QQIQXQ=,t+kFcRdzL6o=,/M8gHzjxpNU=,xIqe+QQIQXQ=-t+kFcRdzL6o=,A4tgQv5cqkc=,29,23
2023-01-23,xIqe+QQIQXQ=,t+kFcRdzL6o=,/M8gHzjxpNU=,t+kFcRdzL6o=-/M8gHzjxpNU=,A4tgQv5cqkc=,28,27
2023-01-23,xIqe+QQIQXQ=,t+kFcRdzL6o=,/M8gHzjxpNU=,xIqe+QQIQXQ=-/M8gHzjxpNU=,A4tgQv5cqkc=,28,24
2023-01-23,xIqe+QQIQXQ=,t+kFcRdzL6o=,/M8gHzjxpNU=,xIqe+QQIQXQ=-t+kFcRdzL6o=,A4tgQv5cqkc=,28,24
2023-01-23,xIqe+QQIQXQ=,t+kFcRdzL6o=,/M8gHzjxpNU=,t+kFcRdzL6o=-/M8gHzjxpNU=,A4tgQv5cqkc=,27,28
2023-01-23,xIqe+QQIQXQ=,t+kFcRdzL6o=,/M8gHzjxpNU=,xIqe+QQIQXQ=-/M8gHzjxpNU=,A4tgQv5cqkc=,27,24
2023-01-23,xIqe+QQIQXQ=,t+kFcRdzL6o=,/M8gHzjxpNU=,xIqe+QQIQXQ=-t+kFcRdzL6o=,A4tgQv5cqkc=,27,24
2023-01-23,xIqe+QQIQXQ=,t+kFcRdzL6o=,/M8gHzjxpNU=,t+kFcRdzL6o=-/M8gHzjxpNU=,A4tgQv5cqkc=,26,35
2023-01-23,xIqe+QQIQXQ=,t+kFcRdzL6o=,/M8gHzjxpNU=,xIqe+QQIQXQ=-/M8gHzjxpNU=,A4tgQv5cqkc=,26,32
2023-01-23,xIqe+QQIQXQ=,t+kFcRdzL6o=,/M8gHzjxpNU=,xIqe+QQIQXQ=-t+kFcRdzL6o=,A4tgQv5cqkc=,26,32
2023-01-23,xIqe+QQIQXQ=,t+kFcRdzL6o=,/M8gHzjxpNU=,t+kFcRdzL6o=-/M8gHzjxpNU=,A4tgQv5cqkc=,25,41
2023-01-23,xIqe+QQIQXQ=,t+kFcRdzL6o=,/M8gHzjxpNU=,xIqe+QQIQXQ=-/M8gHzjxpNU=,A4tgQv5cqkc=,25,38
2023-01-23,xIqe+QQIQXQ=,t+kFcRdzL6o=,/M8gHzjxpNU=,xIqe+QQIQXQ=-t+kFcRdzL6o=,A4tgQv5cqkc=,25,38
2023-01-23,xIqe+QQIQXQ=,t+kFcRdzL6o=,/M8gHzjxpNU=,t+kFcRdzL6o=-/M8gHzjxpNU=,A4tgQv5cqkc=,24,51
2023-01-23,xIqe+QQIQXQ=,t+kFcRdzL6o=,/M8gHzjxpNU=,xIqe+QQIQXQ=-/M8gHzjxpNU=,A4tgQv5cqkc=,24,48
2023-01-23,xIqe+QQIQXQ=,t+kFcRdzL6o=,/M8gHzjxpNU=,xIqe+QQIQXQ=-t+kFcRdzL6o=,A4tgQv5cqkc=,24,48
2023-01-23,xIqe+QQIQXQ=,t+kFcRdzL6o=,/M8gHzjxpNU=,t+kFcRdzL6o=-/M8gHzjxpNU=,A4tgQv5cqkc=,23,51
2023-01-23,xIqe+QQIQXQ=,t+kFcRdzL6o=,/M8gHzjxpNU=,xIqe+QQIQXQ=-/M8gHzjxpNU=,A4tgQv5cqkc=,23,48
2023-01-23,xIqe+QQIQXQ=,t+kFcRdzL6o=,/M8gHzjxpNU=,xIqe+QQIQXQ=-t+kFcRdzL6o=,A4tgQv5cqkc=,23,48
2023-01-23,xIqe+QQIQXQ=,t+kFcRdzL6o=,/M8gHzjxpNU=,t+kFcRdzL6o=-/M8gHzjxpNU=,A4tgQv5cqkc=,22,51
2023-01-23,xIqe+QQIQXQ=,t+kFcRdzL6o=,/M8gHzjxpNU=,xIqe+QQIQXQ=-/M8gHzjxpNU=,A4tgQv5cqkc=,22,48
2023-01-23,xIqe+QQIQXQ=,t+kFcRdzL6o=,/M8gHzjxpNU=,xIqe+QQIQXQ=-t+kFcRdzL6o=,A4tgQv5cqkc=,22,48
2023-01-23,xIqe+QQIQXQ=,t+kFcRdzL6o=,/M8gHzjxpNU=,t+kFcRdzL6o=-/M8gHzjxpNU=,A4tgQv5cqkc=,21,51
2023-01-23,xIqe+QQIQXQ=,t+kFcRdzL6o=,/M8gHzjxpNU=,xIqe+QQIQXQ=-/M8gHzjxpNU=,A4tgQv5cqkc=,21,48
2023-01-23,xIqe+QQIQXQ=,t+kFcRdzL6o=,/M8gHzjxpNU=,xIqe+QQIQXQ=-t+kFcRdzL6o=,A4tgQv5cqkc=,21,48
2023-01-23,xIqe+QQIQXQ=,t+kFcRdzL6o=,/M8gHzjxpNU=,t+kFcRdzL6o=-/M8gHzjxpNU=,A4tgQv5cqkc=,20,53
2023-01-23,xIqe+QQIQXQ=,t+kFcRdzL6o=,/M8gHzjxpNU=,xIqe+QQIQXQ=-/M8gHzjxpNU=,A4tgQv5cqkc=,20,48
2023-01-23,xIqe+QQIQXQ=,t+kFcRdzL6o=,/M8gHzjxpNU=,xIqe+QQIQXQ=-t+kFcRdzL6o=,A4tgQv5cqkc=,20,48
2023-01-23,xIqe+QQIQXQ=,t+kFcRdzL6o=,/M8gHzjxpNU=,t+kFcRdzL6o=-/M8gHzjxpNU=,A4tgQv5cqkc=,19,53
2023-01-23,xIqe+QQIQXQ=,t+kFcRdzL6o=,/M8gHzjxpNU=,xIqe+QQIQXQ=-/M8gHzjxpNU=,A4tgQv5cqkc=,19,55
2023-01-23,xIqe+QQIQXQ=,t+kFcRdzL6o=,/M8gHzjxpNU=,xIqe+QQIQXQ=-t+kFcRdzL6o=,A4tgQv5cqkc=,19,55
2023-01-23,xIqe+QQIQXQ=,t+kFcRdzL6o=,/M8gHzjxpNU=,t+kFcRdzL6o=-/M8gHzjxpNU=,A4tgQv5cqkc=,18,54
2023-01-23,xIqe+QQIQXQ=,t+kFcRdzL6o=,/M8gHzjxpNU=,xIqe+QQIQXQ=-/M8gHzjxpNU=,A4tgQv5cqkc=,18,55
2023-01-23,xIqe+QQIQXQ=,t+kFcRdzL6o=,/M8gHzjxpNU=,xIqe+QQIQXQ=-t+kFcRdzL6o=,A4tgQv5cqkc=,18,55
2023-01-23,xIqe+QQIQXQ=,t+kFcRdzL6o=,/M8gHzjxpNU=,t+kFcRdzL6o=-/M8gHzjxpNU=,A4tgQv5cqkc=,17,64
2023-01-23,xIqe+QQIQXQ=,t+kFcRdzL6o=,/M8gHzjxpNU=,xIqe+QQIQXQ=-/M8gHzjxpNU=,A4tgQv5cqkc=,17,65
2023-01-23,xIqe+QQIQXQ=,t+kFcRdzL6o=,/M8gHzjxpNU=,xIqe+QQIQXQ=-t+kFcRdzL6o=,A4tgQv5cqkc=,17,65
2023-01-23,xIqe+QQIQXQ=,t+kFcRdzL6o=,/M8gHzjxpNU=,t+kFcRdzL6o=-/M8gHzjxpNU=,A4tgQv5cqkc=,16,70
2023-01-23,xIqe+QQIQXQ=,t+kFcRdzL6o=,/M8gHzjxpNU=,xIqe+QQIQXQ=-/M8gHzjxpNU=,A4tgQv5cqkc=,16,70
2023-01-23,xIqe+QQIQXQ=,t+kFcRdzL6o=,/M8gHzjxpNU=,xIqe+QQIQXQ=-t+kFcRdzL6o=,A4tgQv5cqkc=,16,70
2023-01-23,xIqe+QQIQXQ=,t+kFcRdzL6o=,/M8gHzjxpNU=,t+kFcRdzL6o=-/M8gHzjxpNU=,A4tgQv5cqkc=,15,80
2023-01-23,xIqe+QQIQXQ=,t+kFcRdzL6o=,/M8gHzjxpNU=,xIqe+QQIQXQ=-/M8gHzjxpNU=,A4tgQv5cqkc=,15,80
2023-01-23,xIqe+QQIQXQ=,t+kFcRdzL6o=,/M8gHzjxpNU=,xIqe+QQIQXQ=-t+kFcRdzL6o=,A4tgQv5cqkc=,15,80
2023-01-23,xIqe+QQIQXQ=,t+kFcRdzL6o=,/M8gHzjxpNU=,t+kFcRdzL6o=-/M8gHzjxpNU=,A4tgQv5cqkc=,14,82
2023-01-23,xIqe+QQIQXQ=,t+kFcRdzL6o=,/M8gHzjxpNU=,xIqe+QQIQXQ=-/M8gHzjxpNU=,A4tgQv5cqkc=,14,82
2023-01-23,xIqe+QQIQXQ=,t+kFcRdzL6o=,/M8gHzjxpNU=,xIqe+QQIQXQ=-t+kFcRdzL6o=,A4tgQv5cqkc=,14,82
2023-01-23,xIqe+QQIQXQ=,t+kFcRdzL6o=,/M8gHzjxpNU=,t+kFcRdzL6o=-/M8gHzjxpNU=,A4tgQv5cqkc=,13,87
2023-01-23,xIqe+QQIQXQ=,t+kFcRdzL6o=,/M8gHzjxpNU=,xIqe+QQIQXQ=-/M8gHzjxpNU=,A4tgQv5cqkc=,13,87
2023-01-23,xIqe+QQIQXQ=,t+kFcRdzL6o=,/M8gHzjxpNU=,xIqe+QQIQXQ=-t+kFcRdzL6o=,A4tgQv5cqkc=,13,87
2023-01-23,xIqe+QQIQXQ=,t+kFcRdzL6o=,/M8gHzjxpNU=,t+kFcRdzL6o=-/M8gHzjxpNU=,A4tgQv5cqkc=,12,91
2023-01-23,xIqe+QQIQXQ=,t+kFcRdzL6o=,/M8gHzjxpNU=,xIqe+QQIQXQ=-/M8gHzjxpNU=,A4tgQv5cqkc=,12,92
2023-01-23,xIqe+QQIQXQ=,t+kFcRdzL6o=,/M8gHzjxpNU=,xIqe+QQIQXQ=-t+kFcRdzL6o=,A4tgQv5cqkc=,12,92
2023-01-23,xIqe+QQIQXQ=,t+kFcRdzL6o=,/M8gHzjxpNU=,t+kFcRdzL6o=-/M8gHzjxpNU=,A4tgQv5cqkc=,11,109
2023-01-23,xIqe+QQIQXQ=,t+kFcRdzL6o=,/M8gHzjxpNU=,xIqe+QQIQXQ=-/M8gHzjxpNU=,A4tgQv5cqkc=,11,110
2023-01-23,xIqe+QQIQXQ=,t+kFcRdzL6o=,/M8gHzjxpNU=,xIqe+QQIQXQ=-t+kFcRdzL6o=,A4tgQv5cqkc=,11,110
2023-01-23,xIqe+QQIQXQ=,t+kFcRdzL6o=,/M8gHzjxpNU=,t+kFcRdzL6o=-/M8gHzjxpNU=,A4tgQv5cqkc=,10,127
2023-01-23,xIqe+QQIQXQ=,t+kFcRdzL6o=,/M8gHzjxpNU=,xIqe+QQIQXQ=-/M8gHzjxpNU=,A4tgQv5cqkc=,10,128
2023-01-23,xIqe+QQIQXQ=,t+kFcRdzL6o=,/M8gHzjxpNU=,xIqe+QQIQXQ=-t+kFcRdzL6o=,A4tgQv5cqkc=,10,128
2023-01-23,xIqe+QQIQXQ=,t+kFcRdzL6o=,/M8gHzjxpNU=,t+kFcRdzL6o=-/M8gHzjxpNU=,A4tgQv5cqkc=,9,132
2023-01-23,xIqe+QQIQXQ=,t+kFcRdzL6o=,/M8gHzjxpNU=,xIqe+QQIQXQ=-/M8gHzjxpNU=,A4tgQv5cqkc=,9,133
2023-01-23,xIqe+QQIQXQ=,t+kFcRdzL6o=,/M8gHzjxpNU=,xIqe+QQIQXQ=-t+kFcRdzL6o=,A4tgQv5cqkc=,9,133
2023-01-23,xIqe+QQIQXQ=,t+kFcRdzL6o=,/M8gHzjxpNU=,t+kFcRdzL6o=-/M8gHzjxpNU=,A4tgQv5cqkc=,8,133
2023-01-23,xIqe+QQIQXQ=,t+kFcRdzL6o=,/M8gHzjxpNU=,xIqe+QQIQXQ=-/M8gHzjxpNU=,A4tgQv5cqkc=,8,134
2023-01-23,xIqe+QQIQXQ=,t+kFcRdzL6o=,/M8gHzjxpNU=,xIqe+QQIQXQ=-t+kFcRdzL6o=,A4tgQv5cqkc=,8,134
2023-01-23,xIqe+QQIQXQ=,t+kFcRdzL6o=,/M8gHzjxpNU=,t+kFcRdzL6o=-/M8gHzjxpNU=,A4tgQv5cqkc=,7,137
2023-01-23,xIqe+QQIQXQ=,t+kFcRdzL6o=,/M8gHzjxpNU=,xIqe+QQIQXQ=-/M8gHzjxpNU=,A4tgQv5cqkc=,7,138
2023-01-23,xIqe+QQIQXQ=,t+kFcRdzL6o=,/M8gHzjxpNU=,xIqe+QQIQXQ=-t+kFcRdzL6o=,A4tgQv5cqkc=,7,138
2023-01-23,xIqe+QQIQXQ=,t+kFcRdzL6o=,/M8gHzjxpNU=,t+kFcRdzL6o=-/M8gHzjxpNU=,A4tgQv5cqkc=,6,156
2023-01-23,xIqe+QQIQXQ=,t+kFcRdzL6o=,/M8gHzjxpNU=,xIqe+QQIQXQ=-/M8gHzjxpNU=,A4tgQv5cqkc=,6,158
2023-01-23,xIqe+QQIQXQ=,t+kFcRdzL6o=,/M8gHzjxpNU=,xIqe+QQIQXQ=-t+kFcRdzL6o=,A4tgQv5cqkc=,6,158
2023-01-23,xIqe+QQIQXQ=,t+kFcRdzL6o=,/M8gHzjxpNU=,t+kFcRdzL6o=-/M8gHzjxpNU=,A4tgQv5cqkc=,5,162
2023-01-23,xIqe+QQIQXQ=,t+kFcRdzL6o=,/M8gHzjxpNU=,xIqe+QQIQXQ=-/M8gHzjxpNU=,A4tgQv5cqkc=,5,164
2023-01-23,xIqe+QQIQXQ=,t+kFcRdzL6o=,/M8gHzjxpNU=,xIqe+QQIQXQ=-t+kFcRdzL6o=,A4tgQv5cqkc=,5,164
2023-01-23,xIqe+QQIQXQ=,t+kFcRdzL6o=,/M8gHzjxpNU=,t+kFcRdzL6o=-/M8gHzjxpNU=,A4tgQv5cqkc=,4,162
2023-01-23,xIqe+QQIQXQ=,t+kFcRdzL6o=,/M8gHzjxpNU=,xIqe+QQIQXQ=-/M8gHzjxpNU=,A4tgQv5cqkc=,4,164
2023-01-23,xIqe+QQIQXQ=,t+kFcRdzL6o=,/M8gHzjxpNU=,xIqe+QQIQXQ=-t+kFcRdzL6o=,A4tgQv5cqkc=,4,164
2023-01-23,xIqe+QQIQXQ=,t+kFcRdzL6o=,/M8gHzjxpNU=,t+kFcRdzL6o=-/M8gHzjxpNU=,A4tgQv5cqkc=,3,164
2023-01-23,xIqe+QQIQXQ=,t+kFcRdzL6o=,/M8gHzjxpNU=,xIqe+QQIQXQ=-/M8gHzjxpNU=,A4tgQv5cqkc=,3,163
2023-01-23,xIqe+QQIQXQ=,t+kFcRdzL6o=,/M8gHzjxpNU=,xIqe+QQIQXQ=-t+kFcRdzL6o=,A4tgQv5cqkc=,3,163
2023-01-23,xIqe+QQIQXQ=,t+kFcRdzL6o=,/M8gHzjxpNU=,t+kFcRdzL6o=-/M8gHzjxpNU=,A4tgQv5cqkc=,2,164
2023-01-23,xIqe+QQIQXQ=,t+kFcRdzL6o=,/M8gHzjxpNU=,xIqe+QQIQXQ=-/M8gHzjxpNU=,A4tgQv5cqkc=,2,163
2023-01-23,xIqe+QQIQXQ=,t+kFcRdzL6o=,/M8gHzjxpNU=,xIqe+QQIQXQ=-t+kFcRdzL6o=,A4tgQv5cqkc=,2,163
2023-01-23,xIqe+QQIQXQ=,t+kFcRdzL6o=,/M8gHzjxpNU=,t+kFcRdzL6o=-/M8gHzjxpNU=,A4tgQv5cqkc=,1,177
2023-01-23,xIqe+QQIQXQ=,t+kFcRdzL6o=,/M8gHzjxpNU=,xIqe+QQIQXQ=-/M8gHzjxpNU=,A4tgQv5cqkc=,1,174
2023-01-23,xIqe+QQIQXQ=,t+kFcRdzL6o=,/M8gHzjxpNU=,xIqe+QQIQXQ=-t+kFcRdzL6o=,A4tgQv5cqkc=,1,174
2023-01-23,xIqe+QQIQXQ=,t+kFcRdzL6o=,/M8gHzjxpNU=,t+kFcRdzL6o=-/M8gHzjxpNU=,A4tgQv5cqkc=,0,179
2023-01-23,xIqe+QQIQXQ=,t+kFcRdzL6o=,/M8gHzjxpNU=,xIqe+QQIQXQ=-/M8gHzjxpNU=,A4tgQv5cqkc=,0,177
2023-01-23,xIqe+QQIQXQ=,t+kFcRdzL6o=,/M8gHzjxpNU=,xIqe+QQIQXQ=-t+kFcRdzL6o=,A4tgQv5cqkc=,0,177
2023-01-23,xIqe+QQIQXQ=,t+kFcRdzL6o=,/M8gHzjxpNU=,t+kFcRdzL6o=-/M8gHzjxpNU=,A4tgQv5cqkc=,-1,179
2023-01-23,xIqe+QQIQXQ=,t+kFcRdzL6o=,/M8gHzjxpNU=,xIqe+QQIQXQ=-/M8gHzjxpNU=,A4tgQv5cqkc=,-1,177
2023-01-23,xIqe+QQIQXQ=,t+kFcRdzL6o=,/M8gHzjxpNU=,xIqe+QQIQXQ=-t+kFcRdzL6o=,A4tgQv5cqkc=,-1,177
2023-01-25,xIqe+QQIQXQ=,t+kFcRdzL6o=,/M8gHzjxpNU=,t+kFcRdzL6o=-/M8gHzjxpNU=,A4tgQv5cqkc=,29,33
2023-01-25,xIqe+QQIQXQ=,t+kFcRdzL6o=,/M8gHzjxpNU=,xIqe+QQIQXQ=-/M8gHzjxpNU=,A4tgQv5cqkc=,29,33
2023-01-25,xIqe+QQIQXQ=,t+kFcRdzL6o=,/M8gHzjxpNU=,xIqe+QQIQXQ=-t+kFcRdzL6o=,A4tgQv5cqkc=,29,33
2023-01-25,xIqe+QQIQXQ=,t+kFcRdzL6o=,/M8gHzjxpNU=,t+kFcRdzL6o=-/M8gHzjxpNU=,A4tgQv5cqkc=,28,34
2023-01-25,xIqe+QQIQXQ=,t+kFcRdzL6o=,/M8gHzjxpNU=,xIqe+QQIQXQ=-/M8gHzjxpNU=,A4tgQv5cqkc=,28,34
2023-01-25,xIqe+QQIQXQ=,t+kFcRdzL6o=,/M8gHzjxpNU=,xIqe+QQIQXQ=-t+kFcRdzL6o=,A4tgQv5cqkc=,28,34
2023-01-25,xIqe+QQIQXQ=,t+kFcRdzL6o=,/M8gHzjxpNU=,t+kFcRdzL6o=-/M8gHzjxpNU=,A4tgQv5cqkc=,27,34
2023-01-25,xIqe+QQIQXQ=,t+kFcRdzL6o=,/M8gHzjxpNU=,xIqe+QQIQXQ=-/M8gHzjxpNU=,A4tgQv5cqkc=,27,34
2023-01-25,xIqe+QQIQXQ=,t+kFcRdzL6o=,/M8gHzjxpNU=,xIqe+QQIQXQ=-t+kFcRdzL6o=,A4tgQv5cqkc=,27,34
2023-01-25,xIqe+QQIQXQ=,t+kFcRdzL6o=,/M8gHzjxpNU=,t+kFcRdzL6o=-/M8gHzjxpNU=,A4tgQv5cqkc=,26,36
2023-01-25,xIqe+QQIQXQ=,t+kFcRdzL6o=,/M8gHzjxpNU=,xIqe+QQIQXQ=-/M8gHzjxpNU=,A4tgQv5cqkc=,26,34
2023-01-25,xIqe+QQIQXQ=,t+kFcRdzL6o=,/M8gHzjxpNU=,xIqe+QQIQXQ=-t+kFcRdzL6o=,A4tgQv5cqkc=,26,34
2023-01-25,xIqe+QQIQXQ=,t+kFcRdzL6o=,/M8gHzjxpNU=,t+kFcRdzL6o=-/M8gHzjxpNU=,A4tgQv5cqkc=,25,36
2023-01-25,xIqe+QQIQXQ=,t+kFcRdzL6o=,/M8gHzjxpNU=,xIqe+QQIQXQ=-/M8gHzjxpNU=,A4tgQv5cqkc=,25,34
2023-01-25,xIqe+QQIQXQ=,t+kFcRdzL6o=,/M8gHzjxpNU=,xIqe+QQIQXQ=-t+kFcRdzL6o=,A4tgQv5cqkc=,25,34
2023-01-25,xIqe+QQIQXQ=,t+kFcRdzL6o=,/M8gHzjxpNU=,t+kFcRdzL6o=-/M8gHzjxpNU=,A4tgQv5cqkc=,24,41
2023-01-25,xIqe+QQIQXQ=,t+kFcRdzL6o=,/M8gHzjxpNU=,xIqe+QQIQXQ=-/M8gHzjxpNU=,A4tgQv5cqkc=,24,34
2023-01-25,xIqe+QQIQXQ=,t+kFcRdzL6o=,/M8gHzjxpNU=,xIqe+QQIQXQ=-t+kFcRdzL6o=,A4tgQv5cqkc=,24,34
2023-01-25,xIqe+QQIQXQ=,t+kFcRdzL6o=,/M8gHzjxpNU=,t+kFcRdzL6o=-/M8gHzjxpNU=,A4tgQv5cqkc=,23,41
2023-01-25,xIqe+QQIQXQ=,t+kFcRdzL6o=,/M8gHzjxpNU=,xIqe+QQIQXQ=-/M8gHzjxpNU=,A4tgQv5cqkc=,23,34
2023-01-25,xIqe+QQIQXQ=,t+kFcRdzL6o=,/M8gHzjxpNU=,xIqe+QQIQXQ=-t+kFcRdzL6o=,A4tgQv5cqkc=,23,34
2023-01-25,xIqe+QQIQXQ=,t+kFcRdzL6o=,/M8gHzjxpNU=,t+kFcRdzL6o=-/M8gHzjxpNU=,A4tgQv5cqkc=,22,42
2023-01-25,xIqe+QQIQXQ=,t+kFcRdzL6o=,/M8gHzjxpNU=,xIqe+QQIQXQ=-/M8gHzjxpNU=,A4tgQv5cqkc=,22,35
2023-01-25,xIqe+QQIQXQ=,t+kFcRdzL6o=,/M8gHzjxpNU=,xIqe+QQIQXQ=-t+kFcRdzL6o=,A4tgQv5cqkc=,22,35
2023-01-25,xIqe+QQIQXQ=,t+kFcRdzL6o=,/M8gHzjxpNU=,t+kFcRdzL6o=-/M8gHzjxpNU=,A4tgQv5cqkc=,21,48
2023-01-25,xIqe+QQIQXQ=,t+kFcRdzL6o=,/M8gHzjxpNU=,xIqe+QQIQXQ=-/M8gHzjxpNU=,A4tgQv5cqkc=,21,39
2023-01-25,xIqe+QQIQXQ=,t+kFcRdzL6o=,/M8gHzjxpNU=,xIqe+QQIQXQ=-t+kFcRdzL6o=,A4tgQv5cqkc=,21,39
2023-01-25,xIqe+QQIQXQ=,t+kFcRdzL6o=,/M8gHzjxpNU=,t+kFcRdzL6o=-/M8gHzjxpNU=,A4tgQv5cqkc=,20,49
2023-01-25,xIqe+QQIQXQ=,t+kFcRdzL6o=,/M8gHzjxpNU=,xIqe+QQIQXQ=-/M8gHzjxpNU=,A4tgQv5cqkc=,20,39
2023-01-25,xIqe+QQIQXQ=,t+kFcRdzL6o=,/M8gHzjxpNU=,xIqe+QQIQXQ=-t+kFcRdzL6o=,A4tgQv5cqkc=,20,39
2023-01-25,xIqe+QQIQXQ=,t+kFcRdzL6o=,/M8gHzjxpNU=,t+kFcRdzL6o=-/M8gHzjxpNU=,A4tgQv5cqkc=,19,59
2023-01-25,xIqe+QQIQXQ=,t+kFcRdzL6o=,/M8gHzjxpNU=,xIqe+QQIQXQ=-/M8gHzjxpNU=,A4tgQv5cqkc=,19,48
2023-01-25,xIqe+QQIQXQ=,t+kFcRdzL6o=,/M8gHzjxpNU=,xIqe+QQIQXQ=-t+kFcRdzL6o=,A4tgQv5cqkc=,19,48
2023-01-25,xIqe+QQIQXQ=,t+kFcRdzL6o=,/M8gHzjxpNU=,t+kFcRdzL6o=-/M8gHzjxpNU=,A4tgQv5cqkc=,18,65
2023-01-25,xIqe+QQIQXQ=,t+kFcRdzL6o=,/M8gHzjxpNU=,xIqe+QQIQXQ=-/M8gHzjxpNU=,A4tgQv5cqkc=,18,52
2023-01-25,xIqe+QQIQXQ=,t+kFcRdzL6o=,/M8gHzjxpNU=,xIqe+QQIQXQ=-t+kFcRdzL6o=,A4tgQv5cqkc=,18,52
2023-01-25,xIqe+QQIQXQ=,t+kFcRdzL6o=,/M8gHzjxpNU=,t+kFcRdzL6o=-/M8gHzjxpNU=,A4tgQv5cqkc=,17,69
2023-01-25,xIqe+QQIQXQ=,t+kFcRdzL6o=,/M8gHzjxpNU=,xIqe+QQIQXQ=-/M8gHzjxpNU=,A4tgQv5cqkc=,17,56
2023-01-25,xIqe+QQIQXQ=,t+kFcRdzL6o=,/M8gHzjxpNU=,xIqe+QQIQXQ=-t+kFcRdzL6o=,A4tgQv5cqkc=,17,56
2023-01-25,xIqe+QQIQXQ=,t+kFcRdzL6o=,/M8gHzjxpNU=,t+kFcRdzL6o=-/M8gHzjxpNU=,A4tgQv5cqkc=,16,78
2023-01-25,xIqe+QQIQXQ=,t+kFcRdzL6o=,/M8gHzjxpNU=,xIqe+QQIQXQ=-/M8gHzjxpNU=,A4tgQv5cqkc=,16,63
2023-01-25,xIqe+QQIQXQ=,t+kFcRdzL6o=,/M8gHzjxpNU=,xIqe+QQIQXQ=-t+kFcRdzL6o=,A4tgQv5cqkc=,16,63
2023-01-25,xIqe+QQIQXQ=,t+kFcRdzL6o=,/M8gHzjxpNU=,t+kFcRdzL6o=-/M8gHzjxpNU=,A4tgQv5cqkc=,15,85
2023-01-25,xIqe+QQIQXQ=,t+kFcRdzL6o=,/M8gHzjxpNU=,xIqe+QQIQXQ=-/M8gHzjxpNU=,A4tgQv5cqkc=,15,71
2023-01-25,xIqe+QQIQXQ=,t+kFcRdzL6o=,/M8gHzjxpNU=,xIqe+QQIQXQ=-t+kFcRdzL6o=,A4tgQv5cqkc=,15,71
2023-01-25,xIqe+QQIQXQ=,t+kFcRdzL6o=,/M8gHzjxpNU=,t+kFcRdzL6o=-/M8gHzjxpNU=,A4tgQv5cqkc=,14,92
2023-01-25,xIqe+QQIQXQ=,t+kFcRdzL6o=,/M8gHzjxpNU=,xIqe+QQIQXQ=-/M8gHzjxpNU=,A4tgQv5cqkc=,14,74
2023-01-25,xIqe+QQIQXQ=,t+kFcRdzL6o=,/M8gHzjxpNU=,xIqe+QQIQXQ=-t+kFcRdzL6o=,A4tgQv5cqkc=,14,74
2023-01-25,xIqe+QQIQXQ=,t+kFcRdzL6o=,/M8gHzjxpNU=,t+kFcRdzL6o=-/M8gHzjxpNU=,A4tgQv5cqkc=,13,93
2023-01-25,xIqe+QQIQXQ=,t+kFcRdzL6o=,/M8gHzjxpNU=,xIqe+QQIQXQ=-/M8gHzjxpNU=,A4tgQv5cqkc=,13,75
2023-01-25,xIqe+QQIQXQ=,t+kFcRdzL6o=,/M8gHzjxpNU=,xIqe+QQIQXQ=-t+kFcRdzL6o=,A4tgQv5cqkc=,13,75
2023-01-25,xIqe+QQIQXQ=,t+kFcRdzL6o=,/M8gHzjxpNU=,t+kFcRdzL6o=-/M8gHzjxpNU=,A4tgQv5cqkc=,12,100
2023-01-25,xIqe+QQIQXQ=,t+kFcRdzL6o=,/M8gHzjxpNU=,xIqe+QQIQXQ=-/M8gHzjxpNU=,A4tgQv5cqkc=,12,82
2023-01-25,xIqe+QQIQXQ=,t+kFcRdzL6o=,/M8gHzjxpNU=,xIqe+QQIQXQ=-t+kFcRdzL6o=,A4tgQv5cqkc=,12,82
2023-01-25,xIqe+QQIQXQ=,t+kFcRdzL6o=,/M8gHzjxpNU=,t+kFcRdzL6o=-/M8gHzjxpNU=,A4tgQv5cqkc=,11,104
2023-01-25,xIqe+QQIQXQ=,t+kFcRdzL6o=,/M8gHzjxpNU=,xIqe+QQIQXQ=-/M8gHzjxpNU=,A4tgQv5cqkc=,11,88
2023-01-25,xIqe+QQIQXQ=,t+kFcRdzL6o=,/M8gHzjxpNU=,xIqe+QQIQXQ=-t+kFcRdzL6o=,A4tgQv5cqkc=,11,88
2023-01-25,xIqe+QQIQXQ=,t+kFcRdzL6o=,/M8gHzjxpNU=,t+kFcRdzL6o=-/M8gHzjxpNU=,A4tgQv5cqkc=,10,104
2023-01-25,xIqe+QQIQXQ=,t+kFcRdzL6o=,/M8gHzjxpNU=,xIqe+QQIQXQ=-/M8gHzjxpNU=,A4tgQv5cqkc=,10,90
2023-01-25,xIqe+QQIQXQ=,t+kFcRdzL6o=,/M8gHzjxpNU=,xIqe+QQIQXQ=-t+kFcRdzL6o=,A4tgQv5cqkc=,10,90
2023-01-25,xIqe+QQIQXQ=,t+kFcRdzL6o=,/M8gHzjxpNU=,t+kFcRdzL6o=-/M8gHzjxpNU=,A4tgQv5cqkc=,9,102
2023-01-25,xIqe+QQIQXQ=,t+kFcRdzL6o=,/M8gHzjxpNU=,xIqe+QQIQXQ=-/M8gHzjxpNU=,A4tgQv5cqkc=,9,88
2023-01-25,xIqe+QQIQXQ=,t+kFcRdzL6o=,/M8gHzjxpNU=,xIqe+QQIQXQ=-t+kFcRdzL6o=,A4tgQv5cqkc=,9,88
2023-01-25,xIqe+QQIQXQ=,t+kFcRdzL6o=,/M8gHzjxpNU=,t+kFcRdzL6o=-/M8gHzjxpNU=,A4tgQv5cqkc=,8,108
2023-01-25,xIqe+QQIQXQ=,t+kFcRdzL6o=,/M8gHzjxpNU=,xIqe+QQIQXQ=-/M8gHzjxpNU=,A4tgQv5cqkc=,8,95
2023-01-25,xIqe+QQIQXQ=,t+kFcRdzL6o=,/M8gHzjxpNU=,xIqe+QQIQXQ=-t+kFcRdzL6o=,A4tgQv5cqkc=,8,95
2023-01-25,xIqe+QQIQXQ=,t+kFcRdzL6o=,/M8gHzjxpNU=,t+kFcRdzL6o=-/M8gHzjxpNU=,A4tgQv5cqkc=,7,108
2023-01-25,xIqe+QQIQXQ=,t+kFcRdzL6o=,/M8gHzjxpNU=,xIqe+QQIQXQ=-/M8gHzjxpNU=,A4tgQv5cqkc=,7,96
2023-01-25,xIqe+QQIQXQ=,t+kFcRdzL6o=,/M8gHzjxpNU=,xIqe+QQIQXQ=-t+kFcRdzL6o=,A4tgQv5cqkc=,7,96
2023-01-25,xIqe+QQIQXQ=,t+kFcRdzL6o=,/M8gHzjxpNU=,t+kFcRdzL6o=-/M8gHzjxpNU=,A4tgQv5cqkc=,6,114
2023-01-25,xIqe+QQIQXQ=,t+kFcRdzL6o=,/M8gHzjxpNU=,xIqe+QQIQXQ=-/M8gHzjxpNU=,A4tgQv5cqkc=,6,107
2023-01-25,xIqe+QQIQXQ=,t+kFcRdzL6o=,/M8gHzjxpNU=,xIqe+QQIQXQ=-t+kFcRdzL6o=,A4tgQv5cqkc=,6,107
2023-01-25,xIqe+QQIQXQ=,t+kFcRdzL6o=,/M8gHzjxpNU=,t+kFcRdzL6o=-/M8gHzjxpNU=,A4tgQv5cqkc=,5,121
2023-01-25,xIqe+QQIQXQ=,t+kFcRdzL6o=,/M8gHzjxpNU=,xIqe+QQIQXQ=-/M8gHzjxpNU=,A4tgQv5cqkc=,5,118
2023-01-25,xIqe+QQIQXQ=,t+kFcRdzL6o=,/M8gHzjxpNU=,xIqe+QQIQXQ=-t+kFcRdzL6o=,A4tgQv5cqkc=,5,118
2023-01-25,xIqe+QQIQXQ=,t+kFcRdzL6o=,/M8gHzjxpNU=,t+kFcRdzL6o=-/M8gHzjxpNU=,A4tgQv5cqkc=,4,127
2023-01-25,xIqe+QQIQXQ=,t+kFcRdzL6o=,/M8gHzjxpNU=,xIqe+QQIQXQ=-/M8gHzjxpNU=,A4tgQv5cqkc=,4,131
2023-01-25,xIqe+QQIQXQ=,t+kFcRdzL6o=,/M8gHzjxpNU=,xIqe+QQIQXQ=-t+kFcRdzL6o=,A4tgQv5cqkc=,4,131
2023-01-25,xIqe+QQIQXQ=,t+kFcRdzL6o=,/M8gHzjxpNU=,t+kFcRdzL6o=-/M8gHzjxpNU=,A4tgQv5cqkc=,3,137
2023-01-25,xIqe+QQIQXQ=,t+kFcRdzL6o=,/M8gHzjxpNU=,xIqe+QQIQXQ=-/M8gHzjxpNU=,A4tgQv5cqkc=,3,140
2023-01-25,xIqe+QQIQXQ=,t+kFcRdzL6o=,/M8gHzjxpNU=,xIqe+QQIQXQ=-t+kFcRdzL6o=,A4tgQv5cqkc=,3,140
2023-01-25,xIqe+QQIQXQ=,t+kFcRdzL6o=,/M8gHzjxpNU=,t+kFcRdzL6o=-/M8gHzjxpNU=,A4tgQv5cqkc=,2,147
2023-01-25,xIqe+QQIQXQ=,t+kFcRdzL6o=,/M8gHzjxpNU=,xIqe+QQIQXQ=-/M8gHzjxpNU=,A4tgQv5cqkc=,2,152
2023-01-25,xIqe+QQIQXQ=,t+kFcRdzL6o=,/M8gHzjxpNU=,xIqe+QQIQXQ=-t+kFcRdzL6o=,A4tgQv5cqkc=,2,152
2023-01-25,xIqe+QQIQXQ=,t+kFcRdzL6o=,/M8gHzjxpNU=,t+kFcRdzL6o=-/M8gHzjxpNU=,A4tgQv5cqkc=,1,153
2023-01-25,xIqe+QQIQXQ=,t+kFcRdzL6o=,/M8gHzjxpNU=,xIqe+QQIQXQ=-/M8gHzjxpNU=,A4tgQv5cqkc=,1,154
2023-01-25,xIqe+QQIQXQ=,t+kFcRdzL6o=,/M8gHzjxpNU=,xIqe+QQIQXQ=-t+kFcRdzL6o=,A4tgQv5cqkc=,1,154
2023-01-25,xIqe+QQIQXQ=,t+kFcRdzL6o=,/M8gHzjxpNU=,t+kFcRdzL6o=-/M8gHzjxpNU=,A4tgQv5cqkc=,0,179
2023-01-25,xIqe+QQIQXQ=,t+kFcRdzL6o=,/M8gHzjxpNU=,xIqe+QQIQXQ=-/M8gHzjxpNU=,A4tgQv5cqkc=,0,179
2023-01-25,xIqe+QQIQXQ=,t+kFcRdzL6o=,/M8gHzjxpNU=,xIqe+QQIQXQ=-t+kFcRdzL6o=,A4tgQv5cqkc=,0,179
2023-01-25,xIqe+QQIQXQ=,t+kFcRdzL6o=,/M8gHzjxpNU=,t+kFcRdzL6o=-/M8gHzjxpNU=,A4tgQv5cqkc=,-1,179
2023-01-25,xIqe+QQIQXQ=,t+kFcRdzL6o=,/M8gHzjxpNU=,xIqe+QQIQXQ=-/M8gHzjxpNU=,A4tgQv5cqkc=,-1,179
2023-01-25,xIqe+QQIQXQ=,t+kFcRdzL6o=,/M8gHzjxpNU=,xIqe+QQIQXQ=-t+kFcRdzL6o=,A4tgQv5cqkc=,-1,179
2023-01-27,xIqe+QQIQXQ=,t+kFcRdzL6o=,/M8gHzjxpNU=,t+kFcRdzL6o=-/M8gHzjxpNU=,A4tgQv5cqkc=,29,99
2023-01-27,xIqe+QQIQXQ=,t+kFcRdzL6o=,/M8gHzjxpNU=,xIqe+QQIQXQ=-/M8gHzjxpNU=,A4tgQv5cqkc=,29,60
2023-01-27,xIqe+QQIQXQ=,t+kFcRdzL6o=,/M8gHzjxpNU=,xIqe+QQIQXQ=-t+kFcRdzL6o=,A4tgQv5cqkc=,29,60
2023-01-27,xIqe+QQIQXQ=,t+kFcRdzL6o=,/M8gHzjxpNU=,t+kFcRdzL6o=-/M8gHzjxpNU=,A4tgQv5cqkc=,28,99
2023-01-27,xIqe+QQIQXQ=,t+kFcRdzL6o=,/M8gHzjxpNU=,xIqe+QQIQXQ=-/M8gHzjxpNU=,A4tgQv5cqkc=,28,60
2023-01-27,xIqe+QQIQXQ=,t+kFcRdzL6o=,/M8gHzjxpNU=,xIqe+QQIQXQ=-t+kFcRdzL6o=,A4tgQv5cqkc=,28,60
2023-01-27,xIqe+QQIQXQ=,t+kFcRdzL6o=,/M8gHzjxpNU=,t+kFcRdzL6o=-/M8gHzjxpNU=,A4tgQv5cqkc=,27,99
2023-01-27,xIqe+QQIQXQ=,t+kFcRdzL6o=,/M8gHzjxpNU=,xIqe+QQIQXQ=-/M8gHzjxpNU=,A4tgQv5cqkc=,27,64
2023-01-27,xIqe+QQIQXQ=,t+kFcRdzL6o=,/M8gHzjxpNU=,xIqe+QQIQXQ=-t+kFcRdzL6o=,A4tgQv5cqkc=,27,64
2023-01-27,xIqe+QQIQXQ=,t+kFcRdzL6o=,/M8gHzjxpNU=,t+kFcRdzL6o=-/M8gHzjxpNU=,A4tgQv5cqkc=,26,99
2023-01-27,xIqe+QQIQXQ=,t+kFcRdzL6o=,/M8gHzjxpNU=,xIqe+QQIQXQ=-/M8gHzjxpNU=,A4tgQv5cqkc=,26,64
2023-01-27,xIqe+QQIQXQ=,t+kFcRdzL6o=,/M8gHzjxpNU=,xIqe+QQIQXQ=-t+kFcRdzL6o=,A4tgQv5cqkc=,26,64
2023-01-27,xIqe+QQIQXQ=,t+kFcRdzL6o=,/M8gHzjxpNU=,t+kFcRdzL6o=-/M8gHzjxpNU=,A4tgQv5cqkc=,25,101
2023-01-27,xIqe+QQIQXQ=,t+kFcRdzL6o=,/M8gHzjxpNU=,xIqe+QQIQXQ=-/M8gHzjxpNU=,A4tgQv5cqkc=,25,66
2023-01-27,xIqe+QQIQXQ=,t+kFcRdzL6o=,/M8gHzjxpNU=,xIqe+QQIQXQ=-t+kFcRdzL6o=,A4tgQv5cqkc=,25,66
2023-01-27,xIqe+QQIQXQ=,t+kFcRdzL6o=,/M8gHzjxpNU=,t+kFcRdzL6o=-/M8gHzjxpNU=,A4tgQv5cqkc=,24,108
2023-01-27,xIqe+QQIQXQ=,t+kFcRdzL6o=,/M8gHzjxpNU=,xIqe+QQIQXQ=-/M8gHzjxpNU=,A4tgQv5cqkc=,24,73
2023-01-27,xIqe+QQIQXQ=,t+kFcRdzL6o=,/M8gHzjxpNU=,xIqe+QQIQXQ=-t+kFcRdzL6o=,A4tgQv5cqkc=,24,73
2023-01-27,xIqe+QQIQXQ=,t+kFcRdzL6o=,/M8gHzjxpNU=,t+kFcRdzL6o=-/M8gHzjxpNU=,A4tgQv5cqkc=,23,107
2023-01-27,xIqe+QQIQXQ=,t+kFcRdzL6o=,/M8gHzjxpNU=,xIqe+QQIQXQ=-/M8gHzjxpNU=,A4tgQv5cqkc=,23,73
2023-01-27,xIqe+QQIQXQ=,t+kFcRdzL6o=,/M8gHzjxpNU=,xIqe+QQIQXQ=-t+kFcRdzL6o=,A4tgQv5cqkc=,23,73
2023-01-27,xIqe+QQIQXQ=,t+kFcRdzL6o=,/M8gHzjxpNU=,t+kFcRdzL6o=-/M8gHzjxpNU=,A4tgQv5cqkc=,22,107
2023-01-27,xIqe+QQIQXQ=,t+kFcRdzL6o=,/M8gHzjxpNU=,xIqe+QQIQXQ=-/M8gHzjxpNU=,A4tgQv5cqkc=,22,73
2023-01-27,xIqe+QQIQXQ=,t+kFcRdzL6o=,/M8gHzjxpNU=,xIqe+QQIQXQ=-t+kFcRdzL6o=,A4tgQv5cqkc=,22,73
2023-01-27,xIqe+QQIQXQ=,t+kFcRdzL6o=,/M8gHzjxpNU=,t+kFcRdzL6o=-/M8gHzjxpNU=,A4tgQv5cqkc=,21,112
2023-01-27,xIqe+QQIQXQ=,t+kFcRdzL6o=,/M8gHzjxpNU=,xIqe+QQIQXQ=-/M8gHzjxpNU=,A4tgQv5cqkc=,21,78
2023-01-27,xIqe+QQIQXQ=,t+kFcRdzL6o=,/M8gHzjxpNU=,xIqe+QQIQXQ=-t+kFcRdzL6o=,A4tgQv5cqkc=,21,78
2023-01-27,xIqe+QQIQXQ=,t+kFcRdzL6o=,/M8gHzjxpNU=,t+kFcRdzL6o=-/M8gHzjxpNU=,A4tgQv5cqkc=,20,113
2023-01-27,xIqe+QQIQXQ=,t+kFcRdzL6o=,/M8gHzjxpNU=,xIqe+QQIQXQ=-/M8gHzjxpNU=,A4tgQv5cqkc=,20,79
2023-01-27,xIqe+QQIQXQ=,t+kFcRdzL6o=,/M8gHzjxpNU=,xIqe+QQIQXQ=-t+kFcRdzL6o=,A4tgQv5cqkc=,20,79
2023-01-27,xIqe+QQIQXQ=,t+kFcRdzL6o=,/M8gHzjxpNU=,t+kFcRdzL6o=-/M8gHzjxpNU=,A4tgQv5cqkc=,19,117
2023-01-27,xIqe+QQIQXQ=,t+kFcRdzL6o=,/M8gHzjxpNU=,xIqe+QQIQXQ=-/M8gHzjxpNU=,A4tgQv5cqkc=,19,85
2023-01-27,xIqe+QQIQXQ=,t+kFcRdzL6o=,/M8gHzjxpNU=,xIqe+QQIQXQ=-t+kFcRdzL6o=,A4tgQv5cqkc=,19,85
2023-01-27,xIqe+QQIQXQ=,t+kFcRdzL6o=,/M8gHzjxpNU=,t+kFcRdzL6o=-/M8gHzjxpNU=,A4tgQv5cqkc=,18,118
2023-01-27,xIqe+QQIQXQ=,t+kFcRdzL6o=,/M8gHzjxpNU=,xIqe+QQIQXQ=-/M8gHzjxpNU=,A4tgQv5cqkc=,18,87
2023-01-27,xIqe+QQIQXQ=,t+kFcRdzL6o=,/M8gHzjxpNU=,xIqe+QQIQXQ=-t+kFcRdzL6o=,A4tgQv5cqkc=,18,87
2023-01-27,xIqe+QQIQXQ=,t+kFcRdzL6o=,/M8gHzjxpNU=,t+kFcRdzL6o=-/M8gHzjxpNU=,A4tgQv5cqkc=,17,118
2023-01-27,xIqe+QQIQXQ=,t+kFcRdzL6o=,/M8gHzjxpNU=,xIqe+QQIQXQ=-/M8gHzjxpNU=,A4tgQv5cqkc=,17,88
2023-01-27,xIqe+QQIQXQ=,t+kFcRdzL6o=,/M8gHzjxpNU=,xIqe+QQIQXQ=-t+kFcRdzL6o=,A4tgQv5cqkc=,17,88
2023-01-27,xIqe+QQIQXQ=,t+kFcRdzL6o=,/M8gHzjxpNU=,t+kFcRdzL6o=-/M8gHzjxpNU=,A4tgQv5cqkc=,16,118
2023-01-27,xIqe+QQIQXQ=,t+kFcRdzL6o=,/M8gHzjxpNU=,xIqe+QQIQXQ=-/M8gHzjxpNU=,A4tgQv5cqkc=,16,89
2023-01-27,xIqe+QQIQXQ=,t+kFcRdzL6o=,/M8gHzjxpNU=,xIqe+QQIQXQ=-t+kFcRdzL6o=,A4tgQv5cqkc=,16,89
2023-01-27,xIqe+QQIQXQ=,t+kFcRdzL6o=,/M8gHzjxpNU=,t+kFcRdzL6o=-/M8gHzjxpNU=,A4tgQv5cqkc=,15,118
2023-01-27,xIqe+QQIQXQ=,t+kFcRdzL6o=,/M8gHzjxpNU=,xIqe+QQIQXQ=-/M8gHzjxpNU=,A4tgQv5cqkc=,15,89
2023-01-27,xIqe+QQIQXQ=,t+kFcRdzL6o=,/M8gHzjxpNU=,xIqe+QQIQXQ=-t+kFcRdzL6o=,A4tgQv5cqkc=,15,89
2023-01-27,xIqe+QQIQXQ=,t+kFcRdzL6o=,/M8gHzjxpNU=,t+kFcRdzL6o=-/M8gHzjxpNU=,A4tgQv5cqkc=,14,118
2023-01-27,xIqe+QQIQXQ=,t+kFcRdzL6o=,/M8gHzjxpNU=,xIqe+QQIQXQ=-/M8gHzjxpNU=,A4tgQv5cqkc=,14,89
2023-01-27,xIqe+QQIQXQ=,t+kFcRdzL6o=,/M8gHzjxpNU=,xIqe+QQIQXQ=-t+kFcRdzL6o=,A4tgQv5cqkc=,14,89
2023-01-27,xIqe+QQIQXQ=,t+kFcRdzL6o=,/M8gHzjxpNU=,t+kFcRdzL6o=-/M8gHzjxpNU=,A4tgQv5cqkc=,13,118
2023-01-27,xIqe+QQIQXQ=,t+kFcRdzL6o=,/M8gHzjxpNU=,xIqe+QQIQXQ=-/M8gHzjxpNU=,A4tgQv5cqkc=,13,90
2023-01-27,xIqe+QQIQXQ=,t+kFcRdzL6o=,/M8gHzjxpNU=,xIqe+QQIQXQ=-t+kFcRdzL6o=,A4tgQv5cqkc=,13,90
2023-01-27,xIqe+QQIQXQ=,t+kFcRdzL6o=,/M8gHzjxpNU=,t+kFcRdzL6o=-/M8gHzjxpNU=,A4tgQv5cqkc=,12,125
2023-01-27,xIqe+QQIQXQ=,t+kFcRdzL6o=,/M8gHzjxpNU=,xIqe+QQIQXQ=-/M8gHzjxpNU=,A4tgQv5cqkc=,12,99
2023-01-27,xIqe+QQIQXQ=,t+kFcRdzL6o=,/M8gHzjxpNU=,xIqe+QQIQXQ=-t+kFcRdzL6o=,A4tgQv5cqkc=,12,99
2023-01-27,xIqe+QQIQXQ=,t+kFcRdzL6o=,/M8gHzjxpNU=,t+kFcRdzL6o=-/M8gHzjxpNU=,A4tgQv5cqkc=,11,137
2023-01-27,xIqe+QQIQXQ=,t+kFcRdzL6o=,/M8gHzjxpNU=,xIqe+QQIQXQ=-/M8gHzjxpNU=,A4tgQv5cqkc=,11,112
2023-01-27,xIqe+QQIQXQ=,t+kFcRdzL6o=,/M8gHzjxpNU=,xIqe+QQIQXQ=-t+kFcRdzL6o=,A4tgQv5cqkc=,11,112
2023-01-27,xIqe+QQIQXQ=,t+kFcRdzL6o=,/M8gHzjxpNU=,t+kFcRdzL6o=-/M8gHzjxpNU=,A4tgQv5cqkc=,10,153
2023-01-27,xIqe+QQIQXQ=,t+kFcRdzL6o=,/M8gHzjxpNU=,xIqe+QQIQXQ=-/M8gHzjxpNU=,A4tgQv5cqkc=,10,129
2023-01-27,xIqe+QQIQXQ=,t+kFcRdzL6o=,/M8gHzjxpNU=,xIqe+QQIQXQ=-t+kFcRdzL6o=,A4tgQv5cqkc=,10,129
2023-01-27,xIqe+QQIQXQ=,t+kFcRdzL6o=,/M8gHzjxpNU=,t+kFcRdzL6o=-/M8gHzjxpNU=,A4tgQv5cqkc=,9,164
2023-01-27,xIqe+QQIQXQ=,t+kFcRdzL6o=,/M8gHzjxpNU=,xIqe+QQIQXQ=-/M8gHzjxpNU=,A4tgQv5cqkc=,9,146
2023-01-27,xIqe+QQIQXQ=,t+kFcRdzL6o=,/M8gHzjxpNU=,xIqe+QQIQXQ=-t+kFcRdzL6o=,A4tgQv5cqkc=,9,146
2023-01-27,xIqe+QQIQXQ=,t+kFcRdzL6o=,/M8gHzjxpNU=,t+kFcRdzL6o=-/M8gHzjxpNU=,A4tgQv5cqkc=,8,176
2023-01-27,xIqe+QQIQXQ=,t+kFcRdzL6o=,/M8gHzjxpNU=,xIqe+QQIQXQ=-/M8gHzjxpNU=,A4tgQv5cqkc=,8,158
2023-01-27,xIqe+QQIQXQ=,t+kFcRdzL6o=,/M8gHzjxpNU=,xIqe+QQIQXQ=-t+kFcRdzL6o=,A4tgQv5cqkc=,8,158
2023-01-27,xIqe+QQIQXQ=,t+kFcRdzL6o=,/M8gHzjxpNU=,t+kFcRdzL6o=-/M8gHzjxpNU=,A4tgQv5cqkc=,7,179
2023-01-27,xIqe+QQIQXQ=,t+kFcRdzL6o=,/M8gHzjxpNU=,xIqe+QQIQXQ=-/M8gHzjxpNU=,A4tgQv5cqkc=,7,165
2023-01-27,xIqe+QQIQXQ=,t+kFcRdzL6o=,/M8gHzjxpNU=,xIqe+QQIQXQ=-t+kFcRdzL6o=,A4tgQv5cqkc=,7,165
2023-01-27,xIqe+QQIQXQ=,t+kFcRdzL6o=,/M8gHzjxpNU=,t+kFcRdzL6o=-/M8gHzjxpNU=,A4tgQv5cqkc=,6,178
2023-01-27,xIqe+QQIQXQ=,t+kFcRdzL6o=,/M8gHzjxpNU=,xIqe+QQIQXQ=-/M8gHzjxpNU=,A4tgQv5cqkc=,6,166
2023-01-27,xIqe+QQIQXQ=,t+kFcRdzL6o=,/M8gHzjxpNU=,xIqe+QQIQXQ=-t+kFcRdzL6o=,A4tgQv5cqkc=,6,166
2023-01-27,xIqe+QQIQXQ=,t+kFcRdzL6o=,/M8gHzjxpNU=,t+kFcRdzL6o=-/M8gHzjxpNU=,A4tgQv5cqkc=,5,179
2023-01-27,xIqe+QQIQXQ=,t+kFcRdzL6o=,/M8gHzjxpNU=,xIqe+QQIQXQ=-/M8gHzjxpNU=,A4tgQv5cqkc=,5,166
2023-01-27,xIqe+QQIQXQ=,t+kFcRdzL6o=,/M8gHzjxpNU=,xIqe+QQIQXQ=-t+kFcRdzL6o=,A4tgQv5cqkc=,5,166
2023-01-27,xIqe+QQIQXQ=,t+kFcRdzL6o=,/M8gHzjxpNU=,t+kFcRdzL6o=-/M8gHzjxpNU=,A4tgQv5cqkc=,4,179
2023-01-27,xIqe+QQIQXQ=,t+kFcRdzL6o=,/M8gHzjxpNU=,xIqe+QQIQXQ=-/M8gHzjxpNU=,A4tgQv5cqkc=,4,169
2023-01-27,xIqe+QQIQXQ=,t+kFcRdzL6o=,/M8gHzjxpNU=,xIqe+QQIQXQ=-t+kFcRdzL6o=,A4tgQv5cqkc=,4,169
2023-01-27,xIqe+QQIQXQ=,t+kFcRdzL6o=,/M8gHzjxpNU=,t+kFcRdzL6o=-/M8gHzjxpNU=,A4tgQv5cqkc=,3,179
2023-01-27,xIqe+QQIQXQ=,t+kFcRdzL6o=,/M8gHzjxpNU=,xIqe+QQIQXQ=-/M8gHzjxpNU=,A4tgQv5cqkc=,3,169
2023-01-27,xIqe+QQIQXQ=,t+kFcRdzL6o=,/M8gHzjxpNU=,xIqe+QQIQXQ=-t+kFcRdzL6o=,A4tgQv5cqkc=,3,169
2023-01-27,xIqe+QQIQXQ=,t+kFcRdzL6o=,/M8gHzjxpNU=,t+kFcRdzL6o=-/M8gHzjxpNU=,A4tgQv5cqkc=,2,179
2023-01-27,xIqe+QQIQXQ=,t+kFcRdzL6o=,/M8gHzjxpNU=,xIqe+QQIQXQ=-/M8gHzjxpNU=,A4tgQv5cqkc=,2,169
2023-01-27,xIqe+QQIQXQ=,t+kFcRdzL6o=,/M8gHzjxpNU=,xIqe+QQIQXQ=-t+kFcRdzL6o=,A4tgQv5cqkc=,2,169
2023-01-27,xIqe+QQIQXQ=,t+kFcRdzL6o=,/M8gHzjxpNU=,t+kFcRdzL6o=-/M8gHzjxpNU=,A4tgQv5cqkc=,1,179
2023-01-27,xIqe+QQIQXQ=,t+kFcRdzL6o=,/M8gHzjxpNU=,xIqe+QQIQXQ=-/M8gHzjxpNU=,A4tgQv5cqkc=,1,170
2023-01-27,xIqe+QQIQXQ=,t+kFcRdzL6o=,/M8gHzjxpNU=,xIqe+QQIQXQ=-t+kFcRdzL6o=,A4tgQv5cqkc=,1,170
2023-01-27,xIqe+QQIQXQ=,t+kFcRdzL6o=,/M8gHzjxpNU=,t+kFcRdzL6o=-/M8gHzjxpNU=,A4tgQv5cqkc=,0,179
2023-01-27,xIqe+QQIQXQ=,t+kFcRdzL6o=,/M8gHzjxpNU=,xIqe+QQIQXQ=-/M8gHzjxpNU=,A4tgQv5cqkc=,0,174
2023-01-27,xIqe+QQIQXQ=,t+kFcRdzL6o=,/M8gHzjxpNU=,xIqe+QQIQXQ=-t+kFcRdzL6o=,A4tgQv5cqkc=,0,174
2023-01-27,xIqe+QQIQXQ=,t+kFcRdzL6o=,/M8gHzjxpNU=,t+kFcRdzL6o=-/M8gHzjxpNU=,A4tgQv5cqkc=,-1,179
2023-01-27,xIqe+QQIQXQ=,t+kFcRdzL6o=,/M8gHzjxpNU=,xIqe+QQIQXQ=-/M8gHzjxpNU=,A4tgQv5cqkc=,-1,174
2023-01-27,xIqe+QQIQXQ=,t+kFcRdzL6o=,/M8gHzjxpNU=,xIqe+QQIQXQ=-t+kFcRdzL6o=,A4tgQv5cqkc=,-1,174
2023-01-29,xIqe+QQIQXQ=,t+kFcRdzL6o=,/M8gHzjxpNU=,t+kFcRdzL6o=-/M8gHzjxpNU=,A4tgQv5cqkc=,29,71
2023-01-29,xIqe+QQIQXQ=,t+kFcRdzL6o=,/M8gHzjxpNU=,xIqe+QQIQXQ=-/M8gHzjxpNU=,A4tgQv5cqkc=,29,41
2023-01-29,xIqe+QQIQXQ=,t+kFcRdzL6o=,/M8gHzjxpNU=,xIqe+QQIQXQ=-t+kFcRdzL6o=,A4tgQv5cqkc=,29,41
2023-01-29,xIqe+QQIQXQ=,t+kFcRdzL6o=,/M8gHzjxpNU=,t+kFcRdzL6o=-/M8gHzjxpNU=,A4tgQv5cqkc=,28,71
2023-01-29,xIqe+QQIQXQ=,t+kFcRdzL6o=,/M8gHzjxpNU=,xIqe+QQIQXQ=-/M8gHzjxpNU=,A4tgQv5cqkc=,28,41
2023-01-29,xIqe+QQIQXQ=,t+kFcRdzL6o=,/M8gHzjxpNU=,xIqe+QQIQXQ=-t+kFcRdzL6o=,A4tgQv5cqkc=,28,41
2023-01-29,xIqe+QQIQXQ=,t+kFcRdzL6o=,/M8gHzjxpNU=,t+kFcRdzL6o=-/M8gHzjxpNU=,A4tgQv5cqkc=,27,72
2023-01-29,xIqe+QQIQXQ=,t+kFcRdzL6o=,/M8gHzjxpNU=,xIqe+QQIQXQ=-/M8gHzjxpNU=,A4tgQv5cqkc=,27,42
2023-01-29,xIqe+QQIQXQ=,t+kFcRdzL6o=,/M8gHzjxpNU=,xIqe+QQIQXQ=-t+kFcRdzL6o=,A4tgQv5cqkc=,27,42
2023-01-29,xIqe+QQIQXQ=,t+kFcRdzL6o=,/M8gHzjxpNU=,t+kFcRdzL6o=-/M8gHzjxpNU=,A4tgQv5cqkc=,26,72
2023-01-29,xIqe+QQIQXQ=,t+kFcRdzL6o=,/M8gHzjxpNU=,xIqe+QQIQXQ=-/M8gHzjxpNU=,A4tgQv5cqkc=,26,42
2023-01-29,xIqe+QQIQXQ=,t+kFcRdzL6o=,/M8gHzjxpNU=,xIqe+QQIQXQ=-t+kFcRdzL6o=,A4tgQv5cqkc=,26,42
2023-01-29,xIqe+QQIQXQ=,t+kFcRdzL6o=,/M8gHzjxpNU=,t+kFcRdzL6o=-/M8gHzjxpNU=,A4tgQv5cqkc=,25,72
2023-01-29,xIqe+QQIQXQ=,t+kFcRdzL6o=,/M8gHzjxpNU=,xIqe+QQIQXQ=-/M8gHzjxpNU=,A4tgQv5cqkc=,25,42
2023-01-29,xIqe+QQIQXQ=,t+kFcRdzL6o=,/M8gHzjxpNU=,xIqe+QQIQXQ=-t+kFcRdzL6o=,A4tgQv5cqkc=,25,42
2023-01-29,xIqe+QQIQXQ=,t+kFcRdzL6o=,/M8gHzjxpNU=,t+kFcRdzL6o=-/M8gHzjxpNU=,A4tgQv5cqkc=,24,71
2023-01-29,xIqe+QQIQXQ=,t+kFcRdzL6o=,/M8gHzjxpNU=,xIqe+QQIQXQ=-/M8gHzjxpNU=,A4tgQv5cqkc=,24,42
2023-01-29,xIqe+QQIQXQ=,t+kFcRdzL6o=,/M8gHzjxpNU=,xIqe+QQIQXQ=-t+kFcRdzL6o=,A4tgQv5cqkc=,24,42
2023-01-29,xIqe+QQIQXQ=,t+kFcRdzL6o=,/M8gHzjxpNU=,t+kFcRdzL6o=-/M8gHzjxpNU=,A4tgQv5cqkc=,23,89
2023-01-29,xIqe+QQIQXQ=,t+kFcRdzL6o=,/M8gHzjxpNU=,xIqe+QQIQXQ=-/M8gHzjxpNU=,A4tgQv5cqkc=,23,63
2023-01-29,xIqe+QQIQXQ=,t+kFcRdzL6o=,/M8gHzjxpNU=,xIqe+QQIQXQ=-t+kFcRdzL6o=,A4tgQv5cqkc=,23,63
2023-01-29,xIqe+QQIQXQ=,t+kFcRdzL6o=,/M8gHzjxpNU=,t+kFcRdzL6o=-/M8gHzjxpNU=,A4tgQv5cqkc=,22,87
2023-01-29,xIqe+QQIQXQ=,t+kFcRdzL6o=,/M8gHzjxpNU=,xIqe+QQIQXQ=-/M8gHzjxpNU=,A4tgQv5cqkc=,22,61
2023-01-29,xIqe+QQIQXQ=,t+kFcRdzL6o=,/M8gHzjxpNU=,xIqe+QQIQXQ=-t+kFcRdzL6o=,A4tgQv5cqkc=,22,61
2023-01-29,xIqe+QQIQXQ=,t+kFcRdzL6o=,/M8gHzjxpNU=,t+kFcRdzL6o=-/M8gHzjxpNU=,A4tgQv5cqkc=,21,90
2023-01-29,xIqe+QQIQXQ=,t+kFcRdzL6o=,/M8gHzjxpNU=,xIqe+QQIQXQ=-/M8gHzjxpNU=,A4tgQv5cqkc=,21,62
2023-01-29,xIqe+QQIQXQ=,t+kFcRdzL6o=,/M8gHzjxpNU=,xIqe+QQIQXQ=-t+kFcRdzL6o=,A4tgQv5cqkc=,21,62
2023-01-29,xIqe+QQIQXQ=,t+kFcRdzL6o=,/M8gHzjxpNU=,t+kFcRdzL6o=-/M8gHzjxpNU=,A4tgQv5cqkc=,20,91
2023-01-29,xIqe+QQIQXQ=,t+kFcRdzL6o=,/M8gHzjxpNU=,xIqe+QQIQXQ=-/M8gHzjxpNU=,A4tgQv5cqkc=,20,65
2023-01-29,xIqe+QQIQXQ=,t+kFcRdzL6o=,/M8gHzjxpNU=,xIqe+QQIQXQ=-t+kFcRdzL6o=,A4tgQv5cqkc=,20,65
2023-01-29,xIqe+QQIQXQ=,t+kFcRdzL6o=,/M8gHzjxpNU=,t+kFcRdzL6o=-/M8gHzjxpNU=,A4tgQv5cqkc=,19,91
2023-01-29,xIqe+QQIQXQ=,t+kFcRdzL6o=,/M8gHzjxpNU=,xIqe+QQIQXQ=-/M8gHzjxpNU=,A4tgQv5cqkc=,19,66
2023-01-29,xIqe+QQIQXQ=,t+kFcRdzL6o=,/M8gHzjxpNU=,xIqe+QQIQXQ=-t+kFcRdzL6o=,A4tgQv5cqkc=,19,66
2023-01-29,xIqe+QQIQXQ=,t+kFcRdzL6o=,/M8gHzjxpNU=,t+kFcRdzL6o=-/M8gHzjxpNU=,A4tgQv5cqkc=,18,91
2023-01-29,xIqe+QQIQXQ=,t+kFcRdzL6o=,/M8gHzjxpNU=,xIqe+QQIQXQ=-/M8gHzjxpNU=,A4tgQv5cqkc=,18,66
2023-01-29,xIqe+QQIQXQ=,t+kFcRdzL6o=,/M8gHzjxpNU=,xIqe+QQIQXQ=-t+kFcRdzL6o=,A4tgQv5cqkc=,18,66
2023-01-29,xIqe+QQIQXQ=,t+kFcRdzL6o=,/M8gHzjxpNU=,t+kFcRdzL6o=-/M8gHzjxpNU=,A4tgQv5cqkc=,17,93
2023-01-29,xIqe+QQIQXQ=,t+kFcRdzL6o=,/M8gHzjxpNU=,xIqe+QQIQXQ=-/M8gHzjxpNU=,A4tgQv5cqkc=,17,68
2023-01-29,xIqe+QQIQXQ=,t+kFcRdzL6o=,/M8gHzjxpNU=,xIqe+QQIQXQ=-t+kFcRdzL6o=,A4tgQv5cqkc=,17,68
2023-01-29,xIqe+QQIQXQ=,t+kFcRdzL6o=,/M8gHzjxpNU=,t+kFcRdzL6o=-/M8gHzjxpNU=,A4tgQv5cqkc=,16,96
2023-01-29,xIqe+QQIQXQ=,t+kFcRdzL6o=,/M8gHzjxpNU=,xIqe+QQIQXQ=-/M8gHzjxpNU=,A4tgQv5cqkc=,16,71
2023-01-29,xIqe+QQIQXQ=,t+kFcRdzL6o=,/M8gHzjxpNU=,xIqe+QQIQXQ=-t+kFcRdzL6o=,A4tgQv5cqkc=,16,71
2023-01-29,xIqe+QQIQXQ=,t+kFcRdzL6o=,/M8gHzjxpNU=,t+kFcRdzL6o=-/M8gHzjxpNU=,A4tgQv5cqkc=,15,96
2023-01-29,xIqe+QQIQXQ=,t+kFcRdzL6o=,/M8gHzjxpNU=,xIqe+QQIQXQ=-/M8gHzjxpNU=,A4tgQv5cqkc=,15,71
2023-01-29,xIqe+QQIQXQ=,t+kFcRdzL6o=,/M8gHzjxpNU=,xIqe+QQIQXQ=-t+kFcRdzL6o=,A4tgQv5cqkc=,15,71
2023-01-29,xIqe+QQIQXQ=,t+kFcRdzL6o=,/M8gHzjxpNU=,t+kFcRdzL6o=-/M8gHzjxpNU=,A4tgQv5cqkc=,14,100
2023-01-29,xIqe+QQIQXQ=,t+kFcRdzL6o=,/M8gHzjxpNU=,xIqe+QQIQXQ=-/M8gHzjxpNU=,A4tgQv5cqkc=,14,75
2023-01-29,xIqe+QQIQXQ=,t+kFcRdzL6o=,/M8gHzjxpNU=,xIqe+QQIQXQ=-t+kFcRdzL6o=,A4tgQv5cqkc=,14,75
2023-01-29,xIqe+QQIQXQ=,t+kFcRdzL6o=,/M8gHzjxpNU=,t+kFcRdzL6o=-/M8gHzjxpNU=,A4tgQv5cqkc=,13,100
2023-01-29,xIqe+QQIQXQ=,t+kFcRdzL6o=,/M8gHzjxpNU=,xIqe+QQIQXQ=-/M8gHzjxpNU=,A4tgQv5cqkc=,13,75
2023-01-29,xIqe+QQIQXQ=,t+kFcRdzL6o=,/M8gHzjxpNU=,xIqe+QQIQXQ=-t+kFcRdzL6o=,A4tgQv5cqkc=,13,75
2023-01-29,xIqe+QQIQXQ=,t+kFcRdzL6o=,/M8gHzjxpNU=,t+kFcRdzL6o=-/M8gHzjxpNU=,A4tgQv5cqkc=,12,102
2023-01-29,xIqe+QQIQXQ=,t+kFcRdzL6o=,/M8gHzjxpNU=,xIqe+QQIQXQ=-/M8gHzjxpNU=,A4tgQv5cqkc=,12,77
2023-01-29,xIqe+QQIQXQ=,t+kFcRdzL6o=,/M8gHzjxpNU=,xIqe+QQIQXQ=-t+kFcRdzL6o=,A4tgQv5cqkc=,12,77
2023-01-29,xIqe+QQIQXQ=,t+kFcRdzL6o=,/M8gHzjxpNU=,t+kFcRdzL6o=-/M8gHzjxpNU=,A4tgQv5cqkc=,11,102
2023-01-29,xIqe+QQIQXQ=,t+kFcRdzL6o=,/M8gHzjxpNU=,xIqe+QQIQXQ=-/M8gHzjxpNU=,A4tgQv5cqkc=,11,78
2023-01-29,xIqe+QQIQXQ=,t+kFcRdzL6o=,/M8gHzjxpNU=,xIqe+QQIQXQ=-t+kFcRdzL6o=,A4tgQv5cqkc=,11,78
2023-01-29,xIqe+QQIQXQ=,t+kFcRdzL6o=,/M8gHzjxpNU=,t+kFcRdzL6o=-/M8gHzjxpNU=,A4tgQv5cqkc=,10,103
2023-01-29,xIqe+QQIQXQ=,t+kFcRdzL6o=,/M8gHzjxpNU=,xIqe+QQIQXQ=-/M8gHzjxpNU=,A4tgQv5cqkc=,10,79
2023-01-29,xIqe+QQIQXQ=,t+kFcRdzL6o=,/M8gHzjxpNU=,xIqe+QQIQXQ=-t+kFcRdzL6o=,A4tgQv5cqkc=,10,79
2023-01-29,xIqe+QQIQXQ=,t+kFcRdzL6o=,/M8gHzjxpNU=,t+kFcRdzL6o=-/M8gHzjxpNU=,A4tgQv5cqkc=,9,103
2023-01-29,xIqe+QQIQXQ=,t+kFcRdzL6o=,/M8gHzjxpNU=,xIqe+QQIQXQ=-/M8gHzjxpNU=,A4tgQv5cqkc=,9,81
2023-01-29,xIqe+QQIQXQ=,t+kFcRdzL6o=,/M8gHzjxpNU=,xIqe+QQIQXQ=-t+kFcRdzL6o=,A4tgQv5cqkc=,9,81
2023-01-29,xIqe+QQIQXQ=,t+kFcRdzL6o=,/M8gHzjxpNU=,t+kFcRdzL6o=-/M8gHzjxpNU=,A4tgQv5cqkc=,8,104
2023-01-29,xIqe+QQIQXQ=,t+kFcRdzL6o=,/M8gHzjxpNU=,xIqe+QQIQXQ=-/M8gHzjxpNU=,A4tgQv5cqkc=,8,82
2023-01-29,xIqe+QQIQXQ=,t+kFcRdzL6o=,/M8gHzjxpNU=,xIqe+QQIQXQ=-t+kFcRdzL6o=,A4tgQv5cqkc=,8,82
2023-01-29,xIqe+QQIQXQ=,t+kFcRdzL6o=,/M8gHzjxpNU=,t+kFcRdzL6o=-/M8gHzjxpNU=,A4tgQv5cqkc=,7,110
2023-01-29,xIqe+QQIQXQ=,t+kFcRdzL6o=,/M8gHzjxpNU=,xIqe+QQIQXQ=-/M8gHzjxpNU=,A4tgQv5cqkc=,7,91
2023-01-29,xIqe+QQIQXQ=,t+kFcRdzL6o=,/M8gHzjxpNU=,xIqe+QQIQXQ=-t+kFcRdzL6o=,A4tgQv5cqkc=,7,91
2023-01-29,xIqe+QQIQXQ=,t+kFcRdzL6o=,/M8gHzjxpNU=,t+kFcRdzL6o=-/M8gHzjxpNU=,A4tgQv5cqkc=,6,114
2023-01-29,xIqe+QQIQXQ=,t+kFcRdzL6o=,/M8gHzjxpNU=,xIqe+QQIQXQ=-/M8gHzjxpNU=,A4tgQv5cqkc=,6,96
2023-01-29,xIqe+QQIQXQ=,t+kFcRdzL6o=,/M8gHzjxpNU=,xIqe+QQIQXQ=-t+kFcRdzL6o=,A4tgQv5cqkc=,6,96
2023-01-29,xIqe+QQIQXQ=,t+kFcRdzL6o=,/M8gHzjxpNU=,t+kFcRdzL6o=-/M8gHzjxpNU=,A4tgQv5cqkc=,5,118
2023-01-29,xIqe+QQIQXQ=,t+kFcRdzL6o=,/M8gHzjxpNU=,xIqe+QQIQXQ=-/M8gHzjxpNU=,A4tgQv5cqkc=,5,106
2023-01-29,xIqe+QQIQXQ=,t+kFcRdzL6o=,/M8gHzjxpNU=,xIqe+QQIQXQ=-t+kFcRdzL6o=,A4tgQv5cqkc=,5,106
2023-01-29,xIqe+QQIQXQ=,t+kFcRdzL6o=,/M8gHzjxpNU=,t+kFcRdzL6o=-/M8gHzjxpNU=,A4tgQv5cqkc=,4,160
2023-01-29,xIqe+QQIQXQ=,t+kFcRdzL6o=,/M8gHzjxpNU=,xIqe+QQIQXQ=-/M8gHzjxpNU=,A4tgQv5cqkc=,4,132
2023-01-29,xIqe+QQIQXQ=,t+kFcRdzL6o=,/M8gHzjxpNU=,xIqe+QQIQXQ=-t+kFcRdzL6o=,A4tgQv5cqkc=,4,132
2023-01-29,xIqe+QQIQXQ=,t+kFcRdzL6o=,/M8gHzjxpNU=,t+kFcRdzL6o=-/M8gHzjxpNU=,A4tgQv5cqkc=,3,179
2023-01-29,xIqe+QQIQXQ=,t+kFcRdzL6o=,/M8gHzjxpNU=,xIqe+QQIQXQ=-/M8gHzjxpNU=,A4tgQv5cqkc=,3,151
2023-01-29,xIqe+QQIQXQ=,t+kFcRdzL6o=,/M8gHzjxpNU=,xIqe+QQIQXQ=-t+kFcRdzL6o=,A4tgQv5cqkc=,3,151
2023-01-29,xIqe+QQIQXQ=,t+kFcRdzL6o=,/M8gHzjxpNU=,t+kFcRdzL6o=-/M8gHzjxpNU=,A4tgQv5cqkc=,2,179
2023-01-29,xIqe+QQIQXQ=,t+kFcRdzL6o=,/M8gHzjxpNU=,xIqe+QQIQXQ=-/M8gHzjxpNU=,A4tgQv5cqkc=,2,155
2023-01-29,xIqe+QQIQXQ=,t+kFcRdzL6o=,/M8gHzjxpNU=,xIqe+QQIQXQ=-t+kFcRdzL6o=,A4tgQv5cqkc=,2,155
2023-01-29,xIqe+QQIQXQ=,t+kFcRdzL6o=,/M8gHzjxpNU=,t+kFcRdzL6o=-/M8gHzjxpNU=,A4tgQv5cqkc=,1,179
2023-01-29,xIqe+QQIQXQ=,t+kFcRdzL6o=,/M8gHzjxpNU=,xIqe+QQIQXQ=-/M8gHzjxpNU=,A4tgQv5cqkc=,1,157
2023-01-29,xIqe+QQIQXQ=,t+kFcRdzL6o=,/M8gHzjxpNU=,xIqe+QQIQXQ=-t+kFcRdzL6o=,A4tgQv5cqkc=,1,157
2023-01-29,xIqe+QQIQXQ=,t+kFcRdzL6o=,/M8gHzjxpNU=,t+kFcRdzL6o=-/M8gHzjxpNU=,A4tgQv5cqkc=,0,185
2023-01-29,xIqe+QQIQXQ=,t+kFcRdzL6o=,/M8gHzjxpNU=,xIqe+QQIQXQ=-/M8gHzjxpNU=,A4tgQv5cqkc=,0,168
2023-01-29,xIqe+QQIQXQ=,t+kFcRdzL6o=,/M8gHzjxpNU=,xIqe+QQIQXQ=-t+kFcRdzL6o=,A4tgQv5cqkc=,0,168
2023-01-29,xIqe+QQIQXQ=,t+kFcRdzL6o=,/M8gHzjxpNU=,t+kFcRdzL6o=-/M8gHzjxpNU=,A4tgQv5cqkc=,-1,185
2023-01-29,xIqe+QQIQXQ=,t+kFcRdzL6o=,/M8gHzjxpNU=,xIqe+QQIQXQ=-/M8gHzjxpNU=,A4tgQv5cqkc=,-1,168
2023-01-29,xIqe+QQIQXQ=,t+kFcRdzL6o=,/M8gHzjxpNU=,xIqe+QQIQXQ=-t+kFcRdzL6o=,A4tgQv5cqkc=,-1,168
2023-01-30,xIqe+QQIQXQ=,t+kFcRdzL6o=,/M8gHzjxpNU=,t+kFcRdzL6o=-/M8gHzjxpNU=,A4tgQv5cqkc=,29,52
2023-01-30,xIqe+QQIQXQ=,t+kFcRdzL6o=,/M8gHzjxpNU=,xIqe+QQIQXQ=-/M8gHzjxpNU=,A4tgQv5cqkc=,29,41
2023-01-30,xIqe+QQIQXQ=,t+kFcRdzL6o=,/M8gHzjxpNU=,xIqe+QQIQXQ=-t+kFcRdzL6o=,A4tgQv5cqkc=,29,41
2023-01-30,xIqe+QQIQXQ=,t+kFcRdzL6o=,/M8gHzjxpNU=,t+kFcRdzL6o=-/M8gHzjxpNU=,A4tgQv5cqkc=,28,55
2023-01-30,xIqe+QQIQXQ=,t+kFcRdzL6o=,/M8gHzjxpNU=,xIqe+QQIQXQ=-/M8gHzjxpNU=,A4tgQv5cqkc=,28,42
2023-01-30,xIqe+QQIQXQ=,t+kFcRdzL6o=,/M8gHzjxpNU=,xIqe+QQIQXQ=-t+kFcRdzL6o=,A4tgQv5cqkc=,28,42
2023-01-30,xIqe+QQIQXQ=,t+kFcRdzL6o=,/M8gHzjxpNU=,t+kFcRdzL6o=-/M8gHzjxpNU=,A4tgQv5cqkc=,27,57
2023-01-30,xIqe+QQIQXQ=,t+kFcRdzL6o=,/M8gHzjxpNU=,xIqe+QQIQXQ=-/M8gHzjxpNU=,A4tgQv5cqkc=,27,43
2023-01-30,xIqe+QQIQXQ=,t+kFcRdzL6o=,/M8gHzjxpNU=,xIqe+QQIQXQ=-t+kFcRdzL6o=,A4tgQv5cqkc=,27,43
2023-01-30,xIqe+QQIQXQ=,t+kFcRdzL6o=,/M8gHzjxpNU=,t+kFcRdzL6o=-/M8gHzjxpNU=,A4tgQv5cqkc=,26,61
2023-01-30,xIqe+QQIQXQ=,t+kFcRdzL6o=,/M8gHzjxpNU=,xIqe+QQIQXQ=-/M8gHzjxpNU=,A4tgQv5cqkc=,26,43
2023-01-30,xIqe+QQIQXQ=,t+kFcRdzL6o=,/M8gHzjxpNU=,xIqe+QQIQXQ=-t+kFcRdzL6o=,A4tgQv5cqkc=,26,43
2023-01-30,xIqe+QQIQXQ=,t+kFcRdzL6o=,/M8gHzjxpNU=,t+kFcRdzL6o=-/M8gHzjxpNU=,A4tgQv5cqkc=,25,63
2023-01-30,xIqe+QQIQXQ=,t+kFcRdzL6o=,/M8gHzjxpNU=,xIqe+QQIQXQ=-/M8gHzjxpNU=,A4tgQv5cqkc=,25,43
2023-01-30,xIqe+QQIQXQ=,t+kFcRdzL6o=,/M8gHzjxpNU=,xIqe+QQIQXQ=-t+kFcRdzL6o=,A4tgQv5cqkc=,25,43
2023-01-30,xIqe+QQIQXQ=,t+kFcRdzL6o=,/M8gHzjxpNU=,t+kFcRdzL6o=-/M8gHzjxpNU=,A4tgQv5cqkc=,24,68
2023-01-30,xIqe+QQIQXQ=,t+kFcRdzL6o=,/M8gHzjxpNU=,xIqe+QQIQXQ=-/M8gHzjxpNU=,A4tgQv5cqkc=,24,43
2023-01-30,xIqe+QQIQXQ=,t+kFcRdzL6o=,/M8gHzjxpNU=,xIqe+QQIQXQ=-t+kFcRdzL6o=,A4tgQv5cqkc=,24,43
2023-01-30,xIqe+QQIQXQ=,t+kFcRdzL6o=,/M8gHzjxpNU=,t+kFcRdzL6o=-/M8gHzjxpNU=,A4tgQv5cqkc=,23,74
2023-01-30,xIqe+QQIQXQ=,t+kFcRdzL6o=,/M8gHzjxpNU=,xIqe+QQIQXQ=-/M8gHzjxpNU=,A4tgQv5cqkc=,23,44
2023-01-30,xIqe+QQIQXQ=,t+kFcRdzL6o=,/M8gHzjxpNU=,xIqe+QQIQXQ=-t+kFcRdzL6o=,A4tgQv5cqkc=,23,44
2023-01-30,xIqe+QQIQXQ=,t+kFcRdzL6o=,/M8gHzjxpNU=,t+kFcRdzL6o=-/M8gHzjxpNU=,A4tgQv5cqkc=,22,79
2023-01-30,xIqe+QQIQXQ=,t+kFcRdzL6o=,/M8gHzjxpNU=,xIqe+QQIQXQ=-/M8gHzjxpNU=,A4tgQv5cqkc=,22,48
2023-01-30,xIqe+QQIQXQ=,t+kFcRdzL6o=,/M8gHzjxpNU=,xIqe+QQIQXQ=-t+kFcRdzL6o=,A4tgQv5cqkc=,22,48
2023-01-30,xIqe+QQIQXQ=,t+kFcRdzL6o=,/M8gHzjxpNU=,t+kFcRdzL6o=-/M8gHzjxpNU=,A4tgQv5cqkc=,21,81
2023-01-30,xIqe+QQIQXQ=,t+kFcRdzL6o=,/M8gHzjxpNU=,xIqe+QQIQXQ=-/M8gHzjxpNU=,A4tgQv5cqkc=,21,50
2023-01-30,xIqe+QQIQXQ=,t+kFcRdzL6o=,/M8gHzjxpNU=,xIqe+QQIQXQ=-t+kFcRdzL6o=,A4tgQv5cqkc=,21,50
2023-01-30,xIqe+QQIQXQ=,t+kFcRdzL6o=,/M8gHzjxpNU=,t+kFcRdzL6o=-/M8gHzjxpNU=,A4tgQv5cqkc=,20,83
2023-01-30,xIqe+QQIQXQ=,t+kFcRdzL6o=,/M8gHzjxpNU=,xIqe+QQIQXQ=-/M8gHzjxpNU=,A4tgQv5cqkc=,20,52
2023-01-30,xIqe+QQIQXQ=,t+kFcRdzL6o=,/M8gHzjxpNU=,xIqe+QQIQXQ=-t+kFcRdzL6o=,A4tgQv5cqkc=,20,52
2023-01-30,xIqe+QQIQXQ=,t+kFcRdzL6o=,/M8gHzjxpNU=,t+kFcRdzL6o=-/M8gHzjxpNU=,A4tgQv5cqkc=,19,90
2023-01-30,xIqe+QQIQXQ=,t+kFcRdzL6o=,/M8gHzjxpNU=,xIqe+QQIQXQ=-/M8gHzjxpNU=,A4tgQv5cqkc=,19,52
2023-01-30,xIqe+QQIQXQ=,t+kFcRdzL6o=,/M8gHzjxpNU=,xIqe+QQIQXQ=-t+kFcRdzL6o=,A4tgQv5cqkc=,19,52
2023-01-30,xIqe+QQIQXQ=,t+kFcRdzL6o=,/M8gHzjxpNU=,t+kFcRdzL6o=-/M8gHzjxpNU=,A4tgQv5cqkc=,18,90
2023-01-30,xIqe+QQIQXQ=,t+kFcRdzL6o=,/M8gHzjxpNU=,xIqe+QQIQXQ=-/M8gHzjxpNU=,A4tgQv5cqkc=,18,52
2023-01-30,xIqe+QQIQXQ=,t+kFcRdzL6o=,/M8gHzjxpNU=,xIqe+QQIQXQ=-t+kFcRdzL6o=,A4tgQv5cqkc=,18,52
2023-01-30,xIqe+QQIQXQ=,t+kFcRdzL6o=,/M8gHzjxpNU=,t+kFcRdzL6o=-/M8gHzjxpNU=,A4tgQv5cqkc=,17,89
2023-01-30,xIqe+QQIQXQ=,t+kFcRdzL6o=,/M8gHzjxpNU=,xIqe+QQIQXQ=-/M8gHzjxpNU=,A4tgQv5cqkc=,17,51
2023-01-30,xIqe+QQIQXQ=,t+kFcRdzL6o=,/M8gHzjxpNU=,xIqe+QQIQXQ=-t+kFcRdzL6o=,A4tgQv5cqkc=,17,51
2023-01-30,xIqe+QQIQXQ=,t+kFcRdzL6o=,/M8gHzjxpNU=,t+kFcRdzL6o=-/M8gHzjxpNU=,A4tgQv5cqkc=,16,89
2023-01-30,xIqe+QQIQXQ=,t+kFcRdzL6o=,/M8gHzjxpNU=,xIqe+QQIQXQ=-/M8gHzjxpNU=,A4tgQv5cqkc=,16,52
2023-01-30,xIqe+QQIQXQ=,t+kFcRdzL6o=,/M8gHzjxpNU=,xIqe+QQIQXQ=-t+kFcRdzL6o=,A4tgQv5cqkc=,16,52
2023-01-30,xIqe+QQIQXQ=,t+kFcRdzL6o=,/M8gHzjxpNU=,t+kFcRdzL6o=-/M8gHzjxpNU=,A4tgQv5cqkc=,15,89
2023-01-30,xIqe+QQIQXQ=,t+kFcRdzL6o=,/M8gHzjxpNU=,xIqe+QQIQXQ=-/M8gHzjxpNU=,A4tgQv5cqkc=,15,52
2023-01-30,xIqe+QQIQXQ=,t+kFcRdzL6o=,/M8gHzjxpNU=,xIqe+QQIQXQ=-t+kFcRdzL6o=,A4tgQv5cqkc=,15,52
2023-01-30,xIqe+QQIQXQ=,t+kFcRdzL6o=,/M8gHzjxpNU=,t+kFcRdzL6o=-/M8gHzjxpNU=,A4tgQv5cqkc=,14,89
2023-01-30,xIqe+QQIQXQ=,t+kFcRdzL6o=,/M8gHzjxpNU=,xIqe+QQIQXQ=-/M8gHzjxpNU=,A4tgQv5cqkc=,14,53
2023-01-30,xIqe+QQIQXQ=,t+kFcRdzL6o=,/M8gHzjxpNU=,xIqe+QQIQXQ=-t+kFcRdzL6o=,A4tgQv5cqkc=,14,53
2023-01-30,xIqe+QQIQXQ=,t+kFcRdzL6o=,/M8gHzjxpNU=,t+kFcRdzL6o=-/M8gHzjxpNU=,A4tgQv5cqkc=,13,92
2023-01-30,xIqe+QQIQXQ=,t+kFcRdzL6o=,/M8gHzjxpNU=,xIqe+QQIQXQ=-/M8gHzjxpNU=,A4tgQv5cqkc=,13,56
2023-01-30,xIqe+QQIQXQ=,t+kFcRdzL6o=,/M8gHzjxpNU=,xIqe+QQIQXQ=-t+kFcRdzL6o=,A4tgQv5cqkc=,13,56
2023-01-30,xIqe+QQIQXQ=,t+kFcRdzL6o=,/M8gHzjxpNU=,t+kFcRdzL6o=-/M8gHzjxpNU=,A4tgQv5cqkc=,12,98
2023-01-30,xIqe+QQIQXQ=,t+kFcRdzL6o=,/M8gHzjxpNU=,xIqe+QQIQXQ=-/M8gHzjxpNU=,A4tgQv5cqkc=,12,62
2023-01-30,xIqe+QQIQXQ=,t+kFcRdzL6o=,/M8gHzjxpNU=,xIqe+QQIQXQ=-t+kFcRdzL6o=,A4tgQv5cqkc=,12,62
2023-01-30,xIqe+QQIQXQ=,t+kFcRdzL6o=,/M8gHzjxpNU=,t+kFcRdzL6o=-/M8gHzjxpNU=,A4tgQv5cqkc=,11,101
2023-01-30,xIqe+QQIQXQ=,t+kFcRdzL6o=,/M8gHzjxpNU=,xIqe+QQIQXQ=-/M8gHzjxpNU=,A4tgQv5cqkc=,11,65
2023-01-30,xIqe+QQIQXQ=,t+kFcRdzL6o=,/M8gHzjxpNU=,xIqe+QQIQXQ=-t+kFcRdzL6o=,A4tgQv5cqkc=,11,65
2023-01-30,xIqe+QQIQXQ=,t+kFcRdzL6o=,/M8gHzjxpNU=,t+kFcRdzL6o=-/M8gHzjxpNU=,A4tgQv5cqkc=,10,105
2023-01-30,xIqe+QQIQXQ=,t+kFcRdzL6o=,/M8gHzjxpNU=,xIqe+QQIQXQ=-/M8gHzjxpNU=,A4tgQv5cqkc=,10,71
2023-01-30,xIqe+QQIQXQ=,t+kFcRdzL6o=,/M8gHzjxpNU=,xIqe+QQIQXQ=-t+kFcRdzL6o=,A4tgQv5cqkc=,10,71
2023-01-30,xIqe+QQIQXQ=,t+kFcRdzL6o=,/M8gHzjxpNU=,t+kFcRdzL6o=-/M8gHzjxpNU=,A4tgQv5cqkc=,9,107
2023-01-30,xIqe+QQIQXQ=,t+kFcRdzL6o=,/M8gHzjxpNU=,xIqe+QQIQXQ=-/M8gHzjxpNU=,A4tgQv5cqkc=,9,74
2023-01-30,xIqe+QQIQXQ=,t+kFcRdzL6o=,/M8gHzjxpNU=,xIqe+QQIQXQ=-t+kFcRdzL6o=,A4tgQv5cqkc=,9,74
2023-01-30,xIqe+QQIQXQ=,t+kFcRdzL6o=,/M8gHzjxpNU=,t+kFcRdzL6o=-/M8gHzjxpNU=,A4tgQv5cqkc=,8,110
2023-01-30,xIqe+QQIQXQ=,t+kFcRdzL6o=,/M8gHzjxpNU=,xIqe+QQIQXQ=-/M8gHzjxpNU=,A4tgQv5cqkc=,8,77
2023-01-30,xIqe+QQIQXQ=,t+kFcRdzL6o=,/M8gHzjxpNU=,xIqe+QQIQXQ=-t+kFcRdzL6o=,A4tgQv5cqkc=,8,77
2023-01-30,xIqe+QQIQXQ=,t+kFcRdzL6o=,/M8gHzjxpNU=,t+kFcRdzL6o=-/M8gHzjxpNU=,A4tgQv5cqkc=,7,118
2023-01-30,xIqe+QQIQXQ=,t+kFcRdzL6o=,/M8gHzjxpNU=,xIqe+QQIQXQ=-/M8gHzjxpNU=,A4tgQv5cqkc=,7,85
2023-01-30,xIqe+QQIQXQ=,t+kFcRdzL6o=,/M8gHzjxpNU=,xIqe+QQIQXQ=-t+kFcRdzL6o=,A4tgQv5cqkc=,7,85
2023-01-30,xIqe+QQIQXQ=,t+kFcRdzL6o=,/M8gHzjxpNU=,t+kFcRdzL6o=-/M8gHzjxpNU=,A4tgQv5cqkc=,6,119
2023-01-30,xIqe+QQIQXQ=,t+kFcRdzL6o=,/M8gHzjxpNU=,xIqe+QQIQXQ=-/M8gHzjxpNU=,A4tgQv5cqkc=,6,89
2023-01-30,xIqe+QQIQXQ=,t+kFcRdzL6o=,/M8gHzjxpNU=,xIqe+QQIQXQ=-t+kFcRdzL6o=,A4tgQv5cqkc=,6,89
2023-01-30,xIqe+QQIQXQ=,t+kFcRdzL6o=,/M8gHzjxpNU=,t+kFcRdzL6o=-/M8gHzjxpNU=,A4tgQv5cqkc=,5,134
2023-01-30,xIqe+QQIQXQ=,t+kFcRdzL6o=,/M8gHzjxpNU=,xIqe+QQIQXQ=-/M8gHzjxpNU=,A4tgQv5cqkc=,5,108
2023-01-30,xIqe+QQIQXQ=,t+kFcRdzL6o=,/M8gHzjxpNU=,xIqe+QQIQXQ=-t+kFcRdzL6o=,A4tgQv5cqkc=,5,108
2023-01-30,xIqe+QQIQXQ=,t+kFcRdzL6o=,/M8gHzjxpNU=,t+kFcRdzL6o=-/M8gHzjxpNU=,A4tgQv5cqkc=,4,167
2023-01-30,xIqe+QQIQXQ=,t+kFcRdzL6o=,/M8gHzjxpNU=,xIqe+QQIQXQ=-/M8gHzjxpNU=,A4tgQv5cqkc=,4,147
2023-01-30,xIqe+QQIQXQ=,t+kFcRdzL6o=,/M8gHzjxpNU=,xIqe+QQIQXQ=-t+kFcRdzL6o=,A4tgQv5cqkc=,4,147
2023-01-30,xIqe+QQIQXQ=,t+kFcRdzL6o=,/M8gHzjxpNU=,t+kFcRdzL6o=-/M8gHzjxpNU=,A4tgQv5cqkc=,3,170
2023-01-30,xIqe+QQIQXQ=,t+kFcRdzL6o=,/M8gHzjxpNU=,xIqe+QQIQXQ=-/M8gHzjxpNU=,A4tgQv5cqkc=,3,153
2023-01-30,xIqe+QQIQXQ=,t+kFcRdzL6o=,/M8gHzjxpNU=,xIqe+QQIQXQ=-t+kFcRdzL6o=,A4tgQv5cqkc=,3,153
2023-01-30,xIqe+QQIQXQ=,t+kFcRdzL6o=,/M8gHzjxpNU=,t+kFcRdzL6o=-/M8gHzjxpNU=,A4tgQv5cqkc=,2,172
2023-01-30,xIqe+QQIQXQ=,t+kFcRdzL6o=,/M8gHzjxpNU=,xIqe+QQIQXQ=-/M8gHzjxpNU=,A4tgQv5cqkc=,2,155
2023-01-30,xIqe+QQIQXQ=,t+kFcRdzL6o=,/M8gHzjxpNU=,xIqe+QQIQXQ=-t+kFcRdzL6o=,A4tgQv5cqkc=,2,155
2023-01-30,xIqe+QQIQXQ=,t+kFcRdzL6o=,/M8gHzjxpNU=,t+kFcRdzL6o=-/M8gHzjxpNU=,A4tgQv5cqkc=,1,179
2023-01-30,xIqe+QQIQXQ=,t+kFcRdzL6o=,/M8gHzjxpNU=,xIqe+QQIQXQ=-/M8gHzjxpNU=,A4tgQv5cqkc=,1,164
2023-01-30,xIqe+QQIQXQ=,t+kFcRdzL6o=,/M8gHzjxpNU=,xIqe+QQIQXQ=-t+kFcRdzL6o=,A4tgQv5cqkc=,1,164
2023-01-30,xIqe+QQIQXQ=,t+kFcRdzL6o=,/M8gHzjxpNU=,t+kFcRdzL6o=-/M8gHzjxpNU=,A4tgQv5cqkc=,0,179
2023-01-30,xIqe+QQIQXQ=,t+kFcRdzL6o=,/M8gHzjxpNU=,xIqe+QQIQXQ=-/M8gHzjxpNU=,A4tgQv5cqkc=,0,165
2023-01-30,xIqe+QQIQXQ=,t+kFcRdzL6o=,/M8gHzjxpNU=,xIqe+QQIQXQ=-t+kFcRdzL6o=,A4tgQv5cqkc=,0,165
2023-01-30,xIqe+QQIQXQ=,t+kFcRdzL6o=,/M8gHzjxpNU=,t+kFcRdzL6o=-/M8gHzjxpNU=,A4tgQv5cqkc=,-1,179
2023-01-30,xIqe+QQIQXQ=,t+kFcRdzL6o=,/M8gHzjxpNU=,xIqe+QQIQXQ=-/M8gHzjxpNU=,A4tgQv5cqkc=,-1,165
2023-01-30,xIqe+QQIQXQ=,t+kFcRdzL6o=,/M8gHzjxpNU=,xIqe+QQIQXQ=-t+kFcRdzL6o=,A4tgQv5cqkc=,-1,165
