航班日期,A,B,C,航段,航班号,距离天数,人数
2023-01-01,xIqe+QQIQXQ=,t+kFcRdzL6o=,/M8gHzjxpNU=,t+kFcRdzL6o=-/M8gHzjxpNU=,A4tgQv5cqkc=,29,0
2023-01-01,xIqe+QQIQXQ=,t+kFcRdzL6o=,/M8gHzjxpNU=,xIqe+QQIQXQ=-/M8gHzjxpNU=,A4tgQv5cqkc=,29,0
2023-01-01,xIqe+QQIQXQ=,t+kFcRdzL6o=,/M8gHzjxpNU=,xIqe+QQIQXQ=-t+kFcRdzL6o=,A4tgQv5cqkc=,29,0
2023-01-01,xIqe+QQIQXQ=,t+kFcRdzL6o=,/M8gHzjxpNU=,t+kFcRdzL6o=-/M8gHzjxpNU=,A4tgQv5cqkc=,28,0
2023-01-01,xIqe+QQIQXQ=,t+kFcRdzL6o=,/M8gHzjxpNU=,xIqe+QQIQXQ=-/M8gHzjxpNU=,A4tgQv5cqkc=,28,0
2023-01-01,xIqe+QQIQXQ=,t+kFcRdzL6o=,/M8gHzjxpNU=,xIqe+QQIQXQ=-t+kFcRdzL6o=,A4tgQv5cqkc=,28,0
2023-01-01,xIqe+QQIQXQ=,t+kFcRdzL6o=,/M8gHzjxpNU=,t+kFcRdzL6o=-/M8gHzjxpNU=,A4tgQv5cqkc=,27,0
2023-01-01,xIqe+QQIQXQ=,t+kFcRdzL6o=,/M8gHzjxpNU=,xIqe+QQIQXQ=-/M8gHzjxpNU=,A4tgQv5cqkc=,27,0
2023-01-01,xIqe+QQIQXQ=,t+kFcRdzL6o=,/M8gHzjxpNU=,xIqe+QQIQXQ=-t+kFcRdzL6o=,A4tgQv5cqkc=,27,0
2023-01-01,xIqe+QQIQXQ=,t+kFcRdzL6o=,/M8gHzjxpNU=,t+kFcRdzL6o=-/M8gHzjxpNU=,A4tgQv5cqkc=,26,0
2023-01-01,xIqe+QQIQXQ=,t+kFcRdzL6o=,/M8gHzjxpNU=,xIqe+QQIQXQ=-/M8gHzjxpNU=,A4tgQv5cqkc=,26,0
2023-01-01,xIqe+QQIQXQ=,t+kFcRdzL6o=,/M8gHzjxpNU=,xIqe+QQIQXQ=-t+kFcRdzL6o=,A4tgQv5cqkc=,26,0
2023-01-01,xIqe+QQIQXQ=,t+kFcRdzL6o=,/M8gHzjxpNU=,t+kFcRdzL6o=-/M8gHzjxpNU=,A4tgQv5cqkc=,25,2
2023-01-01,xIqe+QQIQXQ=,t+kFcRdzL6o=,/M8gHzjxpNU=,xIqe+QQIQXQ=-/M8gHzjxpNU=,A4tgQv5cqkc=,25,2
2023-01-01,xIqe+QQIQXQ=,t+kFcRdzL6o=,/M8gHzjxpNU=,xIqe+QQIQXQ=-t+kFcRdzL6o=,A4tgQv5cqkc=,25,2
2023-01-01,xIqe+QQIQXQ=,t+kFcRdzL6o=,/M8gHzjxpNU=,t+kFcRdzL6o=-/M8gHzjxpNU=,A4tgQv5cqkc=,24,2
2023-01-01,xIqe+QQIQXQ=,t+kFcRdzL6o=,/M8gHzjxpNU=,xIqe+QQIQXQ=-/M8gHzjxpNU=,A4tgQv5cqkc=,24,2
2023-01-01,xIqe+QQIQXQ=,t+kFcRdzL6o=,/M8gHzjxpNU=,xIqe+QQIQXQ=-t+kFcRdzL6o=,A4tgQv5cqkc=,24,2
2023-01-01,xIqe+QQIQXQ=,t+kFcRdzL6o=,/M8gHzjxpNU=,t+kFcRdzL6o=-/M8gHzjxpNU=,A4tgQv5cqkc=,23,2
2023-01-01,xIqe+QQIQXQ=,t+kFcRdzL6o=,/M8gHzjxpNU=,xIqe+QQIQXQ=-/M8gHzjxpNU=,A4tgQv5cqkc=,23,3
2023-01-01,xIqe+QQIQXQ=,t+kFcRdzL6o=,/M8gHzjxpNU=,xIqe+QQIQXQ=-t+kFcRdzL6o=,A4tgQv5cqkc=,23,3
2023-01-01,xIqe+QQIQXQ=,t+kFcRdzL6o=,/M8gHzjxpNU=,t+kFcRdzL6o=-/M8gHzjxpNU=,A4tgQv5cqkc=,22,4
2023-01-01,xIqe+QQIQXQ=,t+kFcRdzL6o=,/M8gHzjxpNU=,xIqe+QQIQXQ=-/M8gHzjxpNU=,A4tgQv5cqkc=,22,5
2023-01-01,xIqe+QQIQXQ=,t+kFcRdzL6o=,/M8gHzjxpNU=,xIqe+QQIQXQ=-t+kFcRdzL6o=,A4tgQv5cqkc=,22,5
2023-01-01,xIqe+QQIQXQ=,t+kFcRdzL6o=,/M8gHzjxpNU=,t+kFcRdzL6o=-/M8gHzjxpNU=,A4tgQv5cqkc=,21,6
2023-01-01,xIqe+QQIQXQ=,t+kFcRdzL6o=,/M8gHzjxpNU=,xIqe+QQIQXQ=-/M8gHzjxpNU=,A4tgQv5cqkc=,21,7
2023-01-01,xIqe+QQIQXQ=,t+kFcRdzL6o=,/M8gHzjxpNU=,xIqe+QQIQXQ=-t+kFcRdzL6o=,A4tgQv5cqkc=,21,7
2023-01-01,xIqe+QQIQXQ=,t+kFcRdzL6o=,/M8gHzjxpNU=,t+kFcRdzL6o=-/M8gHzjxpNU=,A4tgQv5cqkc=,20,13
2023-01-01,xIqe+QQIQXQ=,t+kFcRdzL6o=,/M8gHzjxpNU=,xIqe+QQIQXQ=-/M8gHzjxpNU=,A4tgQv5cqkc=,20,14
2023-01-01,xIqe+QQIQXQ=,t+kFcRdzL6o=,/M8gHzjxpNU=,xIqe+QQIQXQ=-t+kFcRdzL6o=,A4tgQv5cqkc=,20,14
2023-01-01,xIqe+QQIQXQ=,t+kFcRdzL6o=,/M8gHzjxpNU=,t+kFcRdzL6o=-/M8gHzjxpNU=,A4tgQv5cqkc=,19,15
2023-01-01,xIqe+QQIQXQ=,t+kFcRdzL6o=,/M8gHzjxpNU=,xIqe+QQIQXQ=-/M8gHzjxpNU=,A4tgQv5cqkc=,19,16
2023-01-01,xIqe+QQIQXQ=,t+kFcRdzL6o=,/M8gHzjxpNU=,xIqe+QQIQXQ=-t+kFcRdzL6o=,A4tgQv5cqkc=,19,16
2023-01-01,xIqe+QQIQXQ=,t+kFcRdzL6o=,/M8gHzjxpNU=,t+kFcRdzL6o=-/M8gHzjxpNU=,A4tgQv5cqkc=,18,22
2023-01-01,xIqe+QQIQXQ=,t+kFcRdzL6o=,/M8gHzjxpNU=,xIqe+QQIQXQ=-/M8gHzjxpNU=,A4tgQv5cqkc=,18,23
2023-01-01,xIqe+QQIQXQ=,t+kFcRdzL6o=,/M8gHzjxpNU=,xIqe+QQIQXQ=-t+kFcRdzL6o=,A4tgQv5cqkc=,18,23
2023-01-01,xIqe+QQIQXQ=,t+kFcRdzL6o=,/M8gHzjxpNU=,t+kFcRdzL6o=-/M8gHzjxpNU=,A4tgQv5cqkc=,17,26
2023-01-01,xIqe+QQIQXQ=,t+kFcRdzL6o=,/M8gHzjxpNU=,xIqe+QQIQXQ=-/M8gHzjxpNU=,A4tgQv5cqkc=,17,27
2023-01-01,xIqe+QQIQXQ=,t+kFcRdzL6o=,/M8gHzjxpNU=,xIqe+QQIQXQ=-t+kFcRdzL6o=,A4tgQv5cqkc=,17,27
2023-01-01,xIqe+QQIQXQ=,t+kFcRdzL6o=,/M8gHzjxpNU=,t+kFcRdzL6o=-/M8gHzjxpNU=,A4tgQv5cqkc=,16,26
2023-01-01,xIqe+QQIQXQ=,t+kFcRdzL6o=,/M8gHzjxpNU=,xIqe+QQIQXQ=-/M8gHzjxpNU=,A4tgQv5cqkc=,16,27
2023-01-01,xIqe+QQIQXQ=,t+kFcRdzL6o=,/M8gHzjxpNU=,xIqe+QQIQXQ=-t+kFcRdzL6o=,A4tgQv5cqkc=,16,27
2023-01-01,xIqe+QQIQXQ=,t+kFcRdzL6o=,/M8gHzjxpNU=,t+kFcRdzL6o=-/M8gHzjxpNU=,A4tgQv5cqkc=,15,26
2023-01-01,xIqe+QQIQXQ=,t+kFcRdzL6o=,/M8gHzjxpNU=,xIqe+QQIQXQ=-/M8gHzjxpNU=,A4tgQv5cqkc=,15,27
2023-01-01,xIqe+QQIQXQ=,t+kFcRdzL6o=,/M8gHzjxpNU=,xIqe+QQIQXQ=-t+kFcRdzL6o=,A4tgQv5cqkc=,15,27
2023-01-01,xIqe+QQIQXQ=,t+kFcRdzL6o=,/M8gHzjxpNU=,t+kFcRdzL6o=-/M8gHzjxpNU=,A4tgQv5cqkc=,14,26
2023-01-01,xIqe+QQIQXQ=,t+kFcRdzL6o=,/M8gHzjxpNU=,xIqe+QQIQXQ=-/M8gHzjxpNU=,A4tgQv5cqkc=,14,27
2023-01-01,xIqe+QQIQXQ=,t+kFcRdzL6o=,/M8gHzjxpNU=,xIqe+QQIQXQ=-t+kFcRdzL6o=,A4tgQv5cqkc=,14,27
2023-01-01,xIqe+QQIQXQ=,t+kFcRdzL6o=,/M8gHzjxpNU=,t+kFcRdzL6o=-/M8gHzjxpNU=,A4tgQv5cqkc=,13,28
2023-01-01,xIqe+QQIQXQ=,t+kFcRdzL6o=,/M8gHzjxpNU=,xIqe+QQIQXQ=-/M8gHzjxpNU=,A4tgQv5cqkc=,13,29
2023-01-01,xIqe+QQIQXQ=,t+kFcRdzL6o=,/M8gHzjxpNU=,xIqe+QQIQXQ=-t+kFcRdzL6o=,A4tgQv5cqkc=,13,29
2023-01-01,xIqe+QQIQXQ=,t+kFcRdzL6o=,/M8gHzjxpNU=,t+kFcRdzL6o=-/M8gHzjxpNU=,A4tgQv5cqkc=,12,29
2023-01-01,xIqe+QQIQXQ=,t+kFcRdzL6o=,/M8gHzjxpNU=,xIqe+QQIQXQ=-/M8gHzjxpNU=,A4tgQv5cqkc=,12,31
2023-01-01,xIqe+QQIQXQ=,t+kFcRdzL6o=,/M8gHzjxpNU=,xIqe+QQIQXQ=-t+kFcRdzL6o=,A4tgQv5cqkc=,12,31
2023-01-01,xIqe+QQIQXQ=,t+kFcRdzL6o=,/M8gHzjxpNU=,t+kFcRdzL6o=-/M8gHzjxpNU=,A4tgQv5cqkc=,11,32
2023-01-01,xIqe+QQIQXQ=,t+kFcRdzL6o=,/M8gHzjxpNU=,xIqe+QQIQXQ=-/M8gHzjxpNU=,A4tgQv5cqkc=,11,34
2023-01-01,xIqe+QQIQXQ=,t+kFcRdzL6o=,/M8gHzjxpNU=,xIqe+QQIQXQ=-t+kFcRdzL6o=,A4tgQv5cqkc=,11,34
2023-01-01,xIqe+QQIQXQ=,t+kFcRdzL6o=,/M8gHzjxpNU=,t+kFcRdzL6o=-/M8gHzjxpNU=,A4tgQv5cqkc=,10,36
2023-01-01,xIqe+QQIQXQ=,t+kFcRdzL6o=,/M8gHzjxpNU=,xIqe+QQIQXQ=-/M8gHzjxpNU=,A4tgQv5cqkc=,10,38
2023-01-01,xIqe+QQIQXQ=,t+kFcRdzL6o=,/M8gHzjxpNU=,xIqe+QQIQXQ=-t+kFcRdzL6o=,A4tgQv5cqkc=,10,38
2023-01-01,xIqe+QQIQXQ=,t+kFcRdzL6o=,/M8gHzjxpNU=,t+kFcRdzL6o=-/M8gHzjxpNU=,A4tgQv5cqkc=,9,38
2023-01-01,xIqe+QQIQXQ=,t+kFcRdzL6o=,/M8gHzjxpNU=,xIqe+QQIQXQ=-/M8gHzjxpNU=,A4tgQv5cqkc=,9,41
2023-01-01,xIqe+QQIQXQ=,t+kFcRdzL6o=,/M8gHzjxpNU=,xIqe+QQIQXQ=-t+kFcRdzL6o=,A4tgQv5cqkc=,9,41
2023-01-01,xIqe+QQIQXQ=,t+kFcRdzL6o=,/M8gHzjxpNU=,t+kFcRdzL6o=-/M8gHzjxpNU=,A4tgQv5cqkc=,8,46
2023-01-01,xIqe+QQIQXQ=,t+kFcRdzL6o=,/M8gHzjxpNU=,xIqe+QQIQXQ=-/M8gHzjxpNU=,A4tgQv5cqkc=,8,49
2023-01-01,xIqe+QQIQXQ=,t+kFcRdzL6o=,/M8gHzjxpNU=,xIqe+QQIQXQ=-t+kFcRdzL6o=,A4tgQv5cqkc=,8,49
2023-01-01,xIqe+QQIQXQ=,t+kFcRdzL6o=,/M8gHzjxpNU=,t+kFcRdzL6o=-/M8gHzjxpNU=,A4tgQv5cqkc=,7,60
2023-01-01,xIqe+QQIQXQ=,t+kFcRdzL6o=,/M8gHzjxpNU=,xIqe+QQIQXQ=-/M8gHzjxpNU=,A4tgQv5cqkc=,7,63
2023-01-01,xIqe+QQIQXQ=,t+kFcRdzL6o=,/M8gHzjxpNU=,xIqe+QQIQXQ=-t+kFcRdzL6o=,A4tgQv5cqkc=,7,63
2023-01-01,xIqe+QQIQXQ=,t+kFcRdzL6o=,/M8gHzjxpNU=,t+kFcRdzL6o=-/M8gHzjxpNU=,A4tgQv5cqkc=,6,62
2023-01-01,xIqe+QQIQXQ=,t+kFcRdzL6o=,/M8gHzjxpNU=,xIqe+QQIQXQ=-/M8gHzjxpNU=,A4tgQv5cqkc=,6,65
2023-01-01,xIqe+QQIQXQ=,t+kFcRdzL6o=,/M8gHzjxpNU=,xIqe+QQIQXQ=-t+kFcRdzL6o=,A4tgQv5cqkc=,6,65
2023-01-01,xIqe+QQIQXQ=,t+kFcRdzL6o=,/M8gHzjxpNU=,t+kFcRdzL6o=-/M8gHzjxpNU=,A4tgQv5cqkc=,5,62
2023-01-01,xIqe+QQIQXQ=,t+kFcRdzL6o=,/M8gHzjxpNU=,xIqe+QQIQXQ=-/M8gHzjxpNU=,A4tgQv5cqkc=,5,65
2023-01-01,xIqe+QQIQXQ=,t+kFcRdzL6o=,/M8gHzjxpNU=,xIqe+QQIQXQ=-t+kFcRdzL6o=,A4tgQv5cqkc=,5,65
2023-01-01,xIqe+QQIQXQ=,t+kFcRdzL6o=,/M8gHzjxpNU=,t+kFcRdzL6o=-/M8gHzjxpNU=,A4tgQv5cqkc=,4,66
2023-01-01,xIqe+QQIQXQ=,t+kFcRdzL6o=,/M8gHzjxpNU=,xIqe+QQIQXQ=-/M8gHzjxpNU=,A4tgQv5cqkc=,4,68
2023-01-01,xIqe+QQIQXQ=,t+kFcRdzL6o=,/M8gHzjxpNU=,xIqe+QQIQXQ=-t+kFcRdzL6o=,A4tgQv5cqkc=,4,68
2023-01-01,xIqe+QQIQXQ=,t+kFcRdzL6o=,/M8gHzjxpNU=,t+kFcRdzL6o=-/M8gHzjxpNU=,A4tgQv5cqkc=,3,70
2023-01-01,xIqe+QQIQXQ=,t+kFcRdzL6o=,/M8gHzjxpNU=,xIqe+QQIQXQ=-/M8gHzjxpNU=,A4tgQv5cqkc=,3,73
2023-01-01,xIqe+QQIQXQ=,t+kFcRdzL6o=,/M8gHzjxpNU=,xIqe+QQIQXQ=-t+kFcRdzL6o=,A4tgQv5cqkc=,3,73
2023-01-01,xIqe+QQIQXQ=,t+kFcRdzL6o=,/M8gHzjxpNU=,t+kFcRdzL6o=-/M8gHzjxpNU=,A4tgQv5cqkc=,2,85
2023-01-01,xIqe+QQIQXQ=,t+kFcRdzL6o=,/M8gHzjxpNU=,xIqe+QQIQXQ=-/M8gHzjxpNU=,A4tgQv5cqkc=,2,85
2023-01-01,xIqe+QQIQXQ=,t+kFcRdzL6o=,/M8gHzjxpNU=,xIqe+QQIQXQ=-t+kFcRdzL6o=,A4tgQv5cqkc=,2,85
2023-01-01,xIqe+QQIQXQ=,t+kFcRdzL6o=,/M8gHzjxpNU=,t+kFcRdzL6o=-/M8gHzjxpNU=,A4tgQv5cqkc=,1,90
2023-01-01,xIqe+QQIQXQ=,t+kFcRdzL6o=,/M8gHzjxpNU=,xIqe+QQIQXQ=-/M8gHzjxpNU=,A4tgQv5cqkc=,1,89
2023-01-01,xIqe+QQIQXQ=,t+kFcRdzL6o=,/M8gHzjxpNU=,xIqe+QQIQXQ=-t+kFcRdzL6o=,A4tgQv5cqkc=,1,89
2023-01-01,xIqe+QQIQXQ=,t+kFcRdzL6o=,/M8gHzjxpNU=,t+kFcRdzL6o=-/M8gHzjxpNU=,A4tgQv5cqkc=,0,101
2023-01-01,xIqe+QQIQXQ=,t+kFcRdzL6o=,/M8gHzjxpNU=,xIqe+QQIQXQ=-/M8gHzjxpNU=,A4tgQv5cqkc=,0,100
2023-01-01,xIqe+QQIQXQ=,t+kFcRdzL6o=,/M8gHzjxpNU=,xIqe+QQIQXQ=-t+kFcRdzL6o=,A4tgQv5cqkc=,0,100
2023-01-01,xIqe+QQIQXQ=,t+kFcRdzL6o=,/M8gHzjxpNU=,t+kFcRdzL6o=-/M8gHzjxpNU=,A4tgQv5cqkc=,-1,101
2023-01-01,xIqe+QQIQXQ=,t+kFcRdzL6o=,/M8gHzjxpNU=,xIqe+QQIQXQ=-/M8gHzjxpNU=,A4tgQv5cqkc=,-1,100
2023-01-01,xIqe+QQIQXQ=,t+kFcRdzL6o=,/M8gHzjxpNU=,xIqe+QQIQXQ=-t+kFcRdzL6o=,A4tgQv5cqkc=,-1,100
2023-01-02,xIqe+QQIQXQ=,t+kFcRdzL6o=,/M8gHzjxpNU=,t+kFcRdzL6o=-/M8gHzjxpNU=,A4tgQv5cqkc=,29,0
2023-01-02,xIqe+QQIQXQ=,t+kFcRdzL6o=,/M8gHzjxpNU=,xIqe+QQIQXQ=-/M8gHzjxpNU=,A4tgQv5cqkc=,29,0
2023-01-02,xIqe+QQIQXQ=,t+kFcRdzL6o=,/M8gHzjxpNU=,xIqe+QQIQXQ=-t+kFcRdzL6o=,A4tgQv5cqkc=,29,0
2023-01-02,xIqe+QQIQXQ=,t+kFcRdzL6o=,/M8gHzjxpNU=,t+kFcRdzL6o=-/M8gHzjxpNU=,A4tgQv5cqkc=,28,0
2023-01-02,xIqe+QQIQXQ=,t+kFcRdzL6o=,/M8gHzjxpNU=,xIqe+QQIQXQ=-/M8gHzjxpNU=,A4tgQv5cqkc=,28,0
2023-01-02,xIqe+QQIQXQ=,t+kFcRdzL6o=,/M8gHzjxpNU=,xIqe+QQIQXQ=-t+kFcRdzL6o=,A4tgQv5cqkc=,28,0
2023-01-02,xIqe+QQIQXQ=,t+kFcRdzL6o=,/M8gHzjxpNU=,t+kFcRdzL6o=-/M8gHzjxpNU=,A4tgQv5cqkc=,27,0
2023-01-02,xIqe+QQIQXQ=,t+kFcRdzL6o=,/M8gHzjxpNU=,xIqe+QQIQXQ=-/M8gHzjxpNU=,A4tgQv5cqkc=,27,1
2023-01-02,xIqe+QQIQXQ=,t+kFcRdzL6o=,/M8gHzjxpNU=,xIqe+QQIQXQ=-t+kFcRdzL6o=,A4tgQv5cqkc=,27,1
2023-01-02,xIqe+QQIQXQ=,t+kFcRdzL6o=,/M8gHzjxpNU=,t+kFcRdzL6o=-/M8gHzjxpNU=,A4tgQv5cqkc=,26,0
2023-01-02,xIqe+QQIQXQ=,t+kFcRdzL6o=,/M8gHzjxpNU=,xIqe+QQIQXQ=-/M8gHzjxpNU=,A4tgQv5cqkc=,26,1
2023-01-02,xIqe+QQIQXQ=,t+kFcRdzL6o=,/M8gHzjxpNU=,xIqe+QQIQXQ=-t+kFcRdzL6o=,A4tgQv5cqkc=,26,1
2023-01-02,xIqe+QQIQXQ=,t+kFcRdzL6o=,/M8gHzjxpNU=,t+kFcRdzL6o=-/M8gHzjxpNU=,A4tgQv5cqkc=,25,8
2023-01-02,xIqe+QQIQXQ=,t+kFcRdzL6o=,/M8gHzjxpNU=,xIqe+QQIQXQ=-/M8gHzjxpNU=,A4tgQv5cqkc=,25,9
2023-01-02,xIqe+QQIQXQ=,t+kFcRdzL6o=,/M8gHzjxpNU=,xIqe+QQIQXQ=-t+kFcRdzL6o=,A4tgQv5cqkc=,25,9
2023-01-02,xIqe+QQIQXQ=,t+kFcRdzL6o=,/M8gHzjxpNU=,t+kFcRdzL6o=-/M8gHzjxpNU=,A4tgQv5cqkc=,24,15
2023-01-02,xIqe+QQIQXQ=,t+kFcRdzL6o=,/M8gHzjxpNU=,xIqe+QQIQXQ=-/M8gHzjxpNU=,A4tgQv5cqkc=,24,16
2023-01-02,xIqe+QQIQXQ=,t+kFcRdzL6o=,/M8gHzjxpNU=,xIqe+QQIQXQ=-t+kFcRdzL6o=,A4tgQv5cqkc=,24,16
2023-01-02,xIqe+QQIQXQ=,t+kFcRdzL6o=,/M8gHzjxpNU=,t+kFcRdzL6o=-/M8gHzjxpNU=,A4tgQv5cqkc=,23,26
2023-01-02,xIqe+QQIQXQ=,t+kFcRdzL6o=,/M8gHzjxpNU=,xIqe+QQIQXQ=-/M8gHzjxpNU=,A4tgQv5cqkc=,23,27
2023-01-02,xIqe+QQIQXQ=,t+kFcRdzL6o=,/M8gHzjxpNU=,xIqe+QQIQXQ=-t+kFcRdzL6o=,A4tgQv5cqkc=,23,27
2023-01-02,xIqe+QQIQXQ=,t+kFcRdzL6o=,/M8gHzjxpNU=,t+kFcRdzL6o=-/M8gHzjxpNU=,A4tgQv5cqkc=,22,37
2023-01-02,xIqe+QQIQXQ=,t+kFcRdzL6o=,/M8gHzjxpNU=,xIqe+QQIQXQ=-/M8gHzjxpNU=,A4tgQv5cqkc=,22,36
2023-01-02,xIqe+QQIQXQ=,t+kFcRdzL6o=,/M8gHzjxpNU=,xIqe+QQIQXQ=-t+kFcRdzL6o=,A4tgQv5cqkc=,22,36
2023-01-02,xIqe+QQIQXQ=,t+kFcRdzL6o=,/M8gHzjxpNU=,t+kFcRdzL6o=-/M8gHzjxpNU=,A4tgQv5cqkc=,21,37
2023-01-02,xIqe+QQIQXQ=,t+kFcRdzL6o=,/M8gHzjxpNU=,xIqe+QQIQXQ=-/M8gHzjxpNU=,A4tgQv5cqkc=,21,36
2023-01-02,xIqe+QQIQXQ=,t+kFcRdzL6o=,/M8gHzjxpNU=,xIqe+QQIQXQ=-t+kFcRdzL6o=,A4tgQv5cqkc=,21,36
2023-01-02,xIqe+QQIQXQ=,t+kFcRdzL6o=,/M8gHzjxpNU=,t+kFcRdzL6o=-/M8gHzjxpNU=,A4tgQv5cqkc=,20,37
2023-01-02,xIqe+QQIQXQ=,t+kFcRdzL6o=,/M8gHzjxpNU=,xIqe+QQIQXQ=-/M8gHzjxpNU=,A4tgQv5cqkc=,20,36
2023-01-02,xIqe+QQIQXQ=,t+kFcRdzL6o=,/M8gHzjxpNU=,xIqe+QQIQXQ=-t+kFcRdzL6o=,A4tgQv5cqkc=,20,36
2023-01-02,xIqe+QQIQXQ=,t+kFcRdzL6o=,/M8gHzjxpNU=,t+kFcRdzL6o=-/M8gHzjxpNU=,A4tgQv5cqkc=,19,42
2023-01-02,xIqe+QQIQXQ=,t+kFcRdzL6o=,/M8gHzjxpNU=,xIqe+QQIQXQ=-/M8gHzjxpNU=,A4tgQv5cqkc=,19,41
2023-01-02,xIqe+QQIQXQ=,t+kFcRdzL6o=,/M8gHzjxpNU=,xIqe+QQIQXQ=-t+kFcRdzL6o=,A4tgQv5cqkc=,19,41
2023-01-02,xIqe+QQIQXQ=,t+kFcRdzL6o=,/M8gHzjxpNU=,t+kFcRdzL6o=-/M8gHzjxpNU=,A4tgQv5cqkc=,18,49
2023-01-02,xIqe+QQIQXQ=,t+kFcRdzL6o=,/M8gHzjxpNU=,xIqe+QQIQXQ=-/M8gHzjxpNU=,A4tgQv5cqkc=,18,51
2023-01-02,xIqe+QQIQXQ=,t+kFcRdzL6o=,/M8gHzjxpNU=,xIqe+QQIQXQ=-t+kFcRdzL6o=,A4tgQv5cqkc=,18,51
2023-01-02,xIqe+QQIQXQ=,t+kFcRdzL6o=,/M8gHzjxpNU=,t+kFcRdzL6o=-/M8gHzjxpNU=,A4tgQv5cqkc=,17,49
2023-01-02,xIqe+QQIQXQ=,t+kFcRdzL6o=,/M8gHzjxpNU=,xIqe+QQIQXQ=-/M8gHzjxpNU=,A4tgQv5cqkc=,17,51
2023-01-02,xIqe+QQIQXQ=,t+kFcRdzL6o=,/M8gHzjxpNU=,xIqe+QQIQXQ=-t+kFcRdzL6o=,A4tgQv5cqkc=,17,51
2023-01-02,xIqe+QQIQXQ=,t+kFcRdzL6o=,/M8gHzjxpNU=,t+kFcRdzL6o=-/M8gHzjxpNU=,A4tgQv5cqkc=,16,49
2023-01-02,xIqe+QQIQXQ=,t+kFcRdzL6o=,/M8gHzjxpNU=,xIqe+QQIQXQ=-/M8gHzjxpNU=,A4tgQv5cqkc=,16,51
2023-01-02,xIqe+QQIQXQ=,t+kFcRdzL6o=,/M8gHzjxpNU=,xIqe+QQIQXQ=-t+kFcRdzL6o=,A4tgQv5cqkc=,16,51
2023-01-02,xIqe+QQIQXQ=,t+kFcRdzL6o=,/M8gHzjxpNU=,t+kFcRdzL6o=-/M8gHzjxpNU=,A4tgQv5cqkc=,15,53
2023-01-02,xIqe+QQIQXQ=,t+kFcRdzL6o=,/M8gHzjxpNU=,xIqe+QQIQXQ=-/M8gHzjxpNU=,A4tgQv5cqkc=,15,55
2023-01-02,xIqe+QQIQXQ=,t+kFcRdzL6o=,/M8gHzjxpNU=,xIqe+QQIQXQ=-t+kFcRdzL6o=,A4tgQv5cqkc=,15,55
2023-01-02,xIqe+QQIQXQ=,t+kFcRdzL6o=,/M8gHzjxpNU=,t+kFcRdzL6o=-/M8gHzjxpNU=,A4tgQv5cqkc=,14,53
2023-01-02,xIqe+QQIQXQ=,t+kFcRdzL6o=,/M8gHzjxpNU=,xIqe+QQIQXQ=-/M8gHzjxpNU=,A4tgQv5cqkc=,14,55
2023-01-02,xIqe+QQIQXQ=,t+kFcRdzL6o=,/M8gHzjxpNU=,xIqe+QQIQXQ=-t+kFcRdzL6o=,A4tgQv5cqkc=,14,55
2023-01-02,xIqe+QQIQXQ=,t+kFcRdzL6o=,/M8gHzjxpNU=,t+kFcRdzL6o=-/M8gHzjxpNU=,A4tgQv5cqkc=,13,56
2023-01-02,xIqe+QQIQXQ=,t+kFcRdzL6o=,/M8gHzjxpNU=,xIqe+QQIQXQ=-/M8gHzjxpNU=,A4tgQv5cqkc=,13,58
2023-01-02,xIqe+QQIQXQ=,t+kFcRdzL6o=,/M8gHzjxpNU=,xIqe+QQIQXQ=-t+kFcRdzL6o=,A4tgQv5cqkc=,13,58
2023-01-02,xIqe+QQIQXQ=,t+kFcRdzL6o=,/M8gHzjxpNU=,t+kFcRdzL6o=-/M8gHzjxpNU=,A4tgQv5cqkc=,12,67
2023-01-02,xIqe+QQIQXQ=,t+kFcRdzL6o=,/M8gHzjxpNU=,xIqe+QQIQXQ=-/M8gHzjxpNU=,A4tgQv5cqkc=,12,69
2023-01-02,xIqe+QQIQXQ=,t+kFcRdzL6o=,/M8gHzjxpNU=,xIqe+QQIQXQ=-t+kFcRdzL6o=,A4tgQv5cqkc=,12,69
2023-01-02,xIqe+QQIQXQ=,t+kFcRdzL6o=,/M8gHzjxpNU=,t+kFcRdzL6o=-/M8gHzjxpNU=,A4tgQv5cqkc=,11,69
2023-01-02,xIqe+QQIQXQ=,t+kFcRdzL6o=,/M8gHzjxpNU=,xIqe+QQIQXQ=-/M8gHzjxpNU=,A4tgQv5cqkc=,11,71
2023-01-02,xIqe+QQIQXQ=,t+kFcRdzL6o=,/M8gHzjxpNU=,xIqe+QQIQXQ=-t+kFcRdzL6o=,A4tgQv5cqkc=,11,71
2023-01-02,xIqe+QQIQXQ=,t+kFcRdzL6o=,/M8gHzjxpNU=,t+kFcRdzL6o=-/M8gHzjxpNU=,A4tgQv5cqkc=,10,70
2023-01-02,xIqe+QQIQXQ=,t+kFcRdzL6o=,/M8gHzjxpNU=,xIqe+QQIQXQ=-/M8gHzjxpNU=,A4tgQv5cqkc=,10,71
2023-01-02,xIqe+QQIQXQ=,t+kFcRdzL6o=,/M8gHzjxpNU=,xIqe+QQIQXQ=-t+kFcRdzL6o=,A4tgQv5cqkc=,10,71
2023-01-02,xIqe+QQIQXQ=,t+kFcRdzL6o=,/M8gHzjxpNU=,t+kFcRdzL6o=-/M8gHzjxpNU=,A4tgQv5cqkc=,9,71
2023-01-02,xIqe+QQIQXQ=,t+kFcRdzL6o=,/M8gHzjxpNU=,xIqe+QQIQXQ=-/M8gHzjxpNU=,A4tgQv5cqkc=,9,72
2023-01-02,xIqe+QQIQXQ=,t+kFcRdzL6o=,/M8gHzjxpNU=,xIqe+QQIQXQ=-t+kFcRdzL6o=,A4tgQv5cqkc=,9,72
2023-01-02,xIqe+QQIQXQ=,t+kFcRdzL6o=,/M8gHzjxpNU=,t+kFcRdzL6o=-/M8gHzjxpNU=,A4tgQv5cqkc=,8,72
2023-01-02,xIqe+QQIQXQ=,t+kFcRdzL6o=,/M8gHzjxpNU=,xIqe+QQIQXQ=-/M8gHzjxpNU=,A4tgQv5cqkc=,8,73
2023-01-02,xIqe+QQIQXQ=,t+kFcRdzL6o=,/M8gHzjxpNU=,xIqe+QQIQXQ=-t+kFcRdzL6o=,A4tgQv5cqkc=,8,73
2023-01-02,xIqe+QQIQXQ=,t+kFcRdzL6o=,/M8gHzjxpNU=,t+kFcRdzL6o=-/M8gHzjxpNU=,A4tgQv5cqkc=,7,73
2023-01-02,xIqe+QQIQXQ=,t+kFcRdzL6o=,/M8gHzjxpNU=,xIqe+QQIQXQ=-/M8gHzjxpNU=,A4tgQv5cqkc=,7,72
2023-01-02,xIqe+QQIQXQ=,t+kFcRdzL6o=,/M8gHzjxpNU=,xIqe+QQIQXQ=-t+kFcRdzL6o=,A4tgQv5cqkc=,7,72
2023-01-02,xIqe+QQIQXQ=,t+kFcRdzL6o=,/M8gHzjxpNU=,t+kFcRdzL6o=-/M8gHzjxpNU=,A4tgQv5cqkc=,6,74
2023-01-02,xIqe+QQIQXQ=,t+kFcRdzL6o=,/M8gHzjxpNU=,xIqe+QQIQXQ=-/M8gHzjxpNU=,A4tgQv5cqkc=,6,73
2023-01-02,xIqe+QQIQXQ=,t+kFcRdzL6o=,/M8gHzjxpNU=,xIqe+QQIQXQ=-t+kFcRdzL6o=,A4tgQv5cqkc=,6,73
2023-01-02,xIqe+QQIQXQ=,t+kFcRdzL6o=,/M8gHzjxpNU=,t+kFcRdzL6o=-/M8gHzjxpNU=,A4tgQv5cqkc=,5,71
2023-01-02,xIqe+QQIQXQ=,t+kFcRdzL6o=,/M8gHzjxpNU=,xIqe+QQIQXQ=-/M8gHzjxpNU=,A4tgQv5cqkc=,5,73
2023-01-02,xIqe+QQIQXQ=,t+kFcRdzL6o=,/M8gHzjxpNU=,xIqe+QQIQXQ=-t+kFcRdzL6o=,A4tgQv5cqkc=,5,73
2023-01-02,xIqe+QQIQXQ=,t+kFcRdzL6o=,/M8gHzjxpNU=,t+kFcRdzL6o=-/M8gHzjxpNU=,A4tgQv5cqkc=,4,71
2023-01-02,xIqe+QQIQXQ=,t+kFcRdzL6o=,/M8gHzjxpNU=,xIqe+QQIQXQ=-/M8gHzjxpNU=,A4tgQv5cqkc=,4,73
2023-01-02,xIqe+QQIQXQ=,t+kFcRdzL6o=,/M8gHzjxpNU=,xIqe+QQIQXQ=-t+kFcRdzL6o=,A4tgQv5cqkc=,4,73
2023-01-02,xIqe+QQIQXQ=,t+kFcRdzL6o=,/M8gHzjxpNU=,t+kFcRdzL6o=-/M8gHzjxpNU=,A4tgQv5cqkc=,3,80
2023-01-02,xIqe+QQIQXQ=,t+kFcRdzL6o=,/M8gHzjxpNU=,xIqe+QQIQXQ=-/M8gHzjxpNU=,A4tgQv5cqkc=,3,80
2023-01-02,xIqe+QQIQXQ=,t+kFcRdzL6o=,/M8gHzjxpNU=,xIqe+QQIQXQ=-t+kFcRdzL6o=,A4tgQv5cqkc=,3,80
2023-01-02,xIqe+QQIQXQ=,t+kFcRdzL6o=,/M8gHzjxpNU=,t+kFcRdzL6o=-/M8gHzjxpNU=,A4tgQv5cqkc=,2,99
2023-01-02,xIqe+QQIQXQ=,t+kFcRdzL6o=,/M8gHzjxpNU=,xIqe+QQIQXQ=-/M8gHzjxpNU=,A4tgQv5cqkc=,2,99
2023-01-02,xIqe+QQIQXQ=,t+kFcRdzL6o=,/M8gHzjxpNU=,xIqe+QQIQXQ=-t+kFcRdzL6o=,A4tgQv5cqkc=,2,99
2023-01-02,xIqe+QQIQXQ=,t+kFcRdzL6o=,/M8gHzjxpNU=,t+kFcRdzL6o=-/M8gHzjxpNU=,A4tgQv5cqkc=,1,117
2023-01-02,xIqe+QQIQXQ=,t+kFcRdzL6o=,/M8gHzjxpNU=,xIqe+QQIQXQ=-/M8gHzjxpNU=,A4tgQv5cqkc=,1,116
2023-01-02,xIqe+QQIQXQ=,t+kFcRdzL6o=,/M8gHzjxpNU=,xIqe+QQIQXQ=-t+kFcRdzL6o=,A4tgQv5cqkc=,1,116
2023-01-02,xIqe+QQIQXQ=,t+kFcRdzL6o=,/M8gHzjxpNU=,t+kFcRdzL6o=-/M8gHzjxpNU=,A4tgQv5cqkc=,0,144
2023-01-02,xIqe+QQIQXQ=,t+kFcRdzL6o=,/M8gHzjxpNU=,xIqe+QQIQXQ=-/M8gHzjxpNU=,A4tgQv5cqkc=,0,145
2023-01-02,xIqe+QQIQXQ=,t+kFcRdzL6o=,/M8gHzjxpNU=,xIqe+QQIQXQ=-t+kFcRdzL6o=,A4tgQv5cqkc=,0,145
2023-01-02,xIqe+QQIQXQ=,t+kFcRdzL6o=,/M8gHzjxpNU=,t+kFcRdzL6o=-/M8gHzjxpNU=,A4tgQv5cqkc=,-1,144
2023-01-02,xIqe+QQIQXQ=,t+kFcRdzL6o=,/M8gHzjxpNU=,xIqe+QQIQXQ=-/M8gHzjxpNU=,A4tgQv5cqkc=,-1,145
2023-01-02,xIqe+QQIQXQ=,t+kFcRdzL6o=,/M8gHzjxpNU=,xIqe+QQIQXQ=-t+kFcRdzL6o=,A4tgQv5cqkc=,-1,145
2023-01-04,xIqe+QQIQXQ=,t+kFcRdzL6o=,/M8gHzjxpNU=,t+kFcRdzL6o=-/M8gHzjxpNU=,A4tgQv5cqkc=,29,0
2023-01-04,xIqe+QQIQXQ=,t+kFcRdzL6o=,/M8gHzjxpNU=,xIqe+QQIQXQ=-/M8gHzjxpNU=,A4tgQv5cqkc=,29,8
2023-01-04,xIqe+QQIQXQ=,t+kFcRdzL6o=,/M8gHzjxpNU=,xIqe+QQIQXQ=-t+kFcRdzL6o=,A4tgQv5cqkc=,29,8
2023-01-04,xIqe+QQIQXQ=,t+kFcRdzL6o=,/M8gHzjxpNU=,t+kFcRdzL6o=-/M8gHzjxpNU=,A4tgQv5cqkc=,28,0
2023-01-04,xIqe+QQIQXQ=,t+kFcRdzL6o=,/M8gHzjxpNU=,xIqe+QQIQXQ=-/M8gHzjxpNU=,A4tgQv5cqkc=,28,8
2023-01-04,xIqe+QQIQXQ=,t+kFcRdzL6o=,/M8gHzjxpNU=,xIqe+QQIQXQ=-t+kFcRdzL6o=,A4tgQv5cqkc=,28,8
2023-01-04,xIqe+QQIQXQ=,t+kFcRdzL6o=,/M8gHzjxpNU=,t+kFcRdzL6o=-/M8gHzjxpNU=,A4tgQv5cqkc=,27,1
2023-01-04,xIqe+QQIQXQ=,t+kFcRdzL6o=,/M8gHzjxpNU=,xIqe+QQIQXQ=-/M8gHzjxpNU=,A4tgQv5cqkc=,27,9
2023-01-04,xIqe+QQIQXQ=,t+kFcRdzL6o=,/M8gHzjxpNU=,xIqe+QQIQXQ=-t+kFcRdzL6o=,A4tgQv5cqkc=,27,9
2023-01-04,xIqe+QQIQXQ=,t+kFcRdzL6o=,/M8gHzjxpNU=,t+kFcRdzL6o=-/M8gHzjxpNU=,A4tgQv5cqkc=,26,8
2023-01-04,xIqe+QQIQXQ=,t+kFcRdzL6o=,/M8gHzjxpNU=,xIqe+QQIQXQ=-/M8gHzjxpNU=,A4tgQv5cqkc=,26,14
2023-01-04,xIqe+QQIQXQ=,t+kFcRdzL6o=,/M8gHzjxpNU=,xIqe+QQIQXQ=-t+kFcRdzL6o=,A4tgQv5cqkc=,26,14
2023-01-04,xIqe+QQIQXQ=,t+kFcRdzL6o=,/M8gHzjxpNU=,t+kFcRdzL6o=-/M8gHzjxpNU=,A4tgQv5cqkc=,25,12
2023-01-04,xIqe+QQIQXQ=,t+kFcRdzL6o=,/M8gHzjxpNU=,xIqe+QQIQXQ=-/M8gHzjxpNU=,A4tgQv5cqkc=,25,18
2023-01-04,xIqe+QQIQXQ=,t+kFcRdzL6o=,/M8gHzjxpNU=,xIqe+QQIQXQ=-t+kFcRdzL6o=,A4tgQv5cqkc=,25,18
2023-01-04,xIqe+QQIQXQ=,t+kFcRdzL6o=,/M8gHzjxpNU=,t+kFcRdzL6o=-/M8gHzjxpNU=,A4tgQv5cqkc=,24,13
2023-01-04,xIqe+QQIQXQ=,t+kFcRdzL6o=,/M8gHzjxpNU=,xIqe+QQIQXQ=-/M8gHzjxpNU=,A4tgQv5cqkc=,24,19
2023-01-04,xIqe+QQIQXQ=,t+kFcRdzL6o=,/M8gHzjxpNU=,xIqe+QQIQXQ=-t+kFcRdzL6o=,A4tgQv5cqkc=,24,19
2023-01-04,xIqe+QQIQXQ=,t+kFcRdzL6o=,/M8gHzjxpNU=,t+kFcRdzL6o=-/M8gHzjxpNU=,A4tgQv5cqkc=,23,13
2023-01-04,xIqe+QQIQXQ=,t+kFcRdzL6o=,/M8gHzjxpNU=,xIqe+QQIQXQ=-/M8gHzjxpNU=,A4tgQv5cqkc=,23,19
2023-01-04,xIqe+QQIQXQ=,t+kFcRdzL6o=,/M8gHzjxpNU=,xIqe+QQIQXQ=-t+kFcRdzL6o=,A4tgQv5cqkc=,23,19
2023-01-04,xIqe+QQIQXQ=,t+kFcRdzL6o=,/M8gHzjxpNU=,t+kFcRdzL6o=-/M8gHzjxpNU=,A4tgQv5cqkc=,22,13
2023-01-04,xIqe+QQIQXQ=,t+kFcRdzL6o=,/M8gHzjxpNU=,xIqe+QQIQXQ=-/M8gHzjxpNU=,A4tgQv5cqkc=,22,19
2023-01-04,xIqe+QQIQXQ=,t+kFcRdzL6o=,/M8gHzjxpNU=,xIqe+QQIQXQ=-t+kFcRdzL6o=,A4tgQv5cqkc=,22,19
2023-01-04,xIqe+QQIQXQ=,t+kFcRdzL6o=,/M8gHzjxpNU=,t+kFcRdzL6o=-/M8gHzjxpNU=,A4tgQv5cqkc=,21,13
2023-01-04,xIqe+QQIQXQ=,t+kFcRdzL6o=,/M8gHzjxpNU=,xIqe+QQIQXQ=-/M8gHzjxpNU=,A4tgQv5cqkc=,21,19
2023-01-04,xIqe+QQIQXQ=,t+kFcRdzL6o=,/M8gHzjxpNU=,xIqe+QQIQXQ=-t+kFcRdzL6o=,A4tgQv5cqkc=,21,19
2023-01-04,xIqe+QQIQXQ=,t+kFcRdzL6o=,/M8gHzjxpNU=,t+kFcRdzL6o=-/M8gHzjxpNU=,A4tgQv5cqkc=,20,15
2023-01-04,xIqe+QQIQXQ=,t+kFcRdzL6o=,/M8gHzjxpNU=,xIqe+QQIQXQ=-/M8gHzjxpNU=,A4tgQv5cqkc=,20,22
2023-01-04,xIqe+QQIQXQ=,t+kFcRdzL6o=,/M8gHzjxpNU=,xIqe+QQIQXQ=-t+kFcRdzL6o=,A4tgQv5cqkc=,20,22
2023-01-04,xIqe+QQIQXQ=,t+kFcRdzL6o=,/M8gHzjxpNU=,t+kFcRdzL6o=-/M8gHzjxpNU=,A4tgQv5cqkc=,19,15
2023-01-04,xIqe+QQIQXQ=,t+kFcRdzL6o=,/M8gHzjxpNU=,xIqe+QQIQXQ=-/M8gHzjxpNU=,A4tgQv5cqkc=,19,24
2023-01-04,xIqe+QQIQXQ=,t+kFcRdzL6o=,/M8gHzjxpNU=,xIqe+QQIQXQ=-t+kFcRdzL6o=,A4tgQv5cqkc=,19,24
2023-01-04,xIqe+QQIQXQ=,t+kFcRdzL6o=,/M8gHzjxpNU=,t+kFcRdzL6o=-/M8gHzjxpNU=,A4tgQv5cqkc=,18,15
2023-01-04,xIqe+QQIQXQ=,t+kFcRdzL6o=,/M8gHzjxpNU=,xIqe+QQIQXQ=-/M8gHzjxpNU=,A4tgQv5cqkc=,18,26
2023-01-04,xIqe+QQIQXQ=,t+kFcRdzL6o=,/M8gHzjxpNU=,xIqe+QQIQXQ=-t+kFcRdzL6o=,A4tgQv5cqkc=,18,26
2023-01-04,xIqe+QQIQXQ=,t+kFcRdzL6o=,/M8gHzjxpNU=,t+kFcRdzL6o=-/M8gHzjxpNU=,A4tgQv5cqkc=,17,15
2023-01-04,xIqe+QQIQXQ=,t+kFcRdzL6o=,/M8gHzjxpNU=,xIqe+QQIQXQ=-/M8gHzjxpNU=,A4tgQv5cqkc=,17,28
2023-01-04,xIqe+QQIQXQ=,t+kFcRdzL6o=,/M8gHzjxpNU=,xIqe+QQIQXQ=-t+kFcRdzL6o=,A4tgQv5cqkc=,17,28
2023-01-04,xIqe+QQIQXQ=,t+kFcRdzL6o=,/M8gHzjxpNU=,t+kFcRdzL6o=-/M8gHzjxpNU=,A4tgQv5cqkc=,16,15
2023-01-04,xIqe+QQIQXQ=,t+kFcRdzL6o=,/M8gHzjxpNU=,xIqe+QQIQXQ=-/M8gHzjxpNU=,A4tgQv5cqkc=,16,28
2023-01-04,xIqe+QQIQXQ=,t+kFcRdzL6o=,/M8gHzjxpNU=,xIqe+QQIQXQ=-t+kFcRdzL6o=,A4tgQv5cqkc=,16,28
2023-01-04,xIqe+QQIQXQ=,t+kFcRdzL6o=,/M8gHzjxpNU=,t+kFcRdzL6o=-/M8gHzjxpNU=,A4tgQv5cqkc=,15,15
2023-01-04,xIqe+QQIQXQ=,t+kFcRdzL6o=,/M8gHzjxpNU=,xIqe+QQIQXQ=-/M8gHzjxpNU=,A4tgQv5cqkc=,15,29
2023-01-04,xIqe+QQIQXQ=,t+kFcRdzL6o=,/M8gHzjxpNU=,xIqe+QQIQXQ=-t+kFcRdzL6o=,A4tgQv5cqkc=,15,29
2023-01-04,xIqe+QQIQXQ=,t+kFcRdzL6o=,/M8gHzjxpNU=,t+kFcRdzL6o=-/M8gHzjxpNU=,A4tgQv5cqkc=,14,15
2023-01-04,xIqe+QQIQXQ=,t+kFcRdzL6o=,/M8gHzjxpNU=,xIqe+QQIQXQ=-/M8gHzjxpNU=,A4tgQv5cqkc=,14,30
2023-01-04,xIqe+QQIQXQ=,t+kFcRdzL6o=,/M8gHzjxpNU=,xIqe+QQIQXQ=-t+kFcRdzL6o=,A4tgQv5cqkc=,14,30
2023-01-04,xIqe+QQIQXQ=,t+kFcRdzL6o=,/M8gHzjxpNU=,t+kFcRdzL6o=-/M8gHzjxpNU=,A4tgQv5cqkc=,13,18
2023-01-04,xIqe+QQIQXQ=,t+kFcRdzL6o=,/M8gHzjxpNU=,xIqe+QQIQXQ=-/M8gHzjxpNU=,A4tgQv5cqkc=,13,33
2023-01-04,xIqe+QQIQXQ=,t+kFcRdzL6o=,/M8gHzjxpNU=,xIqe+QQIQXQ=-t+kFcRdzL6o=,A4tgQv5cqkc=,13,33
2023-01-04,xIqe+QQIQXQ=,t+kFcRdzL6o=,/M8gHzjxpNU=,t+kFcRdzL6o=-/M8gHzjxpNU=,A4tgQv5cqkc=,12,20
2023-01-04,xIqe+QQIQXQ=,t+kFcRdzL6o=,/M8gHzjxpNU=,xIqe+QQIQXQ=-/M8gHzjxpNU=,A4tgQv5cqkc=,12,35
2023-01-04,xIqe+QQIQXQ=,t+kFcRdzL6o=,/M8gHzjxpNU=,xIqe+QQIQXQ=-t+kFcRdzL6o=,A4tgQv5cqkc=,12,35
2023-01-04,xIqe+QQIQXQ=,t+kFcRdzL6o=,/M8gHzjxpNU=,t+kFcRdzL6o=-/M8gHzjxpNU=,A4tgQv5cqkc=,11,20
2023-01-04,xIqe+QQIQXQ=,t+kFcRdzL6o=,/M8gHzjxpNU=,xIqe+QQIQXQ=-/M8gHzjxpNU=,A4tgQv5cqkc=,11,35
2023-01-04,xIqe+QQIQXQ=,t+kFcRdzL6o=,/M8gHzjxpNU=,xIqe+QQIQXQ=-t+kFcRdzL6o=,A4tgQv5cqkc=,11,35
2023-01-04,xIqe+QQIQXQ=,t+kFcRdzL6o=,/M8gHzjxpNU=,t+kFcRdzL6o=-/M8gHzjxpNU=,A4tgQv5cqkc=,10,21
2023-01-04,xIqe+QQIQXQ=,t+kFcRdzL6o=,/M8gHzjxpNU=,xIqe+QQIQXQ=-/M8gHzjxpNU=,A4tgQv5cqkc=,10,36
2023-01-04,xIqe+QQIQXQ=,t+kFcRdzL6o=,/M8gHzjxpNU=,xIqe+QQIQXQ=-t+kFcRdzL6o=,A4tgQv5cqkc=,10,36
2023-01-04,xIqe+QQIQXQ=,t+kFcRdzL6o=,/M8gHzjxpNU=,t+kFcRdzL6o=-/M8gHzjxpNU=,A4tgQv5cqkc=,9,18
2023-01-04,xIqe+QQIQXQ=,t+kFcRdzL6o=,/M8gHzjxpNU=,xIqe+QQIQXQ=-/M8gHzjxpNU=,A4tgQv5cqkc=,9,33
2023-01-04,xIqe+QQIQXQ=,t+kFcRdzL6o=,/M8gHzjxpNU=,xIqe+QQIQXQ=-t+kFcRdzL6o=,A4tgQv5cqkc=,9,33
2023-01-04,xIqe+QQIQXQ=,t+kFcRdzL6o=,/M8gHzjxpNU=,t+kFcRdzL6o=-/M8gHzjxpNU=,A4tgQv5cqkc=,8,21
2023-01-04,xIqe+QQIQXQ=,t+kFcRdzL6o=,/M8gHzjxpNU=,xIqe+QQIQXQ=-/M8gHzjxpNU=,A4tgQv5cqkc=,8,36
2023-01-04,xIqe+QQIQXQ=,t+kFcRdzL6o=,/M8gHzjxpNU=,xIqe+QQIQXQ=-t+kFcRdzL6o=,A4tgQv5cqkc=,8,36
2023-01-04,xIqe+QQIQXQ=,t+kFcRdzL6o=,/M8gHzjxpNU=,t+kFcRdzL6o=-/M8gHzjxpNU=,A4tgQv5cqkc=,7,23
2023-01-04,xIqe+QQIQXQ=,t+kFcRdzL6o=,/M8gHzjxpNU=,xIqe+QQIQXQ=-/M8gHzjxpNU=,A4tgQv5cqkc=,7,38
2023-01-04,xIqe+QQIQXQ=,t+kFcRdzL6o=,/M8gHzjxpNU=,xIqe+QQIQXQ=-t+kFcRdzL6o=,A4tgQv5cqkc=,7,38
2023-01-04,xIqe+QQIQXQ=,t+kFcRdzL6o=,/M8gHzjxpNU=,t+kFcRdzL6o=-/M8gHzjxpNU=,A4tgQv5cqkc=,6,45
2023-01-04,xIqe+QQIQXQ=,t+kFcRdzL6o=,/M8gHzjxpNU=,xIqe+QQIQXQ=-/M8gHzjxpNU=,A4tgQv5cqkc=,6,59
2023-01-04,xIqe+QQIQXQ=,t+kFcRdzL6o=,/M8gHzjxpNU=,xIqe+QQIQXQ=-t+kFcRdzL6o=,A4tgQv5cqkc=,6,59
2023-01-04,xIqe+QQIQXQ=,t+kFcRdzL6o=,/M8gHzjxpNU=,t+kFcRdzL6o=-/M8gHzjxpNU=,A4tgQv5cqkc=,5,51
2023-01-04,xIqe+QQIQXQ=,t+kFcRdzL6o=,/M8gHzjxpNU=,xIqe+QQIQXQ=-/M8gHzjxpNU=,A4tgQv5cqkc=,5,65
2023-01-04,xIqe+QQIQXQ=,t+kFcRdzL6o=,/M8gHzjxpNU=,xIqe+QQIQXQ=-t+kFcRdzL6o=,A4tgQv5cqkc=,5,65
2023-01-04,xIqe+QQIQXQ=,t+kFcRdzL6o=,/M8gHzjxpNU=,t+kFcRdzL6o=-/M8gHzjxpNU=,A4tgQv5cqkc=,4,54
2023-01-04,xIqe+QQIQXQ=,t+kFcRdzL6o=,/M8gHzjxpNU=,xIqe+QQIQXQ=-/M8gHzjxpNU=,A4tgQv5cqkc=,4,66
2023-01-04,xIqe+QQIQXQ=,t+kFcRdzL6o=,/M8gHzjxpNU=,xIqe+QQIQXQ=-t+kFcRdzL6o=,A4tgQv5cqkc=,4,66
2023-01-04,xIqe+QQIQXQ=,t+kFcRdzL6o=,/M8gHzjxpNU=,t+kFcRdzL6o=-/M8gHzjxpNU=,A4tgQv5cqkc=,3,63
2023-01-04,xIqe+QQIQXQ=,t+kFcRdzL6o=,/M8gHzjxpNU=,xIqe+QQIQXQ=-/M8gHzjxpNU=,A4tgQv5cqkc=,3,74
2023-01-04,xIqe+QQIQXQ=,t+kFcRdzL6o=,/M8gHzjxpNU=,xIqe+QQIQXQ=-t+kFcRdzL6o=,A4tgQv5cqkc=,3,74
2023-01-04,xIqe+QQIQXQ=,t+kFcRdzL6o=,/M8gHzjxpNU=,t+kFcRdzL6o=-/M8gHzjxpNU=,A4tgQv5cqkc=,2,73
2023-01-04,xIqe+QQIQXQ=,t+kFcRdzL6o=,/M8gHzjxpNU=,xIqe+QQIQXQ=-/M8gHzjxpNU=,A4tgQv5cqkc=,2,84
2023-01-04,xIqe+QQIQXQ=,t+kFcRdzL6o=,/M8gHzjxpNU=,xIqe+QQIQXQ=-t+kFcRdzL6o=,A4tgQv5cqkc=,2,84
2023-01-04,xIqe+QQIQXQ=,t+kFcRdzL6o=,/M8gHzjxpNU=,t+kFcRdzL6o=-/M8gHzjxpNU=,A4tgQv5cqkc=,1,78
2023-01-04,xIqe+QQIQXQ=,t+kFcRdzL6o=,/M8gHzjxpNU=,xIqe+QQIQXQ=-/M8gHzjxpNU=,A4tgQv5cqkc=,1,95
2023-01-04,xIqe+QQIQXQ=,t+kFcRdzL6o=,/M8gHzjxpNU=,xIqe+QQIQXQ=-t+kFcRdzL6o=,A4tgQv5cqkc=,1,95
2023-01-04,xIqe+QQIQXQ=,t+kFcRdzL6o=,/M8gHzjxpNU=,t+kFcRdzL6o=-/M8gHzjxpNU=,A4tgQv5cqkc=,0,92
2023-01-04,xIqe+QQIQXQ=,t+kFcRdzL6o=,/M8gHzjxpNU=,xIqe+QQIQXQ=-/M8gHzjxpNU=,A4tgQv5cqkc=,0,111
2023-01-04,xIqe+QQIQXQ=,t+kFcRdzL6o=,/M8gHzjxpNU=,xIqe+QQIQXQ=-t+kFcRdzL6o=,A4tgQv5cqkc=,0,111
2023-01-04,xIqe+QQIQXQ=,t+kFcRdzL6o=,/M8gHzjxpNU=,t+kFcRdzL6o=-/M8gHzjxpNU=,A4tgQv5cqkc=,-1,92
2023-01-04,xIqe+QQIQXQ=,t+kFcRdzL6o=,/M8gHzjxpNU=,xIqe+QQIQXQ=-/M8gHzjxpNU=,A4tgQv5cqkc=,-1,111
2023-01-04,xIqe+QQIQXQ=,t+kFcRdzL6o=,/M8gHzjxpNU=,xIqe+QQIQXQ=-t+kFcRdzL6o=,A4tgQv5cqkc=,-1,111
2023-01-06,xIqe+QQIQXQ=,t+kFcRdzL6o=,/M8gHzjxpNU=,t+kFcRdzL6o=-/M8gHzjxpNU=,A4tgQv5cqkc=,29,0
2023-01-06,xIqe+QQIQXQ=,t+kFcRdzL6o=,/M8gHzjxpNU=,xIqe+QQIQXQ=-/M8gHzjxpNU=,A4tgQv5cqkc=,29,1
2023-01-06,xIqe+QQIQXQ=,t+kFcRdzL6o=,/M8gHzjxpNU=,xIqe+QQIQXQ=-t+kFcRdzL6o=,A4tgQv5cqkc=,29,1
2023-01-06,xIqe+QQIQXQ=,t+kFcRdzL6o=,/M8gHzjxpNU=,t+kFcRdzL6o=-/M8gHzjxpNU=,A4tgQv5cqkc=,28,7
2023-01-06,xIqe+QQIQXQ=,t+kFcRdzL6o=,/M8gHzjxpNU=,xIqe+QQIQXQ=-/M8gHzjxpNU=,A4tgQv5cqkc=,28,8
2023-01-06,xIqe+QQIQXQ=,t+kFcRdzL6o=,/M8gHzjxpNU=,xIqe+QQIQXQ=-t+kFcRdzL6o=,A4tgQv5cqkc=,28,8
2023-01-06,xIqe+QQIQXQ=,t+kFcRdzL6o=,/M8gHzjxpNU=,t+kFcRdzL6o=-/M8gHzjxpNU=,A4tgQv5cqkc=,27,15
2023-01-06,xIqe+QQIQXQ=,t+kFcRdzL6o=,/M8gHzjxpNU=,xIqe+QQIQXQ=-/M8gHzjxpNU=,A4tgQv5cqkc=,27,16
2023-01-06,xIqe+QQIQXQ=,t+kFcRdzL6o=,/M8gHzjxpNU=,xIqe+QQIQXQ=-t+kFcRdzL6o=,A4tgQv5cqkc=,27,16
2023-01-06,xIqe+QQIQXQ=,t+kFcRdzL6o=,/M8gHzjxpNU=,t+kFcRdzL6o=-/M8gHzjxpNU=,A4tgQv5cqkc=,26,23
2023-01-06,xIqe+QQIQXQ=,t+kFcRdzL6o=,/M8gHzjxpNU=,xIqe+QQIQXQ=-/M8gHzjxpNU=,A4tgQv5cqkc=,26,24
2023-01-06,xIqe+QQIQXQ=,t+kFcRdzL6o=,/M8gHzjxpNU=,xIqe+QQIQXQ=-t+kFcRdzL6o=,A4tgQv5cqkc=,26,24
2023-01-06,xIqe+QQIQXQ=,t+kFcRdzL6o=,/M8gHzjxpNU=,t+kFcRdzL6o=-/M8gHzjxpNU=,A4tgQv5cqkc=,25,27
2023-01-06,xIqe+QQIQXQ=,t+kFcRdzL6o=,/M8gHzjxpNU=,xIqe+QQIQXQ=-/M8gHzjxpNU=,A4tgQv5cqkc=,25,28
2023-01-06,xIqe+QQIQXQ=,t+kFcRdzL6o=,/M8gHzjxpNU=,xIqe+QQIQXQ=-t+kFcRdzL6o=,A4tgQv5cqkc=,25,28
2023-01-06,xIqe+QQIQXQ=,t+kFcRdzL6o=,/M8gHzjxpNU=,t+kFcRdzL6o=-/M8gHzjxpNU=,A4tgQv5cqkc=,24,31
2023-01-06,xIqe+QQIQXQ=,t+kFcRdzL6o=,/M8gHzjxpNU=,xIqe+QQIQXQ=-/M8gHzjxpNU=,A4tgQv5cqkc=,24,33
2023-01-06,xIqe+QQIQXQ=,t+kFcRdzL6o=,/M8gHzjxpNU=,xIqe+QQIQXQ=-t+kFcRdzL6o=,A4tgQv5cqkc=,24,33
2023-01-06,xIqe+QQIQXQ=,t+kFcRdzL6o=,/M8gHzjxpNU=,t+kFcRdzL6o=-/M8gHzjxpNU=,A4tgQv5cqkc=,23,31
2023-01-06,xIqe+QQIQXQ=,t+kFcRdzL6o=,/M8gHzjxpNU=,xIqe+QQIQXQ=-/M8gHzjxpNU=,A4tgQv5cqkc=,23,33
2023-01-06,xIqe+QQIQXQ=,t+kFcRdzL6o=,/M8gHzjxpNU=,xIqe+QQIQXQ=-t+kFcRdzL6o=,A4tgQv5cqkc=,23,33
2023-01-06,xIqe+QQIQXQ=,t+kFcRdzL6o=,/M8gHzjxpNU=,t+kFcRdzL6o=-/M8gHzjxpNU=,A4tgQv5cqkc=,22,30
2023-01-06,xIqe+QQIQXQ=,t+kFcRdzL6o=,/M8gHzjxpNU=,xIqe+QQIQXQ=-/M8gHzjxpNU=,A4tgQv5cqkc=,22,32
2023-01-06,xIqe+QQIQXQ=,t+kFcRdzL6o=,/M8gHzjxpNU=,xIqe+QQIQXQ=-t+kFcRdzL6o=,A4tgQv5cqkc=,22,32
2023-01-06,xIqe+QQIQXQ=,t+kFcRdzL6o=,/M8gHzjxpNU=,t+kFcRdzL6o=-/M8gHzjxpNU=,A4tgQv5cqkc=,21,30
2023-01-06,xIqe+QQIQXQ=,t+kFcRdzL6o=,/M8gHzjxpNU=,xIqe+QQIQXQ=-/M8gHzjxpNU=,A4tgQv5cqkc=,21,32
2023-01-06,xIqe+QQIQXQ=,t+kFcRdzL6o=,/M8gHzjxpNU=,xIqe+QQIQXQ=-t+kFcRdzL6o=,A4tgQv5cqkc=,21,32
2023-01-06,xIqe+QQIQXQ=,t+kFcRdzL6o=,/M8gHzjxpNU=,t+kFcRdzL6o=-/M8gHzjxpNU=,A4tgQv5cqkc=,20,30
2023-01-06,xIqe+QQIQXQ=,t+kFcRdzL6o=,/M8gHzjxpNU=,xIqe+QQIQXQ=-/M8gHzjxpNU=,A4tgQv5cqkc=,20,33
2023-01-06,xIqe+QQIQXQ=,t+kFcRdzL6o=,/M8gHzjxpNU=,xIqe+QQIQXQ=-t+kFcRdzL6o=,A4tgQv5cqkc=,20,33
2023-01-06,xIqe+QQIQXQ=,t+kFcRdzL6o=,/M8gHzjxpNU=,t+kFcRdzL6o=-/M8gHzjxpNU=,A4tgQv5cqkc=,19,30
2023-01-06,xIqe+QQIQXQ=,t+kFcRdzL6o=,/M8gHzjxpNU=,xIqe+QQIQXQ=-/M8gHzjxpNU=,A4tgQv5cqkc=,19,33
2023-01-06,xIqe+QQIQXQ=,t+kFcRdzL6o=,/M8gHzjxpNU=,xIqe+QQIQXQ=-t+kFcRdzL6o=,A4tgQv5cqkc=,19,33
2023-01-06,xIqe+QQIQXQ=,t+kFcRdzL6o=,/M8gHzjxpNU=,t+kFcRdzL6o=-/M8gHzjxpNU=,A4tgQv5cqkc=,18,30
2023-01-06,xIqe+QQIQXQ=,t+kFcRdzL6o=,/M8gHzjxpNU=,xIqe+QQIQXQ=-/M8gHzjxpNU=,A4tgQv5cqkc=,18,33
2023-01-06,xIqe+QQIQXQ=,t+kFcRdzL6o=,/M8gHzjxpNU=,xIqe+QQIQXQ=-t+kFcRdzL6o=,A4tgQv5cqkc=,18,33
2023-01-06,xIqe+QQIQXQ=,t+kFcRdzL6o=,/M8gHzjxpNU=,t+kFcRdzL6o=-/M8gHzjxpNU=,A4tgQv5cqkc=,17,33
2023-01-06,xIqe+QQIQXQ=,t+kFcRdzL6o=,/M8gHzjxpNU=,xIqe+QQIQXQ=-/M8gHzjxpNU=,A4tgQv5cqkc=,17,37
2023-01-06,xIqe+QQIQXQ=,t+kFcRdzL6o=,/M8gHzjxpNU=,xIqe+QQIQXQ=-t+kFcRdzL6o=,A4tgQv5cqkc=,17,37
2023-01-06,xIqe+QQIQXQ=,t+kFcRdzL6o=,/M8gHzjxpNU=,t+kFcRdzL6o=-/M8gHzjxpNU=,A4tgQv5cqkc=,16,33
2023-01-06,xIqe+QQIQXQ=,t+kFcRdzL6o=,/M8gHzjxpNU=,xIqe+QQIQXQ=-/M8gHzjxpNU=,A4tgQv5cqkc=,16,37
2023-01-06,xIqe+QQIQXQ=,t+kFcRdzL6o=,/M8gHzjxpNU=,xIqe+QQIQXQ=-t+kFcRdzL6o=,A4tgQv5cqkc=,16,37
2023-01-06,xIqe+QQIQXQ=,t+kFcRdzL6o=,/M8gHzjxpNU=,t+kFcRdzL6o=-/M8gHzjxpNU=,A4tgQv5cqkc=,15,34
2023-01-06,xIqe+QQIQXQ=,t+kFcRdzL6o=,/M8gHzjxpNU=,xIqe+QQIQXQ=-/M8gHzjxpNU=,A4tgQv5cqkc=,15,37
2023-01-06,xIqe+QQIQXQ=,t+kFcRdzL6o=,/M8gHzjxpNU=,xIqe+QQIQXQ=-t+kFcRdzL6o=,A4tgQv5cqkc=,15,37
2023-01-06,xIqe+QQIQXQ=,t+kFcRdzL6o=,/M8gHzjxpNU=,t+kFcRdzL6o=-/M8gHzjxpNU=,A4tgQv5cqkc=,14,33
2023-01-06,xIqe+QQIQXQ=,t+kFcRdzL6o=,/M8gHzjxpNU=,xIqe+QQIQXQ=-/M8gHzjxpNU=,A4tgQv5cqkc=,14,36
2023-01-06,xIqe+QQIQXQ=,t+kFcRdzL6o=,/M8gHzjxpNU=,xIqe+QQIQXQ=-t+kFcRdzL6o=,A4tgQv5cqkc=,14,36
2023-01-06,xIqe+QQIQXQ=,t+kFcRdzL6o=,/M8gHzjxpNU=,t+kFcRdzL6o=-/M8gHzjxpNU=,A4tgQv5cqkc=,13,33
2023-01-06,xIqe+QQIQXQ=,t+kFcRdzL6o=,/M8gHzjxpNU=,xIqe+QQIQXQ=-/M8gHzjxpNU=,A4tgQv5cqkc=,13,36
2023-01-06,xIqe+QQIQXQ=,t+kFcRdzL6o=,/M8gHzjxpNU=,xIqe+QQIQXQ=-t+kFcRdzL6o=,A4tgQv5cqkc=,13,36
2023-01-06,xIqe+QQIQXQ=,t+kFcRdzL6o=,/M8gHzjxpNU=,t+kFcRdzL6o=-/M8gHzjxpNU=,A4tgQv5cqkc=,12,36
2023-01-06,xIqe+QQIQXQ=,t+kFcRdzL6o=,/M8gHzjxpNU=,xIqe+QQIQXQ=-/M8gHzjxpNU=,A4tgQv5cqkc=,12,39
2023-01-06,xIqe+QQIQXQ=,t+kFcRdzL6o=,/M8gHzjxpNU=,xIqe+QQIQXQ=-t+kFcRdzL6o=,A4tgQv5cqkc=,12,39
2023-01-06,xIqe+QQIQXQ=,t+kFcRdzL6o=,/M8gHzjxpNU=,t+kFcRdzL6o=-/M8gHzjxpNU=,A4tgQv5cqkc=,11,36
2023-01-06,xIqe+QQIQXQ=,t+kFcRdzL6o=,/M8gHzjxpNU=,xIqe+QQIQXQ=-/M8gHzjxpNU=,A4tgQv5cqkc=,11,39
2023-01-06,xIqe+QQIQXQ=,t+kFcRdzL6o=,/M8gHzjxpNU=,xIqe+QQIQXQ=-t+kFcRdzL6o=,A4tgQv5cqkc=,11,39
2023-01-06,xIqe+QQIQXQ=,t+kFcRdzL6o=,/M8gHzjxpNU=,t+kFcRdzL6o=-/M8gHzjxpNU=,A4tgQv5cqkc=,10,38
2023-01-06,xIqe+QQIQXQ=,t+kFcRdzL6o=,/M8gHzjxpNU=,xIqe+QQIQXQ=-/M8gHzjxpNU=,A4tgQv5cqkc=,10,41
2023-01-06,xIqe+QQIQXQ=,t+kFcRdzL6o=,/M8gHzjxpNU=,xIqe+QQIQXQ=-t+kFcRdzL6o=,A4tgQv5cqkc=,10,41
2023-01-06,xIqe+QQIQXQ=,t+kFcRdzL6o=,/M8gHzjxpNU=,t+kFcRdzL6o=-/M8gHzjxpNU=,A4tgQv5cqkc=,9,39
2023-01-06,xIqe+QQIQXQ=,t+kFcRdzL6o=,/M8gHzjxpNU=,xIqe+QQIQXQ=-/M8gHzjxpNU=,A4tgQv5cqkc=,9,42
2023-01-06,xIqe+QQIQXQ=,t+kFcRdzL6o=,/M8gHzjxpNU=,xIqe+QQIQXQ=-t+kFcRdzL6o=,A4tgQv5cqkc=,9,42
2023-01-06,xIqe+QQIQXQ=,t+kFcRdzL6o=,/M8gHzjxpNU=,t+kFcRdzL6o=-/M8gHzjxpNU=,A4tgQv5cqkc=,8,41
2023-01-06,xIqe+QQIQXQ=,t+kFcRdzL6o=,/M8gHzjxpNU=,xIqe+QQIQXQ=-/M8gHzjxpNU=,A4tgQv5cqkc=,8,44
2023-01-06,xIqe+QQIQXQ=,t+kFcRdzL6o=,/M8gHzjxpNU=,xIqe+QQIQXQ=-t+kFcRdzL6o=,A4tgQv5cqkc=,8,44
2023-01-06,xIqe+QQIQXQ=,t+kFcRdzL6o=,/M8gHzjxpNU=,t+kFcRdzL6o=-/M8gHzjxpNU=,A4tgQv5cqkc=,7,47
2023-01-06,xIqe+QQIQXQ=,t+kFcRdzL6o=,/M8gHzjxpNU=,xIqe+QQIQXQ=-/M8gHzjxpNU=,A4tgQv5cqkc=,7,50
2023-01-06,xIqe+QQIQXQ=,t+kFcRdzL6o=,/M8gHzjxpNU=,xIqe+QQIQXQ=-t+kFcRdzL6o=,A4tgQv5cqkc=,7,50
2023-01-06,xIqe+QQIQXQ=,t+kFcRdzL6o=,/M8gHzjxpNU=,t+kFcRdzL6o=-/M8gHzjxpNU=,A4tgQv5cqkc=,6,54
2023-01-06,xIqe+QQIQXQ=,t+kFcRdzL6o=,/M8gHzjxpNU=,xIqe+QQIQXQ=-/M8gHzjxpNU=,A4tgQv5cqkc=,6,57
2023-01-06,xIqe+QQIQXQ=,t+kFcRdzL6o=,/M8gHzjxpNU=,xIqe+QQIQXQ=-t+kFcRdzL6o=,A4tgQv5cqkc=,6,57
2023-01-06,xIqe+QQIQXQ=,t+kFcRdzL6o=,/M8gHzjxpNU=,t+kFcRdzL6o=-/M8gHzjxpNU=,A4tgQv5cqkc=,5,55
2023-01-06,xIqe+QQIQXQ=,t+kFcRdzL6o=,/M8gHzjxpNU=,xIqe+QQIQXQ=-/M8gHzjxpNU=,A4tgQv5cqkc=,5,58
2023-01-06,xIqe+QQIQXQ=,t+kFcRdzL6o=,/M8gHzjxpNU=,xIqe+QQIQXQ=-t+kFcRdzL6o=,A4tgQv5cqkc=,5,58
2023-01-06,xIqe+QQIQXQ=,t+kFcRdzL6o=,/M8gHzjxpNU=,t+kFcRdzL6o=-/M8gHzjxpNU=,A4tgQv5cqkc=,4,59
2023-01-06,xIqe+QQIQXQ=,t+kFcRdzL6o=,/M8gHzjxpNU=,xIqe+QQIQXQ=-/M8gHzjxpNU=,A4tgQv5cqkc=,4,61
2023-01-06,xIqe+QQIQXQ=,t+kFcRdzL6o=,/M8gHzjxpNU=,xIqe+QQIQXQ=-t+kFcRdzL6o=,A4tgQv5cqkc=,4,61
2023-01-06,xIqe+QQIQXQ=,t+kFcRdzL6o=,/M8gHzjxpNU=,t+kFcRdzL6o=-/M8gHzjxpNU=,A4tgQv5cqkc=,3,72
2023-01-06,xIqe+QQIQXQ=,t+kFcRdzL6o=,/M8gHzjxpNU=,xIqe+QQIQXQ=-/M8gHzjxpNU=,A4tgQv5cqkc=,3,74
2023-01-06,xIqe+QQIQXQ=,t+kFcRdzL6o=,/M8gHzjxpNU=,xIqe+QQIQXQ=-t+kFcRdzL6o=,A4tgQv5cqkc=,3,74
2023-01-06,xIqe+QQIQXQ=,t+kFcRdzL6o=,/M8gHzjxpNU=,t+kFcRdzL6o=-/M8gHzjxpNU=,A4tgQv5cqkc=,2,79
2023-01-06,xIqe+QQIQXQ=,t+kFcRdzL6o=,/M8gHzjxpNU=,xIqe+QQIQXQ=-/M8gHzjxpNU=,A4tgQv5cqkc=,2,81
2023-01-06,xIqe+QQIQXQ=,t+kFcRdzL6o=,/M8gHzjxpNU=,xIqe+QQIQXQ=-t+kFcRdzL6o=,A4tgQv5cqkc=,2,81
2023-01-06,xIqe+QQIQXQ=,t+kFcRdzL6o=,/M8gHzjxpNU=,t+kFcRdzL6o=-/M8gHzjxpNU=,A4tgQv5cqkc=,1,80
2023-01-06,xIqe+QQIQXQ=,t+kFcRdzL6o=,/M8gHzjxpNU=,xIqe+QQIQXQ=-/M8gHzjxpNU=,A4tgQv5cqkc=,1,82
2023-01-06,xIqe+QQIQXQ=,t+kFcRdzL6o=,/M8gHzjxpNU=,xIqe+QQIQXQ=-t+kFcRdzL6o=,A4tgQv5cqkc=,1,82
2023-01-06,xIqe+QQIQXQ=,t+kFcRdzL6o=,/M8gHzjxpNU=,t+kFcRdzL6o=-/M8gHzjxpNU=,A4tgQv5cqkc=,0,100
2023-01-06,xIqe+QQIQXQ=,t+kFcRdzL6o=,/M8gHzjxpNU=,xIqe+QQIQXQ=-/M8gHzjxpNU=,A4tgQv5cqkc=,0,98
2023-01-06,xIqe+QQIQXQ=,t+kFcRdzL6o=,/M8gHzjxpNU=,xIqe+QQIQXQ=-t+kFcRdzL6o=,A4tgQv5cqkc=,0,98
2023-01-06,xIqe+QQIQXQ=,t+kFcRdzL6o=,/M8gHzjxpNU=,t+kFcRdzL6o=-/M8gHzjxpNU=,A4tgQv5cqkc=,-1,100
2023-01-06,xIqe+QQIQXQ=,t+kFcRdzL6o=,/M8gHzjxpNU=,xIqe+QQIQXQ=-/M8gHzjxpNU=,A4tgQv5cqkc=,-1,98
2023-01-06,xIqe+QQIQXQ=,t+kFcRdzL6o=,/M8gHzjxpNU=,xIqe+QQIQXQ=-t+kFcRdzL6o=,A4tgQv5cqkc=,-1,98
2023-01-08,xIqe+QQIQXQ=,t+kFcRdzL6o=,/M8gHzjxpNU=,t+kFcRdzL6o=-/M8gHzjxpNU=,A4tgQv5cqkc=,29,3
2023-01-08,xIqe+QQIQXQ=,t+kFcRdzL6o=,/M8gHzjxpNU=,xIqe+QQIQXQ=-/M8gHzjxpNU=,A4tgQv5cqkc=,29,3
2023-01-08,xIqe+QQIQXQ=,t+kFcRdzL6o=,/M8gHzjxpNU=,xIqe+QQIQXQ=-t+kFcRdzL6o=,A4tgQv5cqkc=,29,3
2023-01-08,xIqe+QQIQXQ=,t+kFcRdzL6o=,/M8gHzjxpNU=,t+kFcRdzL6o=-/M8gHzjxpNU=,A4tgQv5cqkc=,28,13
2023-01-08,xIqe+QQIQXQ=,t+kFcRdzL6o=,/M8gHzjxpNU=,xIqe+QQIQXQ=-/M8gHzjxpNU=,A4tgQv5cqkc=,28,13
2023-01-08,xIqe+QQIQXQ=,t+kFcRdzL6o=,/M8gHzjxpNU=,xIqe+QQIQXQ=-t+kFcRdzL6o=,A4tgQv5cqkc=,28,13
2023-01-08,xIqe+QQIQXQ=,t+kFcRdzL6o=,/M8gHzjxpNU=,t+kFcRdzL6o=-/M8gHzjxpNU=,A4tgQv5cqkc=,27,13
2023-01-08,xIqe+QQIQXQ=,t+kFcRdzL6o=,/M8gHzjxpNU=,xIqe+QQIQXQ=-/M8gHzjxpNU=,A4tgQv5cqkc=,27,13
2023-01-08,xIqe+QQIQXQ=,t+kFcRdzL6o=,/M8gHzjxpNU=,xIqe+QQIQXQ=-t+kFcRdzL6o=,A4tgQv5cqkc=,27,13
2023-01-08,xIqe+QQIQXQ=,t+kFcRdzL6o=,/M8gHzjxpNU=,t+kFcRdzL6o=-/M8gHzjxpNU=,A4tgQv5cqkc=,26,13
2023-01-08,xIqe+QQIQXQ=,t+kFcRdzL6o=,/M8gHzjxpNU=,xIqe+QQIQXQ=-/M8gHzjxpNU=,A4tgQv5cqkc=,26,13
2023-01-08,xIqe+QQIQXQ=,t+kFcRdzL6o=,/M8gHzjxpNU=,xIqe+QQIQXQ=-t+kFcRdzL6o=,A4tgQv5cqkc=,26,13
2023-01-08,xIqe+QQIQXQ=,t+kFcRdzL6o=,/M8gHzjxpNU=,t+kFcRdzL6o=-/M8gHzjxpNU=,A4tgQv5cqkc=,25,15
2023-01-08,xIqe+QQIQXQ=,t+kFcRdzL6o=,/M8gHzjxpNU=,xIqe+QQIQXQ=-/M8gHzjxpNU=,A4tgQv5cqkc=,25,15
2023-01-08,xIqe+QQIQXQ=,t+kFcRdzL6o=,/M8gHzjxpNU=,xIqe+QQIQXQ=-t+kFcRdzL6o=,A4tgQv5cqkc=,25,15
2023-01-08,xIqe+QQIQXQ=,t+kFcRdzL6o=,/M8gHzjxpNU=,t+kFcRdzL6o=-/M8gHzjxpNU=,A4tgQv5cqkc=,24,15
2023-01-08,xIqe+QQIQXQ=,t+kFcRdzL6o=,/M8gHzjxpNU=,xIqe+QQIQXQ=-/M8gHzjxpNU=,A4tgQv5cqkc=,24,15
2023-01-08,xIqe+QQIQXQ=,t+kFcRdzL6o=,/M8gHzjxpNU=,xIqe+QQIQXQ=-t+kFcRdzL6o=,A4tgQv5cqkc=,24,15
2023-01-08,xIqe+QQIQXQ=,t+kFcRdzL6o=,/M8gHzjxpNU=,t+kFcRdzL6o=-/M8gHzjxpNU=,A4tgQv5cqkc=,23,17
2023-01-08,xIqe+QQIQXQ=,t+kFcRdzL6o=,/M8gHzjxpNU=,xIqe+QQIQXQ=-/M8gHzjxpNU=,A4tgQv5cqkc=,23,17
2023-01-08,xIqe+QQIQXQ=,t+kFcRdzL6o=,/M8gHzjxpNU=,xIqe+QQIQXQ=-t+kFcRdzL6o=,A4tgQv5cqkc=,23,17
2023-01-08,xIqe+QQIQXQ=,t+kFcRdzL6o=,/M8gHzjxpNU=,t+kFcRdzL6o=-/M8gHzjxpNU=,A4tgQv5cqkc=,22,18
2023-01-08,xIqe+QQIQXQ=,t+kFcRdzL6o=,/M8gHzjxpNU=,xIqe+QQIQXQ=-/M8gHzjxpNU=,A4tgQv5cqkc=,22,18
2023-01-08,xIqe+QQIQXQ=,t+kFcRdzL6o=,/M8gHzjxpNU=,xIqe+QQIQXQ=-t+kFcRdzL6o=,A4tgQv5cqkc=,22,18
2023-01-08,xIqe+QQIQXQ=,t+kFcRdzL6o=,/M8gHzjxpNU=,t+kFcRdzL6o=-/M8gHzjxpNU=,A4tgQv5cqkc=,21,18
2023-01-08,xIqe+QQIQXQ=,t+kFcRdzL6o=,/M8gHzjxpNU=,xIqe+QQIQXQ=-/M8gHzjxpNU=,A4tgQv5cqkc=,21,18
2023-01-08,xIqe+QQIQXQ=,t+kFcRdzL6o=,/M8gHzjxpNU=,xIqe+QQIQXQ=-t+kFcRdzL6o=,A4tgQv5cqkc=,21,18
2023-01-08,xIqe+QQIQXQ=,t+kFcRdzL6o=,/M8gHzjxpNU=,t+kFcRdzL6o=-/M8gHzjxpNU=,A4tgQv5cqkc=,20,19
2023-01-08,xIqe+QQIQXQ=,t+kFcRdzL6o=,/M8gHzjxpNU=,xIqe+QQIQXQ=-/M8gHzjxpNU=,A4tgQv5cqkc=,20,19
2023-01-08,xIqe+QQIQXQ=,t+kFcRdzL6o=,/M8gHzjxpNU=,xIqe+QQIQXQ=-t+kFcRdzL6o=,A4tgQv5cqkc=,20,19
2023-01-08,xIqe+QQIQXQ=,t+kFcRdzL6o=,/M8gHzjxpNU=,t+kFcRdzL6o=-/M8gHzjxpNU=,A4tgQv5cqkc=,19,19
2023-01-08,xIqe+QQIQXQ=,t+kFcRdzL6o=,/M8gHzjxpNU=,xIqe+QQIQXQ=-/M8gHzjxpNU=,A4tgQv5cqkc=,19,19
2023-01-08,xIqe+QQIQXQ=,t+kFcRdzL6o=,/M8gHzjxpNU=,xIqe+QQIQXQ=-t+kFcRdzL6o=,A4tgQv5cqkc=,19,19
2023-01-08,xIqe+QQIQXQ=,t+kFcRdzL6o=,/M8gHzjxpNU=,t+kFcRdzL6o=-/M8gHzjxpNU=,A4tgQv5cqkc=,18,19
2023-01-08,xIqe+QQIQXQ=,t+kFcRdzL6o=,/M8gHzjxpNU=,xIqe+QQIQXQ=-/M8gHzjxpNU=,A4tgQv5cqkc=,18,19
2023-01-08,xIqe+QQIQXQ=,t+kFcRdzL6o=,/M8gHzjxpNU=,xIqe+QQIQXQ=-t+kFcRdzL6o=,A4tgQv5cqkc=,18,19
2023-01-08,xIqe+QQIQXQ=,t+kFcRdzL6o=,/M8gHzjxpNU=,t+kFcRdzL6o=-/M8gHzjxpNU=,A4tgQv5cqkc=,17,19
2023-01-08,xIqe+QQIQXQ=,t+kFcRdzL6o=,/M8gHzjxpNU=,xIqe+QQIQXQ=-/M8gHzjxpNU=,A4tgQv5cqkc=,17,19
2023-01-08,xIqe+QQIQXQ=,t+kFcRdzL6o=,/M8gHzjxpNU=,xIqe+QQIQXQ=-t+kFcRdzL6o=,A4tgQv5cqkc=,17,19
2023-01-08,xIqe+QQIQXQ=,t+kFcRdzL6o=,/M8gHzjxpNU=,t+kFcRdzL6o=-/M8gHzjxpNU=,A4tgQv5cqkc=,16,20
2023-01-08,xIqe+QQIQXQ=,t+kFcRdzL6o=,/M8gHzjxpNU=,xIqe+QQIQXQ=-/M8gHzjxpNU=,A4tgQv5cqkc=,16,20
2023-01-08,xIqe+QQIQXQ=,t+kFcRdzL6o=,/M8gHzjxpNU=,xIqe+QQIQXQ=-t+kFcRdzL6o=,A4tgQv5cqkc=,16,20
2023-01-08,xIqe+QQIQXQ=,t+kFcRdzL6o=,/M8gHzjxpNU=,t+kFcRdzL6o=-/M8gHzjxpNU=,A4tgQv5cqkc=,15,21
2023-01-08,xIqe+QQIQXQ=,t+kFcRdzL6o=,/M8gHzjxpNU=,xIqe+QQIQXQ=-/M8gHzjxpNU=,A4tgQv5cqkc=,15,22
2023-01-08,xIqe+QQIQXQ=,t+kFcRdzL6o=,/M8gHzjxpNU=,xIqe+QQIQXQ=-t+kFcRdzL6o=,A4tgQv5cqkc=,15,22
2023-01-08,xIqe+QQIQXQ=,t+kFcRdzL6o=,/M8gHzjxpNU=,t+kFcRdzL6o=-/M8gHzjxpNU=,A4tgQv5cqkc=,14,22
2023-01-08,xIqe+QQIQXQ=,t+kFcRdzL6o=,/M8gHzjxpNU=,xIqe+QQIQXQ=-/M8gHzjxpNU=,A4tgQv5cqkc=,14,22
2023-01-08,xIqe+QQIQXQ=,t+kFcRdzL6o=,/M8gHzjxpNU=,xIqe+QQIQXQ=-t+kFcRdzL6o=,A4tgQv5cqkc=,14,22
2023-01-08,xIqe+QQIQXQ=,t+kFcRdzL6o=,/M8gHzjxpNU=,t+kFcRdzL6o=-/M8gHzjxpNU=,A4tgQv5cqkc=,13,26
2023-01-08,xIqe+QQIQXQ=,t+kFcRdzL6o=,/M8gHzjxpNU=,xIqe+QQIQXQ=-/M8gHzjxpNU=,A4tgQv5cqkc=,13,25
2023-01-08,xIqe+QQIQXQ=,t+kFcRdzL6o=,/M8gHzjxpNU=,xIqe+QQIQXQ=-t+kFcRdzL6o=,A4tgQv5cqkc=,13,25
2023-01-08,xIqe+QQIQXQ=,t+kFcRdzL6o=,/M8gHzjxpNU=,t+kFcRdzL6o=-/M8gHzjxpNU=,A4tgQv5cqkc=,12,29
2023-01-08,xIqe+QQIQXQ=,t+kFcRdzL6o=,/M8gHzjxpNU=,xIqe+QQIQXQ=-/M8gHzjxpNU=,A4tgQv5cqkc=,12,26
2023-01-08,xIqe+QQIQXQ=,t+kFcRdzL6o=,/M8gHzjxpNU=,xIqe+QQIQXQ=-t+kFcRdzL6o=,A4tgQv5cqkc=,12,26
2023-01-08,xIqe+QQIQXQ=,t+kFcRdzL6o=,/M8gHzjxpNU=,t+kFcRdzL6o=-/M8gHzjxpNU=,A4tgQv5cqkc=,11,32
2023-01-08,xIqe+QQIQXQ=,t+kFcRdzL6o=,/M8gHzjxpNU=,xIqe+QQIQXQ=-/M8gHzjxpNU=,A4tgQv5cqkc=,11,29
2023-01-08,xIqe+QQIQXQ=,t+kFcRdzL6o=,/M8gHzjxpNU=,xIqe+QQIQXQ=-t+kFcRdzL6o=,A4tgQv5cqkc=,11,29
2023-01-08,xIqe+QQIQXQ=,t+kFcRdzL6o=,/M8gHzjxpNU=,t+kFcRdzL6o=-/M8gHzjxpNU=,A4tgQv5cqkc=,10,35
2023-01-08,xIqe+QQIQXQ=,t+kFcRdzL6o=,/M8gHzjxpNU=,xIqe+QQIQXQ=-/M8gHzjxpNU=,A4tgQv5cqkc=,10,33
2023-01-08,xIqe+QQIQXQ=,t+kFcRdzL6o=,/M8gHzjxpNU=,xIqe+QQIQXQ=-t+kFcRdzL6o=,A4tgQv5cqkc=,10,33
2023-01-08,xIqe+QQIQXQ=,t+kFcRdzL6o=,/M8gHzjxpNU=,t+kFcRdzL6o=-/M8gHzjxpNU=,A4tgQv5cqkc=,9,40
2023-01-08,xIqe+QQIQXQ=,t+kFcRdzL6o=,/M8gHzjxpNU=,xIqe+QQIQXQ=-/M8gHzjxpNU=,A4tgQv5cqkc=,9,39
2023-01-08,xIqe+QQIQXQ=,t+kFcRdzL6o=,/M8gHzjxpNU=,xIqe+QQIQXQ=-t+kFcRdzL6o=,A4tgQv5cqkc=,9,39
2023-01-08,xIqe+QQIQXQ=,t+kFcRdzL6o=,/M8gHzjxpNU=,t+kFcRdzL6o=-/M8gHzjxpNU=,A4tgQv5cqkc=,8,45
2023-01-08,xIqe+QQIQXQ=,t+kFcRdzL6o=,/M8gHzjxpNU=,xIqe+QQIQXQ=-/M8gHzjxpNU=,A4tgQv5cqkc=,8,44
2023-01-08,xIqe+QQIQXQ=,t+kFcRdzL6o=,/M8gHzjxpNU=,xIqe+QQIQXQ=-t+kFcRdzL6o=,A4tgQv5cqkc=,8,44
2023-01-08,xIqe+QQIQXQ=,t+kFcRdzL6o=,/M8gHzjxpNU=,t+kFcRdzL6o=-/M8gHzjxpNU=,A4tgQv5cqkc=,7,48
2023-01-08,xIqe+QQIQXQ=,t+kFcRdzL6o=,/M8gHzjxpNU=,xIqe+QQIQXQ=-/M8gHzjxpNU=,A4tgQv5cqkc=,7,45
2023-01-08,xIqe+QQIQXQ=,t+kFcRdzL6o=,/M8gHzjxpNU=,xIqe+QQIQXQ=-t+kFcRdzL6o=,A4tgQv5cqkc=,7,45
2023-01-08,xIqe+QQIQXQ=,t+kFcRdzL6o=,/M8gHzjxpNU=,t+kFcRdzL6o=-/M8gHzjxpNU=,A4tgQv5cqkc=,6,51
2023-01-08,xIqe+QQIQXQ=,t+kFcRdzL6o=,/M8gHzjxpNU=,xIqe+QQIQXQ=-/M8gHzjxpNU=,A4tgQv5cqkc=,6,50
2023-01-08,xIqe+QQIQXQ=,t+kFcRdzL6o=,/M8gHzjxpNU=,xIqe+QQIQXQ=-t+kFcRdzL6o=,A4tgQv5cqkc=,6,50
2023-01-08,xIqe+QQIQXQ=,t+kFcRdzL6o=,/M8gHzjxpNU=,t+kFcRdzL6o=-/M8gHzjxpNU=,A4tgQv5cqkc=,5,70
2023-01-08,xIqe+QQIQXQ=,t+kFcRdzL6o=,/M8gHzjxpNU=,xIqe+QQIQXQ=-/M8gHzjxpNU=,A4tgQv5cqkc=,5,70
2023-01-08,xIqe+QQIQXQ=,t+kFcRdzL6o=,/M8gHzjxpNU=,xIqe+QQIQXQ=-t+kFcRdzL6o=,A4tgQv5cqkc=,5,70
2023-01-08,xIqe+QQIQXQ=,t+kFcRdzL6o=,/M8gHzjxpNU=,t+kFcRdzL6o=-/M8gHzjxpNU=,A4tgQv5cqkc=,4,80
2023-01-08,xIqe+QQIQXQ=,t+kFcRdzL6o=,/M8gHzjxpNU=,xIqe+QQIQXQ=-/M8gHzjxpNU=,A4tgQv5cqkc=,4,79
2023-01-08,xIqe+QQIQXQ=,t+kFcRdzL6o=,/M8gHzjxpNU=,xIqe+QQIQXQ=-t+kFcRdzL6o=,A4tgQv5cqkc=,4,79
2023-01-08,xIqe+QQIQXQ=,t+kFcRdzL6o=,/M8gHzjxpNU=,t+kFcRdzL6o=-/M8gHzjxpNU=,A4tgQv5cqkc=,3,82
2023-01-08,xIqe+QQIQXQ=,t+kFcRdzL6o=,/M8gHzjxpNU=,xIqe+QQIQXQ=-/M8gHzjxpNU=,A4tgQv5cqkc=,3,82
2023-01-08,xIqe+QQIQXQ=,t+kFcRdzL6o=,/M8gHzjxpNU=,xIqe+QQIQXQ=-t+kFcRdzL6o=,A4tgQv5cqkc=,3,82
2023-01-08,xIqe+QQIQXQ=,t+kFcRdzL6o=,/M8gHzjxpNU=,t+kFcRdzL6o=-/M8gHzjxpNU=,A4tgQv5cqkc=,2,92
2023-01-08,xIqe+QQIQXQ=,t+kFcRdzL6o=,/M8gHzjxpNU=,xIqe+QQIQXQ=-/M8gHzjxpNU=,A4tgQv5cqkc=,2,92
2023-01-08,xIqe+QQIQXQ=,t+kFcRdzL6o=,/M8gHzjxpNU=,xIqe+QQIQXQ=-t+kFcRdzL6o=,A4tgQv5cqkc=,2,92
2023-01-08,xIqe+QQIQXQ=,t+kFcRdzL6o=,/M8gHzjxpNU=,t+kFcRdzL6o=-/M8gHzjxpNU=,A4tgQv5cqkc=,1,111
2023-01-08,xIqe+QQIQXQ=,t+kFcRdzL6o=,/M8gHzjxpNU=,xIqe+QQIQXQ=-/M8gHzjxpNU=,A4tgQv5cqkc=,1,115
2023-01-08,xIqe+QQIQXQ=,t+kFcRdzL6o=,/M8gHzjxpNU=,xIqe+QQIQXQ=-t+kFcRdzL6o=,A4tgQv5cqkc=,1,115
2023-01-08,xIqe+QQIQXQ=,t+kFcRdzL6o=,/M8gHzjxpNU=,t+kFcRdzL6o=-/M8gHzjxpNU=,A4tgQv5cqkc=,0,125
2023-01-08,xIqe+QQIQXQ=,t+kFcRdzL6o=,/M8gHzjxpNU=,xIqe+QQIQXQ=-/M8gHzjxpNU=,A4tgQv5cqkc=,0,130
2023-01-08,xIqe+QQIQXQ=,t+kFcRdzL6o=,/M8gHzjxpNU=,xIqe+QQIQXQ=-t+kFcRdzL6o=,A4tgQv5cqkc=,0,130
2023-01-08,xIqe+QQIQXQ=,t+kFcRdzL6o=,/M8gHzjxpNU=,t+kFcRdzL6o=-/M8gHzjxpNU=,A4tgQv5cqkc=,-1,125
2023-01-08,xIqe+QQIQXQ=,t+kFcRdzL6o=,/M8gHzjxpNU=,xIqe+QQIQXQ=-/M8gHzjxpNU=,A4tgQv5cqkc=,-1,130
2023-01-08,xIqe+QQIQXQ=,t+kFcRdzL6o=,/M8gHzjxpNU=,xIqe+QQIQXQ=-t+kFcRdzL6o=,A4tgQv5cqkc=,-1,130
2023-01-09,xIqe+QQIQXQ=,t+kFcRdzL6o=,/M8gHzjxpNU=,t+kFcRdzL6o=-/M8gHzjxpNU=,A4tgQv5cqkc=,29,14
2023-01-09,xIqe+QQIQXQ=,t+kFcRdzL6o=,/M8gHzjxpNU=,xIqe+QQIQXQ=-/M8gHzjxpNU=,A4tgQv5cqkc=,29,17
2023-01-09,xIqe+QQIQXQ=,t+kFcRdzL6o=,/M8gHzjxpNU=,xIqe+QQIQXQ=-t+kFcRdzL6o=,A4tgQv5cqkc=,29,17
2023-01-09,xIqe+QQIQXQ=,t+kFcRdzL6o=,/M8gHzjxpNU=,t+kFcRdzL6o=-/M8gHzjxpNU=,A4tgQv5cqkc=,28,14
2023-01-09,xIqe+QQIQXQ=,t+kFcRdzL6o=,/M8gHzjxpNU=,xIqe+QQIQXQ=-/M8gHzjxpNU=,A4tgQv5cqkc=,28,17
2023-01-09,xIqe+QQIQXQ=,t+kFcRdzL6o=,/M8gHzjxpNU=,xIqe+QQIQXQ=-t+kFcRdzL6o=,A4tgQv5cqkc=,28,17
2023-01-09,xIqe+QQIQXQ=,t+kFcRdzL6o=,/M8gHzjxpNU=,t+kFcRdzL6o=-/M8gHzjxpNU=,A4tgQv5cqkc=,27,14
2023-01-09,xIqe+QQIQXQ=,t+kFcRdzL6o=,/M8gHzjxpNU=,xIqe+QQIQXQ=-/M8gHzjxpNU=,A4tgQv5cqkc=,27,17
2023-01-09,xIqe+QQIQXQ=,t+kFcRdzL6o=,/M8gHzjxpNU=,xIqe+QQIQXQ=-t+kFcRdzL6o=,A4tgQv5cqkc=,27,17
2023-01-09,xIqe+QQIQXQ=,t+kFcRdzL6o=,/M8gHzjxpNU=,t+kFcRdzL6o=-/M8gHzjxpNU=,A4tgQv5cqkc=,26,17
2023-01-09,xIqe+QQIQXQ=,t+kFcRdzL6o=,/M8gHzjxpNU=,xIqe+QQIQXQ=-/M8gHzjxpNU=,A4tgQv5cqkc=,26,17
2023-01-09,xIqe+QQIQXQ=,t+kFcRdzL6o=,/M8gHzjxpNU=,xIqe+QQIQXQ=-t+kFcRdzL6o=,A4tgQv5cqkc=,26,17
2023-01-09,xIqe+QQIQXQ=,t+kFcRdzL6o=,/M8gHzjxpNU=,t+kFcRdzL6o=-/M8gHzjxpNU=,A4tgQv5cqkc=,25,17
2023-01-09,xIqe+QQIQXQ=,t+kFcRdzL6o=,/M8gHzjxpNU=,xIqe+QQIQXQ=-/M8gHzjxpNU=,A4tgQv5cqkc=,25,17
2023-01-09,xIqe+QQIQXQ=,t+kFcRdzL6o=,/M8gHzjxpNU=,xIqe+QQIQXQ=-t+kFcRdzL6o=,A4tgQv5cqkc=,25,17
2023-01-09,xIqe+QQIQXQ=,t+kFcRdzL6o=,/M8gHzjxpNU=,t+kFcRdzL6o=-/M8gHzjxpNU=,A4tgQv5cqkc=,24,17
2023-01-09,xIqe+QQIQXQ=,t+kFcRdzL6o=,/M8gHzjxpNU=,xIqe+QQIQXQ=-/M8gHzjxpNU=,A4tgQv5cqkc=,24,18
2023-01-09,xIqe+QQIQXQ=,t+kFcRdzL6o=,/M8gHzjxpNU=,xIqe+QQIQXQ=-t+kFcRdzL6o=,A4tgQv5cqkc=,24,18
2023-01-09,xIqe+QQIQXQ=,t+kFcRdzL6o=,/M8gHzjxpNU=,t+kFcRdzL6o=-/M8gHzjxpNU=,A4tgQv5cqkc=,23,17
2023-01-09,xIqe+QQIQXQ=,t+kFcRdzL6o=,/M8gHzjxpNU=,xIqe+QQIQXQ=-/M8gHzjxpNU=,A4tgQv5cqkc=,23,19
2023-01-09,xIqe+QQIQXQ=,t+kFcRdzL6o=,/M8gHzjxpNU=,xIqe+QQIQXQ=-t+kFcRdzL6o=,A4tgQv5cqkc=,23,19
2023-01-09,xIqe+QQIQXQ=,t+kFcRdzL6o=,/M8gHzjxpNU=,t+kFcRdzL6o=-/M8gHzjxpNU=,A4tgQv5cqkc=,22,19
2023-01-09,xIqe+QQIQXQ=,t+kFcRdzL6o=,/M8gHzjxpNU=,xIqe+QQIQXQ=-/M8gHzjxpNU=,A4tgQv5cqkc=,22,23
2023-01-09,xIqe+QQIQXQ=,t+kFcRdzL6o=,/M8gHzjxpNU=,xIqe+QQIQXQ=-t+kFcRdzL6o=,A4tgQv5cqkc=,22,23
2023-01-09,xIqe+QQIQXQ=,t+kFcRdzL6o=,/M8gHzjxpNU=,t+kFcRdzL6o=-/M8gHzjxpNU=,A4tgQv5cqkc=,21,21
2023-01-09,xIqe+QQIQXQ=,t+kFcRdzL6o=,/M8gHzjxpNU=,xIqe+QQIQXQ=-/M8gHzjxpNU=,A4tgQv5cqkc=,21,23
2023-01-09,xIqe+QQIQXQ=,t+kFcRdzL6o=,/M8gHzjxpNU=,xIqe+QQIQXQ=-t+kFcRdzL6o=,A4tgQv5cqkc=,21,23
2023-01-09,xIqe+QQIQXQ=,t+kFcRdzL6o=,/M8gHzjxpNU=,t+kFcRdzL6o=-/M8gHzjxpNU=,A4tgQv5cqkc=,20,25
2023-01-09,xIqe+QQIQXQ=,t+kFcRdzL6o=,/M8gHzjxpNU=,xIqe+QQIQXQ=-/M8gHzjxpNU=,A4tgQv5cqkc=,20,25
2023-01-09,xIqe+QQIQXQ=,t+kFcRdzL6o=,/M8gHzjxpNU=,xIqe+QQIQXQ=-t+kFcRdzL6o=,A4tgQv5cqkc=,20,25
2023-01-09,xIqe+QQIQXQ=,t+kFcRdzL6o=,/M8gHzjxpNU=,t+kFcRdzL6o=-/M8gHzjxpNU=,A4tgQv5cqkc=,19,25
2023-01-09,xIqe+QQIQXQ=,t+kFcRdzL6o=,/M8gHzjxpNU=,xIqe+QQIQXQ=-/M8gHzjxpNU=,A4tgQv5cqkc=,19,25
2023-01-09,xIqe+QQIQXQ=,t+kFcRdzL6o=,/M8gHzjxpNU=,xIqe+QQIQXQ=-t+kFcRdzL6o=,A4tgQv5cqkc=,19,25
2023-01-09,xIqe+QQIQXQ=,t+kFcRdzL6o=,/M8gHzjxpNU=,t+kFcRdzL6o=-/M8gHzjxpNU=,A4tgQv5cqkc=,18,26
2023-01-09,xIqe+QQIQXQ=,t+kFcRdzL6o=,/M8gHzjxpNU=,xIqe+QQIQXQ=-/M8gHzjxpNU=,A4tgQv5cqkc=,18,26
2023-01-09,xIqe+QQIQXQ=,t+kFcRdzL6o=,/M8gHzjxpNU=,xIqe+QQIQXQ=-t+kFcRdzL6o=,A4tgQv5cqkc=,18,26
2023-01-09,xIqe+QQIQXQ=,t+kFcRdzL6o=,/M8gHzjxpNU=,t+kFcRdzL6o=-/M8gHzjxpNU=,A4tgQv5cqkc=,17,27
2023-01-09,xIqe+QQIQXQ=,t+kFcRdzL6o=,/M8gHzjxpNU=,xIqe+QQIQXQ=-/M8gHzjxpNU=,A4tgQv5cqkc=,17,27
2023-01-09,xIqe+QQIQXQ=,t+kFcRdzL6o=,/M8gHzjxpNU=,xIqe+QQIQXQ=-t+kFcRdzL6o=,A4tgQv5cqkc=,17,27
2023-01-09,xIqe+QQIQXQ=,t+kFcRdzL6o=,/M8gHzjxpNU=,t+kFcRdzL6o=-/M8gHzjxpNU=,A4tgQv5cqkc=,16,31
2023-01-09,xIqe+QQIQXQ=,t+kFcRdzL6o=,/M8gHzjxpNU=,xIqe+QQIQXQ=-/M8gHzjxpNU=,A4tgQv5cqkc=,16,31
2023-01-09,xIqe+QQIQXQ=,t+kFcRdzL6o=,/M8gHzjxpNU=,xIqe+QQIQXQ=-t+kFcRdzL6o=,A4tgQv5cqkc=,16,31
2023-01-09,xIqe+QQIQXQ=,t+kFcRdzL6o=,/M8gHzjxpNU=,t+kFcRdzL6o=-/M8gHzjxpNU=,A4tgQv5cqkc=,15,31
2023-01-09,xIqe+QQIQXQ=,t+kFcRdzL6o=,/M8gHzjxpNU=,xIqe+QQIQXQ=-/M8gHzjxpNU=,A4tgQv5cqkc=,15,31
2023-01-09,xIqe+QQIQXQ=,t+kFcRdzL6o=,/M8gHzjxpNU=,xIqe+QQIQXQ=-t+kFcRdzL6o=,A4tgQv5cqkc=,15,31
2023-01-09,xIqe+QQIQXQ=,t+kFcRdzL6o=,/M8gHzjxpNU=,t+kFcRdzL6o=-/M8gHzjxpNU=,A4tgQv5cqkc=,14,31
2023-01-09,xIqe+QQIQXQ=,t+kFcRdzL6o=,/M8gHzjxpNU=,xIqe+QQIQXQ=-/M8gHzjxpNU=,A4tgQv5cqkc=,14,31
2023-01-09,xIqe+QQIQXQ=,t+kFcRdzL6o=,/M8gHzjxpNU=,xIqe+QQIQXQ=-t+kFcRdzL6o=,A4tgQv5cqkc=,14,31
2023-01-09,xIqe+QQIQXQ=,t+kFcRdzL6o=,/M8gHzjxpNU=,t+kFcRdzL6o=-/M8gHzjxpNU=,A4tgQv5cqkc=,13,29
2023-01-09,xIqe+QQIQXQ=,t+kFcRdzL6o=,/M8gHzjxpNU=,xIqe+QQIQXQ=-/M8gHzjxpNU=,A4tgQv5cqkc=,13,29
2023-01-09,xIqe+QQIQXQ=,t+kFcRdzL6o=,/M8gHzjxpNU=,xIqe+QQIQXQ=-t+kFcRdzL6o=,A4tgQv5cqkc=,13,29
2023-01-09,xIqe+QQIQXQ=,t+kFcRdzL6o=,/M8gHzjxpNU=,t+kFcRdzL6o=-/M8gHzjxpNU=,A4tgQv5cqkc=,12,33
2023-01-09,xIqe+QQIQXQ=,t+kFcRdzL6o=,/M8gHzjxpNU=,xIqe+QQIQXQ=-/M8gHzjxpNU=,A4tgQv5cqkc=,12,32
2023-01-09,xIqe+QQIQXQ=,t+kFcRdzL6o=,/M8gHzjxpNU=,xIqe+QQIQXQ=-t+kFcRdzL6o=,A4tgQv5cqkc=,12,32
2023-01-09,xIqe+QQIQXQ=,t+kFcRdzL6o=,/M8gHzjxpNU=,t+kFcRdzL6o=-/M8gHzjxpNU=,A4tgQv5cqkc=,11,33
2023-01-09,xIqe+QQIQXQ=,t+kFcRdzL6o=,/M8gHzjxpNU=,xIqe+QQIQXQ=-/M8gHzjxpNU=,A4tgQv5cqkc=,11,33
2023-01-09,xIqe+QQIQXQ=,t+kFcRdzL6o=,/M8gHzjxpNU=,xIqe+QQIQXQ=-t+kFcRdzL6o=,A4tgQv5cqkc=,11,33
2023-01-09,xIqe+QQIQXQ=,t+kFcRdzL6o=,/M8gHzjxpNU=,t+kFcRdzL6o=-/M8gHzjxpNU=,A4tgQv5cqkc=,10,36
2023-01-09,xIqe+QQIQXQ=,t+kFcRdzL6o=,/M8gHzjxpNU=,xIqe+QQIQXQ=-/M8gHzjxpNU=,A4tgQv5cqkc=,10,36
2023-01-09,xIqe+QQIQXQ=,t+kFcRdzL6o=,/M8gHzjxpNU=,xIqe+QQIQXQ=-t+kFcRdzL6o=,A4tgQv5cqkc=,10,36
2023-01-09,xIqe+QQIQXQ=,t+kFcRdzL6o=,/M8gHzjxpNU=,t+kFcRdzL6o=-/M8gHzjxpNU=,A4tgQv5cqkc=,9,37
2023-01-09,xIqe+QQIQXQ=,t+kFcRdzL6o=,/M8gHzjxpNU=,xIqe+QQIQXQ=-/M8gHzjxpNU=,A4tgQv5cqkc=,9,37
2023-01-09,xIqe+QQIQXQ=,t+kFcRdzL6o=,/M8gHzjxpNU=,xIqe+QQIQXQ=-t+kFcRdzL6o=,A4tgQv5cqkc=,9,37
2023-01-09,xIqe+QQIQXQ=,t+kFcRdzL6o=,/M8gHzjxpNU=,t+kFcRdzL6o=-/M8gHzjxpNU=,A4tgQv5cqkc=,8,43
2023-01-09,xIqe+QQIQXQ=,t+kFcRdzL6o=,/M8gHzjxpNU=,xIqe+QQIQXQ=-/M8gHzjxpNU=,A4tgQv5cqkc=,8,43
2023-01-09,xIqe+QQIQXQ=,t+kFcRdzL6o=,/M8gHzjxpNU=,xIqe+QQIQXQ=-t+kFcRdzL6o=,A4tgQv5cqkc=,8,43
2023-01-09,xIqe+QQIQXQ=,t+kFcRdzL6o=,/M8gHzjxpNU=,t+kFcRdzL6o=-/M8gHzjxpNU=,A4tgQv5cqkc=,7,44
2023-01-09,xIqe+QQIQXQ=,t+kFcRdzL6o=,/M8gHzjxpNU=,xIqe+QQIQXQ=-/M8gHzjxpNU=,A4tgQv5cqkc=,7,44
2023-01-09,xIqe+QQIQXQ=,t+kFcRdzL6o=,/M8gHzjxpNU=,xIqe+QQIQXQ=-t+kFcRdzL6o=,A4tgQv5cqkc=,7,44
2023-01-09,xIqe+QQIQXQ=,t+kFcRdzL6o=,/M8gHzjxpNU=,t+kFcRdzL6o=-/M8gHzjxpNU=,A4tgQv5cqkc=,6,52
2023-01-09,xIqe+QQIQXQ=,t+kFcRdzL6o=,/M8gHzjxpNU=,xIqe+QQIQXQ=-/M8gHzjxpNU=,A4tgQv5cqkc=,6,50
2023-01-09,xIqe+QQIQXQ=,t+kFcRdzL6o=,/M8gHzjxpNU=,xIqe+QQIQXQ=-t+kFcRdzL6o=,A4tgQv5cqkc=,6,50
2023-01-09,xIqe+QQIQXQ=,t+kFcRdzL6o=,/M8gHzjxpNU=,t+kFcRdzL6o=-/M8gHzjxpNU=,A4tgQv5cqkc=,5,55
2023-01-09,xIqe+QQIQXQ=,t+kFcRdzL6o=,/M8gHzjxpNU=,xIqe+QQIQXQ=-/M8gHzjxpNU=,A4tgQv5cqkc=,5,56
2023-01-09,xIqe+QQIQXQ=,t+kFcRdzL6o=,/M8gHzjxpNU=,xIqe+QQIQXQ=-t+kFcRdzL6o=,A4tgQv5cqkc=,5,56
2023-01-09,xIqe+QQIQXQ=,t+kFcRdzL6o=,/M8gHzjxpNU=,t+kFcRdzL6o=-/M8gHzjxpNU=,A4tgQv5cqkc=,4,59
2023-01-09,xIqe+QQIQXQ=,t+kFcRdzL6o=,/M8gHzjxpNU=,xIqe+QQIQXQ=-/M8gHzjxpNU=,A4tgQv5cqkc=,4,58
2023-01-09,xIqe+QQIQXQ=,t+kFcRdzL6o=,/M8gHzjxpNU=,xIqe+QQIQXQ=-t+kFcRdzL6o=,A4tgQv5cqkc=,4,58
2023-01-09,xIqe+QQIQXQ=,t+kFcRdzL6o=,/M8gHzjxpNU=,t+kFcRdzL6o=-/M8gHzjxpNU=,A4tgQv5cqkc=,3,63
2023-01-09,xIqe+QQIQXQ=,t+kFcRdzL6o=,/M8gHzjxpNU=,xIqe+QQIQXQ=-/M8gHzjxpNU=,A4tgQv5cqkc=,3,60
2023-01-09,xIqe+QQIQXQ=,t+kFcRdzL6o=,/M8gHzjxpNU=,xIqe+QQIQXQ=-t+kFcRdzL6o=,A4tgQv5cqkc=,3,60
2023-01-09,xIqe+QQIQXQ=,t+kFcRdzL6o=,/M8gHzjxpNU=,t+kFcRdzL6o=-/M8gHzjxpNU=,A4tgQv5cqkc=,2,65
2023-01-09,xIqe+QQIQXQ=,t+kFcRdzL6o=,/M8gHzjxpNU=,xIqe+QQIQXQ=-/M8gHzjxpNU=,A4tgQv5cqkc=,2,62
2023-01-09,xIqe+QQIQXQ=,t+kFcRdzL6o=,/M8gHzjxpNU=,xIqe+QQIQXQ=-t+kFcRdzL6o=,A4tgQv5cqkc=,2,62
2023-01-09,xIqe+QQIQXQ=,t+kFcRdzL6o=,/M8gHzjxpNU=,t+kFcRdzL6o=-/M8gHzjxpNU=,A4tgQv5cqkc=,1,72
2023-01-09,xIqe+QQIQXQ=,t+kFcRdzL6o=,/M8gHzjxpNU=,xIqe+QQIQXQ=-/M8gHzjxpNU=,A4tgQv5cqkc=,1,68
2023-01-09,xIqe+QQIQXQ=,t+kFcRdzL6o=,/M8gHzjxpNU=,xIqe+QQIQXQ=-t+kFcRdzL6o=,A4tgQv5cqkc=,1,68
2023-01-09,xIqe+QQIQXQ=,t+kFcRdzL6o=,/M8gHzjxpNU=,t+kFcRdzL6o=-/M8gHzjxpNU=,A4tgQv5cqkc=,0,83
2023-01-09,xIqe+QQIQXQ=,t+kFcRdzL6o=,/M8gHzjxpNU=,xIqe+QQIQXQ=-/M8gHzjxpNU=,A4tgQv5cqkc=,0,68
2023-01-09,xIqe+QQIQXQ=,t+kFcRdzL6o=,/M8gHzjxpNU=,xIqe+QQIQXQ=-t+kFcRdzL6o=,A4tgQv5cqkc=,0,68
2023-01-09,xIqe+QQIQXQ=,t+kFcRdzL6o=,/M8gHzjxpNU=,t+kFcRdzL6o=-/M8gHzjxpNU=,A4tgQv5cqkc=,-1,83
2023-01-09,xIqe+QQIQXQ=,t+kFcRdzL6o=,/M8gHzjxpNU=,xIqe+QQIQXQ=-/M8gHzjxpNU=,A4tgQv5cqkc=,-1,19
2023-01-09,xIqe+QQIQXQ=,t+kFcRdzL6o=,/M8gHzjxpNU=,xIqe+QQIQXQ=-t+kFcRdzL6o=,A4tgQv5cqkc=,-1,19
2023-01-11,xIqe+QQIQXQ=,t+kFcRdzL6o=,/M8gHzjxpNU=,t+kFcRdzL6o=-/M8gHzjxpNU=,A4tgQv5cqkc=,29,15
2023-01-11,xIqe+QQIQXQ=,t+kFcRdzL6o=,/M8gHzjxpNU=,xIqe+QQIQXQ=-/M8gHzjxpNU=,A4tgQv5cqkc=,29,18
2023-01-11,xIqe+QQIQXQ=,t+kFcRdzL6o=,/M8gHzjxpNU=,xIqe+QQIQXQ=-t+kFcRdzL6o=,A4tgQv5cqkc=,29,18
2023-01-11,xIqe+QQIQXQ=,t+kFcRdzL6o=,/M8gHzjxpNU=,t+kFcRdzL6o=-/M8gHzjxpNU=,A4tgQv5cqkc=,28,16
2023-01-11,xIqe+QQIQXQ=,t+kFcRdzL6o=,/M8gHzjxpNU=,xIqe+QQIQXQ=-/M8gHzjxpNU=,A4tgQv5cqkc=,28,20
2023-01-11,xIqe+QQIQXQ=,t+kFcRdzL6o=,/M8gHzjxpNU=,xIqe+QQIQXQ=-t+kFcRdzL6o=,A4tgQv5cqkc=,28,20
2023-01-11,xIqe+QQIQXQ=,t+kFcRdzL6o=,/M8gHzjxpNU=,t+kFcRdzL6o=-/M8gHzjxpNU=,A4tgQv5cqkc=,27,16
2023-01-11,xIqe+QQIQXQ=,t+kFcRdzL6o=,/M8gHzjxpNU=,xIqe+QQIQXQ=-/M8gHzjxpNU=,A4tgQv5cqkc=,27,20
2023-01-11,xIqe+QQIQXQ=,t+kFcRdzL6o=,/M8gHzjxpNU=,xIqe+QQIQXQ=-t+kFcRdzL6o=,A4tgQv5cqkc=,27,20
2023-01-11,xIqe+QQIQXQ=,t+kFcRdzL6o=,/M8gHzjxpNU=,t+kFcRdzL6o=-/M8gHzjxpNU=,A4tgQv5cqkc=,26,17
2023-01-11,xIqe+QQIQXQ=,t+kFcRdzL6o=,/M8gHzjxpNU=,xIqe+QQIQXQ=-/M8gHzjxpNU=,A4tgQv5cqkc=,26,21
2023-01-11,xIqe+QQIQXQ=,t+kFcRdzL6o=,/M8gHzjxpNU=,xIqe+QQIQXQ=-t+kFcRdzL6o=,A4tgQv5cqkc=,26,21
2023-01-11,xIqe+QQIQXQ=,t+kFcRdzL6o=,/M8gHzjxpNU=,t+kFcRdzL6o=-/M8gHzjxpNU=,A4tgQv5cqkc=,25,17
2023-01-11,xIqe+QQIQXQ=,t+kFcRdzL6o=,/M8gHzjxpNU=,xIqe+QQIQXQ=-/M8gHzjxpNU=,A4tgQv5cqkc=,25,22
2023-01-11,xIqe+QQIQXQ=,t+kFcRdzL6o=,/M8gHzjxpNU=,xIqe+QQIQXQ=-t+kFcRdzL6o=,A4tgQv5cqkc=,25,22
2023-01-11,xIqe+QQIQXQ=,t+kFcRdzL6o=,/M8gHzjxpNU=,t+kFcRdzL6o=-/M8gHzjxpNU=,A4tgQv5cqkc=,24,17
2023-01-11,xIqe+QQIQXQ=,t+kFcRdzL6o=,/M8gHzjxpNU=,xIqe+QQIQXQ=-/M8gHzjxpNU=,A4tgQv5cqkc=,24,22
2023-01-11,xIqe+QQIQXQ=,t+kFcRdzL6o=,/M8gHzjxpNU=,xIqe+QQIQXQ=-t+kFcRdzL6o=,A4tgQv5cqkc=,24,22
2023-01-11,xIqe+QQIQXQ=,t+kFcRdzL6o=,/M8gHzjxpNU=,t+kFcRdzL6o=-/M8gHzjxpNU=,A4tgQv5cqkc=,23,17
2023-01-11,xIqe+QQIQXQ=,t+kFcRdzL6o=,/M8gHzjxpNU=,xIqe+QQIQXQ=-/M8gHzjxpNU=,A4tgQv5cqkc=,23,22
2023-01-11,xIqe+QQIQXQ=,t+kFcRdzL6o=,/M8gHzjxpNU=,xIqe+QQIQXQ=-t+kFcRdzL6o=,A4tgQv5cqkc=,23,22
2023-01-11,xIqe+QQIQXQ=,t+kFcRdzL6o=,/M8gHzjxpNU=,t+kFcRdzL6o=-/M8gHzjxpNU=,A4tgQv5cqkc=,22,17
2023-01-11,xIqe+QQIQXQ=,t+kFcRdzL6o=,/M8gHzjxpNU=,xIqe+QQIQXQ=-/M8gHzjxpNU=,A4tgQv5cqkc=,22,22
2023-01-11,xIqe+QQIQXQ=,t+kFcRdzL6o=,/M8gHzjxpNU=,xIqe+QQIQXQ=-t+kFcRdzL6o=,A4tgQv5cqkc=,22,22
2023-01-11,xIqe+QQIQXQ=,t+kFcRdzL6o=,/M8gHzjxpNU=,t+kFcRdzL6o=-/M8gHzjxpNU=,A4tgQv5cqkc=,21,18
2023-01-11,xIqe+QQIQXQ=,t+kFcRdzL6o=,/M8gHzjxpNU=,xIqe+QQIQXQ=-/M8gHzjxpNU=,A4tgQv5cqkc=,21,26
2023-01-11,xIqe+QQIQXQ=,t+kFcRdzL6o=,/M8gHzjxpNU=,xIqe+QQIQXQ=-t+kFcRdzL6o=,A4tgQv5cqkc=,21,26
2023-01-11,xIqe+QQIQXQ=,t+kFcRdzL6o=,/M8gHzjxpNU=,t+kFcRdzL6o=-/M8gHzjxpNU=,A4tgQv5cqkc=,20,18
2023-01-11,xIqe+QQIQXQ=,t+kFcRdzL6o=,/M8gHzjxpNU=,xIqe+QQIQXQ=-/M8gHzjxpNU=,A4tgQv5cqkc=,20,26
2023-01-11,xIqe+QQIQXQ=,t+kFcRdzL6o=,/M8gHzjxpNU=,xIqe+QQIQXQ=-t+kFcRdzL6o=,A4tgQv5cqkc=,20,26
2023-01-11,xIqe+QQIQXQ=,t+kFcRdzL6o=,/M8gHzjxpNU=,t+kFcRdzL6o=-/M8gHzjxpNU=,A4tgQv5cqkc=,19,18
2023-01-11,xIqe+QQIQXQ=,t+kFcRdzL6o=,/M8gHzjxpNU=,xIqe+QQIQXQ=-/M8gHzjxpNU=,A4tgQv5cqkc=,19,26
2023-01-11,xIqe+QQIQXQ=,t+kFcRdzL6o=,/M8gHzjxpNU=,xIqe+QQIQXQ=-t+kFcRdzL6o=,A4tgQv5cqkc=,19,26
2023-01-11,xIqe+QQIQXQ=,t+kFcRdzL6o=,/M8gHzjxpNU=,t+kFcRdzL6o=-/M8gHzjxpNU=,A4tgQv5cqkc=,18,18
2023-01-11,xIqe+QQIQXQ=,t+kFcRdzL6o=,/M8gHzjxpNU=,xIqe+QQIQXQ=-/M8gHzjxpNU=,A4tgQv5cqkc=,18,26
2023-01-11,xIqe+QQIQXQ=,t+kFcRdzL6o=,/M8gHzjxpNU=,xIqe+QQIQXQ=-t+kFcRdzL6o=,A4tgQv5cqkc=,18,26
2023-01-11,xIqe+QQIQXQ=,t+kFcRdzL6o=,/M8gHzjxpNU=,t+kFcRdzL6o=-/M8gHzjxpNU=,A4tgQv5cqkc=,17,21
2023-01-11,xIqe+QQIQXQ=,t+kFcRdzL6o=,/M8gHzjxpNU=,xIqe+QQIQXQ=-/M8gHzjxpNU=,A4tgQv5cqkc=,17,28
2023-01-11,xIqe+QQIQXQ=,t+kFcRdzL6o=,/M8gHzjxpNU=,xIqe+QQIQXQ=-t+kFcRdzL6o=,A4tgQv5cqkc=,17,28
2023-01-11,xIqe+QQIQXQ=,t+kFcRdzL6o=,/M8gHzjxpNU=,t+kFcRdzL6o=-/M8gHzjxpNU=,A4tgQv5cqkc=,16,21
2023-01-11,xIqe+QQIQXQ=,t+kFcRdzL6o=,/M8gHzjxpNU=,xIqe+QQIQXQ=-/M8gHzjxpNU=,A4tgQv5cqkc=,16,28
2023-01-11,xIqe+QQIQXQ=,t+kFcRdzL6o=,/M8gHzjxpNU=,xIqe+QQIQXQ=-t+kFcRdzL6o=,A4tgQv5cqkc=,16,28
2023-01-11,xIqe+QQIQXQ=,t+kFcRdzL6o=,/M8gHzjxpNU=,t+kFcRdzL6o=-/M8gHzjxpNU=,A4tgQv5cqkc=,15,22
2023-01-11,xIqe+QQIQXQ=,t+kFcRdzL6o=,/M8gHzjxpNU=,xIqe+QQIQXQ=-/M8gHzjxpNU=,A4tgQv5cqkc=,15,29
2023-01-11,xIqe+QQIQXQ=,t+kFcRdzL6o=,/M8gHzjxpNU=,xIqe+QQIQXQ=-t+kFcRdzL6o=,A4tgQv5cqkc=,15,29
2023-01-11,xIqe+QQIQXQ=,t+kFcRdzL6o=,/M8gHzjxpNU=,t+kFcRdzL6o=-/M8gHzjxpNU=,A4tgQv5cqkc=,14,25
2023-01-11,xIqe+QQIQXQ=,t+kFcRdzL6o=,/M8gHzjxpNU=,xIqe+QQIQXQ=-/M8gHzjxpNU=,A4tgQv5cqkc=,14,33
2023-01-11,xIqe+QQIQXQ=,t+kFcRdzL6o=,/M8gHzjxpNU=,xIqe+QQIQXQ=-t+kFcRdzL6o=,A4tgQv5cqkc=,14,33
2023-01-11,xIqe+QQIQXQ=,t+kFcRdzL6o=,/M8gHzjxpNU=,t+kFcRdzL6o=-/M8gHzjxpNU=,A4tgQv5cqkc=,13,25
2023-01-11,xIqe+QQIQXQ=,t+kFcRdzL6o=,/M8gHzjxpNU=,xIqe+QQIQXQ=-/M8gHzjxpNU=,A4tgQv5cqkc=,13,33
2023-01-11,xIqe+QQIQXQ=,t+kFcRdzL6o=,/M8gHzjxpNU=,xIqe+QQIQXQ=-t+kFcRdzL6o=,A4tgQv5cqkc=,13,33
2023-01-11,xIqe+QQIQXQ=,t+kFcRdzL6o=,/M8gHzjxpNU=,t+kFcRdzL6o=-/M8gHzjxpNU=,A4tgQv5cqkc=,12,26
2023-01-11,xIqe+QQIQXQ=,t+kFcRdzL6o=,/M8gHzjxpNU=,xIqe+QQIQXQ=-/M8gHzjxpNU=,A4tgQv5cqkc=,12,34
2023-01-11,xIqe+QQIQXQ=,t+kFcRdzL6o=,/M8gHzjxpNU=,xIqe+QQIQXQ=-t+kFcRdzL6o=,A4tgQv5cqkc=,12,34
2023-01-11,xIqe+QQIQXQ=,t+kFcRdzL6o=,/M8gHzjxpNU=,t+kFcRdzL6o=-/M8gHzjxpNU=,A4tgQv5cqkc=,11,27
2023-01-11,xIqe+QQIQXQ=,t+kFcRdzL6o=,/M8gHzjxpNU=,xIqe+QQIQXQ=-/M8gHzjxpNU=,A4tgQv5cqkc=,11,38
2023-01-11,xIqe+QQIQXQ=,t+kFcRdzL6o=,/M8gHzjxpNU=,xIqe+QQIQXQ=-t+kFcRdzL6o=,A4tgQv5cqkc=,11,38
2023-01-11,xIqe+QQIQXQ=,t+kFcRdzL6o=,/M8gHzjxpNU=,t+kFcRdzL6o=-/M8gHzjxpNU=,A4tgQv5cqkc=,10,26
2023-01-11,xIqe+QQIQXQ=,t+kFcRdzL6o=,/M8gHzjxpNU=,xIqe+QQIQXQ=-/M8gHzjxpNU=,A4tgQv5cqkc=,10,40
2023-01-11,xIqe+QQIQXQ=,t+kFcRdzL6o=,/M8gHzjxpNU=,xIqe+QQIQXQ=-t+kFcRdzL6o=,A4tgQv5cqkc=,10,40
2023-01-11,xIqe+QQIQXQ=,t+kFcRdzL6o=,/M8gHzjxpNU=,t+kFcRdzL6o=-/M8gHzjxpNU=,A4tgQv5cqkc=,9,25
2023-01-11,xIqe+QQIQXQ=,t+kFcRdzL6o=,/M8gHzjxpNU=,xIqe+QQIQXQ=-/M8gHzjxpNU=,A4tgQv5cqkc=,9,39
2023-01-11,xIqe+QQIQXQ=,t+kFcRdzL6o=,/M8gHzjxpNU=,xIqe+QQIQXQ=-t+kFcRdzL6o=,A4tgQv5cqkc=,9,39
2023-01-11,xIqe+QQIQXQ=,t+kFcRdzL6o=,/M8gHzjxpNU=,t+kFcRdzL6o=-/M8gHzjxpNU=,A4tgQv5cqkc=,8,28
2023-01-11,xIqe+QQIQXQ=,t+kFcRdzL6o=,/M8gHzjxpNU=,xIqe+QQIQXQ=-/M8gHzjxpNU=,A4tgQv5cqkc=,8,42
2023-01-11,xIqe+QQIQXQ=,t+kFcRdzL6o=,/M8gHzjxpNU=,xIqe+QQIQXQ=-t+kFcRdzL6o=,A4tgQv5cqkc=,8,42
2023-01-11,xIqe+QQIQXQ=,t+kFcRdzL6o=,/M8gHzjxpNU=,t+kFcRdzL6o=-/M8gHzjxpNU=,A4tgQv5cqkc=,7,37
2023-01-11,xIqe+QQIQXQ=,t+kFcRdzL6o=,/M8gHzjxpNU=,xIqe+QQIQXQ=-/M8gHzjxpNU=,A4tgQv5cqkc=,7,50
2023-01-11,xIqe+QQIQXQ=,t+kFcRdzL6o=,/M8gHzjxpNU=,xIqe+QQIQXQ=-t+kFcRdzL6o=,A4tgQv5cqkc=,7,50
2023-01-11,xIqe+QQIQXQ=,t+kFcRdzL6o=,/M8gHzjxpNU=,t+kFcRdzL6o=-/M8gHzjxpNU=,A4tgQv5cqkc=,6,44
2023-01-11,xIqe+QQIQXQ=,t+kFcRdzL6o=,/M8gHzjxpNU=,xIqe+QQIQXQ=-/M8gHzjxpNU=,A4tgQv5cqkc=,6,58
2023-01-11,xIqe+QQIQXQ=,t+kFcRdzL6o=,/M8gHzjxpNU=,xIqe+QQIQXQ=-t+kFcRdzL6o=,A4tgQv5cqkc=,6,58
2023-01-11,xIqe+QQIQXQ=,t+kFcRdzL6o=,/M8gHzjxpNU=,t+kFcRdzL6o=-/M8gHzjxpNU=,A4tgQv5cqkc=,5,50
2023-01-11,xIqe+QQIQXQ=,t+kFcRdzL6o=,/M8gHzjxpNU=,xIqe+QQIQXQ=-/M8gHzjxpNU=,A4tgQv5cqkc=,5,64
2023-01-11,xIqe+QQIQXQ=,t+kFcRdzL6o=,/M8gHzjxpNU=,xIqe+QQIQXQ=-t+kFcRdzL6o=,A4tgQv5cqkc=,5,64
2023-01-11,xIqe+QQIQXQ=,t+kFcRdzL6o=,/M8gHzjxpNU=,t+kFcRdzL6o=-/M8gHzjxpNU=,A4tgQv5cqkc=,4,51
2023-01-11,xIqe+QQIQXQ=,t+kFcRdzL6o=,/M8gHzjxpNU=,xIqe+QQIQXQ=-/M8gHzjxpNU=,A4tgQv5cqkc=,4,67
2023-01-11,xIqe+QQIQXQ=,t+kFcRdzL6o=,/M8gHzjxpNU=,xIqe+QQIQXQ=-t+kFcRdzL6o=,A4tgQv5cqkc=,4,67
2023-01-11,xIqe+QQIQXQ=,t+kFcRdzL6o=,/M8gHzjxpNU=,t+kFcRdzL6o=-/M8gHzjxpNU=,A4tgQv5cqkc=,3,66
2023-01-11,xIqe+QQIQXQ=,t+kFcRdzL6o=,/M8gHzjxpNU=,xIqe+QQIQXQ=-/M8gHzjxpNU=,A4tgQv5cqkc=,3,81
2023-01-11,xIqe+QQIQXQ=,t+kFcRdzL6o=,/M8gHzjxpNU=,xIqe+QQIQXQ=-t+kFcRdzL6o=,A4tgQv5cqkc=,3,81
2023-01-11,xIqe+QQIQXQ=,t+kFcRdzL6o=,/M8gHzjxpNU=,t+kFcRdzL6o=-/M8gHzjxpNU=,A4tgQv5cqkc=,2,77
2023-01-11,xIqe+QQIQXQ=,t+kFcRdzL6o=,/M8gHzjxpNU=,xIqe+QQIQXQ=-/M8gHzjxpNU=,A4tgQv5cqkc=,2,94
2023-01-11,xIqe+QQIQXQ=,t+kFcRdzL6o=,/M8gHzjxpNU=,xIqe+QQIQXQ=-t+kFcRdzL6o=,A4tgQv5cqkc=,2,94
2023-01-11,xIqe+QQIQXQ=,t+kFcRdzL6o=,/M8gHzjxpNU=,t+kFcRdzL6o=-/M8gHzjxpNU=,A4tgQv5cqkc=,1,87
2023-01-11,xIqe+QQIQXQ=,t+kFcRdzL6o=,/M8gHzjxpNU=,xIqe+QQIQXQ=-/M8gHzjxpNU=,A4tgQv5cqkc=,1,103
2023-01-11,xIqe+QQIQXQ=,t+kFcRdzL6o=,/M8gHzjxpNU=,xIqe+QQIQXQ=-t+kFcRdzL6o=,A4tgQv5cqkc=,1,103
2023-01-11,xIqe+QQIQXQ=,t+kFcRdzL6o=,/M8gHzjxpNU=,t+kFcRdzL6o=-/M8gHzjxpNU=,A4tgQv5cqkc=,0,107
2023-01-11,xIqe+QQIQXQ=,t+kFcRdzL6o=,/M8gHzjxpNU=,xIqe+QQIQXQ=-/M8gHzjxpNU=,A4tgQv5cqkc=,0,124
2023-01-11,xIqe+QQIQXQ=,t+kFcRdzL6o=,/M8gHzjxpNU=,xIqe+QQIQXQ=-t+kFcRdzL6o=,A4tgQv5cqkc=,0,124
2023-01-11,xIqe+QQIQXQ=,t+kFcRdzL6o=,/M8gHzjxpNU=,t+kFcRdzL6o=-/M8gHzjxpNU=,A4tgQv5cqkc=,-1,107
2023-01-11,xIqe+QQIQXQ=,t+kFcRdzL6o=,/M8gHzjxpNU=,xIqe+QQIQXQ=-/M8gHzjxpNU=,A4tgQv5cqkc=,-1,124
2023-01-11,xIqe+QQIQXQ=,t+kFcRdzL6o=,/M8gHzjxpNU=,xIqe+QQIQXQ=-t+kFcRdzL6o=,A4tgQv5cqkc=,-1,124
2023-01-13,xIqe+QQIQXQ=,t+kFcRdzL6o=,/M8gHzjxpNU=,t+kFcRdzL6o=-/M8gHzjxpNU=,A4tgQv5cqkc=,29,20
2023-01-13,xIqe+QQIQXQ=,t+kFcRdzL6o=,/M8gHzjxpNU=,xIqe+QQIQXQ=-/M8gHzjxpNU=,A4tgQv5cqkc=,29,24
2023-01-13,xIqe+QQIQXQ=,t+kFcRdzL6o=,/M8gHzjxpNU=,xIqe+QQIQXQ=-t+kFcRdzL6o=,A4tgQv5cqkc=,29,24
2023-01-13,xIqe+QQIQXQ=,t+kFcRdzL6o=,/M8gHzjxpNU=,t+kFcRdzL6o=-/M8gHzjxpNU=,A4tgQv5cqkc=,28,22
2023-01-13,xIqe+QQIQXQ=,t+kFcRdzL6o=,/M8gHzjxpNU=,xIqe+QQIQXQ=-/M8gHzjxpNU=,A4tgQv5cqkc=,28,24
2023-01-13,xIqe+QQIQXQ=,t+kFcRdzL6o=,/M8gHzjxpNU=,xIqe+QQIQXQ=-t+kFcRdzL6o=,A4tgQv5cqkc=,28,24
2023-01-13,xIqe+QQIQXQ=,t+kFcRdzL6o=,/M8gHzjxpNU=,t+kFcRdzL6o=-/M8gHzjxpNU=,A4tgQv5cqkc=,27,23
2023-01-13,xIqe+QQIQXQ=,t+kFcRdzL6o=,/M8gHzjxpNU=,xIqe+QQIQXQ=-/M8gHzjxpNU=,A4tgQv5cqkc=,27,25
2023-01-13,xIqe+QQIQXQ=,t+kFcRdzL6o=,/M8gHzjxpNU=,xIqe+QQIQXQ=-t+kFcRdzL6o=,A4tgQv5cqkc=,27,25
2023-01-13,xIqe+QQIQXQ=,t+kFcRdzL6o=,/M8gHzjxpNU=,t+kFcRdzL6o=-/M8gHzjxpNU=,A4tgQv5cqkc=,26,25
2023-01-13,xIqe+QQIQXQ=,t+kFcRdzL6o=,/M8gHzjxpNU=,xIqe+QQIQXQ=-/M8gHzjxpNU=,A4tgQv5cqkc=,26,28
2023-01-13,xIqe+QQIQXQ=,t+kFcRdzL6o=,/M8gHzjxpNU=,xIqe+QQIQXQ=-t+kFcRdzL6o=,A4tgQv5cqkc=,26,28
2023-01-13,xIqe+QQIQXQ=,t+kFcRdzL6o=,/M8gHzjxpNU=,t+kFcRdzL6o=-/M8gHzjxpNU=,A4tgQv5cqkc=,25,25
2023-01-13,xIqe+QQIQXQ=,t+kFcRdzL6o=,/M8gHzjxpNU=,xIqe+QQIQXQ=-/M8gHzjxpNU=,A4tgQv5cqkc=,25,29
2023-01-13,xIqe+QQIQXQ=,t+kFcRdzL6o=,/M8gHzjxpNU=,xIqe+QQIQXQ=-t+kFcRdzL6o=,A4tgQv5cqkc=,25,29
2023-01-13,xIqe+QQIQXQ=,t+kFcRdzL6o=,/M8gHzjxpNU=,t+kFcRdzL6o=-/M8gHzjxpNU=,A4tgQv5cqkc=,24,27
2023-01-13,xIqe+QQIQXQ=,t+kFcRdzL6o=,/M8gHzjxpNU=,xIqe+QQIQXQ=-/M8gHzjxpNU=,A4tgQv5cqkc=,24,30
2023-01-13,xIqe+QQIQXQ=,t+kFcRdzL6o=,/M8gHzjxpNU=,xIqe+QQIQXQ=-t+kFcRdzL6o=,A4tgQv5cqkc=,24,30
2023-01-13,xIqe+QQIQXQ=,t+kFcRdzL6o=,/M8gHzjxpNU=,t+kFcRdzL6o=-/M8gHzjxpNU=,A4tgQv5cqkc=,23,29
2023-01-13,xIqe+QQIQXQ=,t+kFcRdzL6o=,/M8gHzjxpNU=,xIqe+QQIQXQ=-/M8gHzjxpNU=,A4tgQv5cqkc=,23,32
2023-01-13,xIqe+QQIQXQ=,t+kFcRdzL6o=,/M8gHzjxpNU=,xIqe+QQIQXQ=-t+kFcRdzL6o=,A4tgQv5cqkc=,23,32
2023-01-13,xIqe+QQIQXQ=,t+kFcRdzL6o=,/M8gHzjxpNU=,t+kFcRdzL6o=-/M8gHzjxpNU=,A4tgQv5cqkc=,22,33
2023-01-13,xIqe+QQIQXQ=,t+kFcRdzL6o=,/M8gHzjxpNU=,xIqe+QQIQXQ=-/M8gHzjxpNU=,A4tgQv5cqkc=,22,37
2023-01-13,xIqe+QQIQXQ=,t+kFcRdzL6o=,/M8gHzjxpNU=,xIqe+QQIQXQ=-t+kFcRdzL6o=,A4tgQv5cqkc=,22,37
2023-01-13,xIqe+QQIQXQ=,t+kFcRdzL6o=,/M8gHzjxpNU=,t+kFcRdzL6o=-/M8gHzjxpNU=,A4tgQv5cqkc=,21,36
2023-01-13,xIqe+QQIQXQ=,t+kFcRdzL6o=,/M8gHzjxpNU=,xIqe+QQIQXQ=-/M8gHzjxpNU=,A4tgQv5cqkc=,21,40
2023-01-13,xIqe+QQIQXQ=,t+kFcRdzL6o=,/M8gHzjxpNU=,xIqe+QQIQXQ=-t+kFcRdzL6o=,A4tgQv5cqkc=,21,40
2023-01-13,xIqe+QQIQXQ=,t+kFcRdzL6o=,/M8gHzjxpNU=,t+kFcRdzL6o=-/M8gHzjxpNU=,A4tgQv5cqkc=,20,37
2023-01-13,xIqe+QQIQXQ=,t+kFcRdzL6o=,/M8gHzjxpNU=,xIqe+QQIQXQ=-/M8gHzjxpNU=,A4tgQv5cqkc=,20,43
2023-01-13,xIqe+QQIQXQ=,t+kFcRdzL6o=,/M8gHzjxpNU=,xIqe+QQIQXQ=-t+kFcRdzL6o=,A4tgQv5cqkc=,20,43
2023-01-13,xIqe+QQIQXQ=,t+kFcRdzL6o=,/M8gHzjxpNU=,t+kFcRdzL6o=-/M8gHzjxpNU=,A4tgQv5cqkc=,19,37
2023-01-13,xIqe+QQIQXQ=,t+kFcRdzL6o=,/M8gHzjxpNU=,xIqe+QQIQXQ=-/M8gHzjxpNU=,A4tgQv5cqkc=,19,44
2023-01-13,xIqe+QQIQXQ=,t+kFcRdzL6o=,/M8gHzjxpNU=,xIqe+QQIQXQ=-t+kFcRdzL6o=,A4tgQv5cqkc=,19,44
2023-01-13,xIqe+QQIQXQ=,t+kFcRdzL6o=,/M8gHzjxpNU=,t+kFcRdzL6o=-/M8gHzjxpNU=,A4tgQv5cqkc=,18,38
2023-01-13,xIqe+QQIQXQ=,t+kFcRdzL6o=,/M8gHzjxpNU=,xIqe+QQIQXQ=-/M8gHzjxpNU=,A4tgQv5cqkc=,18,45
2023-01-13,xIqe+QQIQXQ=,t+kFcRdzL6o=,/M8gHzjxpNU=,xIqe+QQIQXQ=-t+kFcRdzL6o=,A4tgQv5cqkc=,18,45
2023-01-13,xIqe+QQIQXQ=,t+kFcRdzL6o=,/M8gHzjxpNU=,t+kFcRdzL6o=-/M8gHzjxpNU=,A4tgQv5cqkc=,17,39
2023-01-13,xIqe+QQIQXQ=,t+kFcRdzL6o=,/M8gHzjxpNU=,xIqe+QQIQXQ=-/M8gHzjxpNU=,A4tgQv5cqkc=,17,47
2023-01-13,xIqe+QQIQXQ=,t+kFcRdzL6o=,/M8gHzjxpNU=,xIqe+QQIQXQ=-t+kFcRdzL6o=,A4tgQv5cqkc=,17,47
2023-01-13,xIqe+QQIQXQ=,t+kFcRdzL6o=,/M8gHzjxpNU=,t+kFcRdzL6o=-/M8gHzjxpNU=,A4tgQv5cqkc=,16,50
2023-01-13,xIqe+QQIQXQ=,t+kFcRdzL6o=,/M8gHzjxpNU=,xIqe+QQIQXQ=-/M8gHzjxpNU=,A4tgQv5cqkc=,16,58
2023-01-13,xIqe+QQIQXQ=,t+kFcRdzL6o=,/M8gHzjxpNU=,xIqe+QQIQXQ=-t+kFcRdzL6o=,A4tgQv5cqkc=,16,58
2023-01-13,xIqe+QQIQXQ=,t+kFcRdzL6o=,/M8gHzjxpNU=,t+kFcRdzL6o=-/M8gHzjxpNU=,A4tgQv5cqkc=,15,54
2023-01-13,xIqe+QQIQXQ=,t+kFcRdzL6o=,/M8gHzjxpNU=,xIqe+QQIQXQ=-/M8gHzjxpNU=,A4tgQv5cqkc=,15,62
2023-01-13,xIqe+QQIQXQ=,t+kFcRdzL6o=,/M8gHzjxpNU=,xIqe+QQIQXQ=-t+kFcRdzL6o=,A4tgQv5cqkc=,15,62
2023-01-13,xIqe+QQIQXQ=,t+kFcRdzL6o=,/M8gHzjxpNU=,t+kFcRdzL6o=-/M8gHzjxpNU=,A4tgQv5cqkc=,14,54
2023-01-13,xIqe+QQIQXQ=,t+kFcRdzL6o=,/M8gHzjxpNU=,xIqe+QQIQXQ=-/M8gHzjxpNU=,A4tgQv5cqkc=,14,63
2023-01-13,xIqe+QQIQXQ=,t+kFcRdzL6o=,/M8gHzjxpNU=,xIqe+QQIQXQ=-t+kFcRdzL6o=,A4tgQv5cqkc=,14,63
2023-01-13,xIqe+QQIQXQ=,t+kFcRdzL6o=,/M8gHzjxpNU=,t+kFcRdzL6o=-/M8gHzjxpNU=,A4tgQv5cqkc=,13,54
2023-01-13,xIqe+QQIQXQ=,t+kFcRdzL6o=,/M8gHzjxpNU=,xIqe+QQIQXQ=-/M8gHzjxpNU=,A4tgQv5cqkc=,13,63
2023-01-13,xIqe+QQIQXQ=,t+kFcRdzL6o=,/M8gHzjxpNU=,xIqe+QQIQXQ=-t+kFcRdzL6o=,A4tgQv5cqkc=,13,63
2023-01-13,xIqe+QQIQXQ=,t+kFcRdzL6o=,/M8gHzjxpNU=,t+kFcRdzL6o=-/M8gHzjxpNU=,A4tgQv5cqkc=,12,58
2023-01-13,xIqe+QQIQXQ=,t+kFcRdzL6o=,/M8gHzjxpNU=,xIqe+QQIQXQ=-/M8gHzjxpNU=,A4tgQv5cqkc=,12,67
2023-01-13,xIqe+QQIQXQ=,t+kFcRdzL6o=,/M8gHzjxpNU=,xIqe+QQIQXQ=-t+kFcRdzL6o=,A4tgQv5cqkc=,12,67
2023-01-13,xIqe+QQIQXQ=,t+kFcRdzL6o=,/M8gHzjxpNU=,t+kFcRdzL6o=-/M8gHzjxpNU=,A4tgQv5cqkc=,11,57
2023-01-13,xIqe+QQIQXQ=,t+kFcRdzL6o=,/M8gHzjxpNU=,xIqe+QQIQXQ=-/M8gHzjxpNU=,A4tgQv5cqkc=,11,65
2023-01-13,xIqe+QQIQXQ=,t+kFcRdzL6o=,/M8gHzjxpNU=,xIqe+QQIQXQ=-t+kFcRdzL6o=,A4tgQv5cqkc=,11,65
2023-01-13,xIqe+QQIQXQ=,t+kFcRdzL6o=,/M8gHzjxpNU=,t+kFcRdzL6o=-/M8gHzjxpNU=,A4tgQv5cqkc=,10,61
2023-01-13,xIqe+QQIQXQ=,t+kFcRdzL6o=,/M8gHzjxpNU=,xIqe+QQIQXQ=-/M8gHzjxpNU=,A4tgQv5cqkc=,10,69
2023-01-13,xIqe+QQIQXQ=,t+kFcRdzL6o=,/M8gHzjxpNU=,xIqe+QQIQXQ=-t+kFcRdzL6o=,A4tgQv5cqkc=,10,69
2023-01-13,xIqe+QQIQXQ=,t+kFcRdzL6o=,/M8gHzjxpNU=,t+kFcRdzL6o=-/M8gHzjxpNU=,A4tgQv5cqkc=,9,63
2023-01-13,xIqe+QQIQXQ=,t+kFcRdzL6o=,/M8gHzjxpNU=,xIqe+QQIQXQ=-/M8gHzjxpNU=,A4tgQv5cqkc=,9,68
2023-01-13,xIqe+QQIQXQ=,t+kFcRdzL6o=,/M8gHzjxpNU=,xIqe+QQIQXQ=-t+kFcRdzL6o=,A4tgQv5cqkc=,9,68
2023-01-13,xIqe+QQIQXQ=,t+kFcRdzL6o=,/M8gHzjxpNU=,t+kFcRdzL6o=-/M8gHzjxpNU=,A4tgQv5cqkc=,8,68
2023-01-13,xIqe+QQIQXQ=,t+kFcRdzL6o=,/M8gHzjxpNU=,xIqe+QQIQXQ=-/M8gHzjxpNU=,A4tgQv5cqkc=,8,74
2023-01-13,xIqe+QQIQXQ=,t+kFcRdzL6o=,/M8gHzjxpNU=,xIqe+QQIQXQ=-t+kFcRdzL6o=,A4tgQv5cqkc=,8,74
2023-01-13,xIqe+QQIQXQ=,t+kFcRdzL6o=,/M8gHzjxpNU=,t+kFcRdzL6o=-/M8gHzjxpNU=,A4tgQv5cqkc=,7,72
2023-01-13,xIqe+QQIQXQ=,t+kFcRdzL6o=,/M8gHzjxpNU=,xIqe+QQIQXQ=-/M8gHzjxpNU=,A4tgQv5cqkc=,7,77
2023-01-13,xIqe+QQIQXQ=,t+kFcRdzL6o=,/M8gHzjxpNU=,xIqe+QQIQXQ=-t+kFcRdzL6o=,A4tgQv5cqkc=,7,77
2023-01-13,xIqe+QQIQXQ=,t+kFcRdzL6o=,/M8gHzjxpNU=,t+kFcRdzL6o=-/M8gHzjxpNU=,A4tgQv5cqkc=,6,83
2023-01-13,xIqe+QQIQXQ=,t+kFcRdzL6o=,/M8gHzjxpNU=,xIqe+QQIQXQ=-/M8gHzjxpNU=,A4tgQv5cqkc=,6,88
2023-01-13,xIqe+QQIQXQ=,t+kFcRdzL6o=,/M8gHzjxpNU=,xIqe+QQIQXQ=-t+kFcRdzL6o=,A4tgQv5cqkc=,6,88
2023-01-13,xIqe+QQIQXQ=,t+kFcRdzL6o=,/M8gHzjxpNU=,t+kFcRdzL6o=-/M8gHzjxpNU=,A4tgQv5cqkc=,5,93
2023-01-13,xIqe+QQIQXQ=,t+kFcRdzL6o=,/M8gHzjxpNU=,xIqe+QQIQXQ=-/M8gHzjxpNU=,A4tgQv5cqkc=,5,97
2023-01-13,xIqe+QQIQXQ=,t+kFcRdzL6o=,/M8gHzjxpNU=,xIqe+QQIQXQ=-t+kFcRdzL6o=,A4tgQv5cqkc=,5,97
2023-01-13,xIqe+QQIQXQ=,t+kFcRdzL6o=,/M8gHzjxpNU=,t+kFcRdzL6o=-/M8gHzjxpNU=,A4tgQv5cqkc=,4,98
2023-01-13,xIqe+QQIQXQ=,t+kFcRdzL6o=,/M8gHzjxpNU=,xIqe+QQIQXQ=-/M8gHzjxpNU=,A4tgQv5cqkc=,4,103
2023-01-13,xIqe+QQIQXQ=,t+kFcRdzL6o=,/M8gHzjxpNU=,xIqe+QQIQXQ=-t+kFcRdzL6o=,A4tgQv5cqkc=,4,103
2023-01-13,xIqe+QQIQXQ=,t+kFcRdzL6o=,/M8gHzjxpNU=,t+kFcRdzL6o=-/M8gHzjxpNU=,A4tgQv5cqkc=,3,106
2023-01-13,xIqe+QQIQXQ=,t+kFcRdzL6o=,/M8gHzjxpNU=,xIqe+QQIQXQ=-/M8gHzjxpNU=,A4tgQv5cqkc=,3,114
2023-01-13,xIqe+QQIQXQ=,t+kFcRdzL6o=,/M8gHzjxpNU=,xIqe+QQIQXQ=-t+kFcRdzL6o=,A4tgQv5cqkc=,3,114
2023-01-13,xIqe+QQIQXQ=,t+kFcRdzL6o=,/M8gHzjxpNU=,t+kFcRdzL6o=-/M8gHzjxpNU=,A4tgQv5cqkc=,2,138
2023-01-13,xIqe+QQIQXQ=,t+kFcRdzL6o=,/M8gHzjxpNU=,xIqe+QQIQXQ=-/M8gHzjxpNU=,A4tgQv5cqkc=,2,147
2023-01-13,xIqe+QQIQXQ=,t+kFcRdzL6o=,/M8gHzjxpNU=,xIqe+QQIQXQ=-t+kFcRdzL6o=,A4tgQv5cqkc=,2,147
2023-01-13,xIqe+QQIQXQ=,t+kFcRdzL6o=,/M8gHzjxpNU=,t+kFcRdzL6o=-/M8gHzjxpNU=,A4tgQv5cqkc=,1,152
2023-01-13,xIqe+QQIQXQ=,t+kFcRdzL6o=,/M8gHzjxpNU=,xIqe+QQIQXQ=-/M8gHzjxpNU=,A4tgQv5cqkc=,1,162
2023-01-13,xIqe+QQIQXQ=,t+kFcRdzL6o=,/M8gHzjxpNU=,xIqe+QQIQXQ=-t+kFcRdzL6o=,A4tgQv5cqkc=,1,162
2023-01-13,xIqe+QQIQXQ=,t+kFcRdzL6o=,/M8gHzjxpNU=,t+kFcRdzL6o=-/M8gHzjxpNU=,A4tgQv5cqkc=,0,163
2023-01-13,xIqe+QQIQXQ=,t+kFcRdzL6o=,/M8gHzjxpNU=,xIqe+QQIQXQ=-/M8gHzjxpNU=,A4tgQv5cqkc=,0,174
2023-01-13,xIqe+QQIQXQ=,t+kFcRdzL6o=,/M8gHzjxpNU=,xIqe+QQIQXQ=-t+kFcRdzL6o=,A4tgQv5cqkc=,0,174
2023-01-13,xIqe+QQIQXQ=,t+kFcRdzL6o=,/M8gHzjxpNU=,t+kFcRdzL6o=-/M8gHzjxpNU=,A4tgQv5cqkc=,-1,163
2023-01-13,xIqe+QQIQXQ=,t+kFcRdzL6o=,/M8gHzjxpNU=,xIqe+QQIQXQ=-/M8gHzjxpNU=,A4tgQv5cqkc=,-1,174
2023-01-13,xIqe+QQIQXQ=,t+kFcRdzL6o=,/M8gHzjxpNU=,xIqe+QQIQXQ=-t+kFcRdzL6o=,A4tgQv5cqkc=,-1,174
2023-01-15,xIqe+QQIQXQ=,t+kFcRdzL6o=,/M8gHzjxpNU=,t+kFcRdzL6o=-/M8gHzjxpNU=,A4tgQv5cqkc=,29,24
2023-01-15,xIqe+QQIQXQ=,t+kFcRdzL6o=,/M8gHzjxpNU=,xIqe+QQIQXQ=-/M8gHzjxpNU=,A4tgQv5cqkc=,29,25
2023-01-15,xIqe+QQIQXQ=,t+kFcRdzL6o=,/M8gHzjxpNU=,xIqe+QQIQXQ=-t+kFcRdzL6o=,A4tgQv5cqkc=,29,25
2023-01-15,xIqe+QQIQXQ=,t+kFcRdzL6o=,/M8gHzjxpNU=,t+kFcRdzL6o=-/M8gHzjxpNU=,A4tgQv5cqkc=,28,24
2023-01-15,xIqe+QQIQXQ=,t+kFcRdzL6o=,/M8gHzjxpNU=,xIqe+QQIQXQ=-/M8gHzjxpNU=,A4tgQv5cqkc=,28,25
2023-01-15,xIqe+QQIQXQ=,t+kFcRdzL6o=,/M8gHzjxpNU=,xIqe+QQIQXQ=-t+kFcRdzL6o=,A4tgQv5cqkc=,28,25
2023-01-15,xIqe+QQIQXQ=,t+kFcRdzL6o=,/M8gHzjxpNU=,t+kFcRdzL6o=-/M8gHzjxpNU=,A4tgQv5cqkc=,27,24
2023-01-15,xIqe+QQIQXQ=,t+kFcRdzL6o=,/M8gHzjxpNU=,xIqe+QQIQXQ=-/M8gHzjxpNU=,A4tgQv5cqkc=,27,25
2023-01-15,xIqe+QQIQXQ=,t+kFcRdzL6o=,/M8gHzjxpNU=,xIqe+QQIQXQ=-t+kFcRdzL6o=,A4tgQv5cqkc=,27,25
2023-01-15,xIqe+QQIQXQ=,t+kFcRdzL6o=,/M8gHzjxpNU=,t+kFcRdzL6o=-/M8gHzjxpNU=,A4tgQv5cqkc=,26,24
2023-01-15,xIqe+QQIQXQ=,t+kFcRdzL6o=,/M8gHzjxpNU=,xIqe+QQIQXQ=-/M8gHzjxpNU=,A4tgQv5cqkc=,26,35
2023-01-15,xIqe+QQIQXQ=,t+kFcRdzL6o=,/M8gHzjxpNU=,xIqe+QQIQXQ=-t+kFcRdzL6o=,A4tgQv5cqkc=,26,35
2023-01-15,xIqe+QQIQXQ=,t+kFcRdzL6o=,/M8gHzjxpNU=,t+kFcRdzL6o=-/M8gHzjxpNU=,A4tgQv5cqkc=,25,26
2023-01-15,xIqe+QQIQXQ=,t+kFcRdzL6o=,/M8gHzjxpNU=,xIqe+QQIQXQ=-/M8gHzjxpNU=,A4tgQv5cqkc=,25,37
2023-01-15,xIqe+QQIQXQ=,t+kFcRdzL6o=,/M8gHzjxpNU=,xIqe+QQIQXQ=-t+kFcRdzL6o=,A4tgQv5cqkc=,25,37
2023-01-15,xIqe+QQIQXQ=,t+kFcRdzL6o=,/M8gHzjxpNU=,t+kFcRdzL6o=-/M8gHzjxpNU=,A4tgQv5cqkc=,24,26
2023-01-15,xIqe+QQIQXQ=,t+kFcRdzL6o=,/M8gHzjxpNU=,xIqe+QQIQXQ=-/M8gHzjxpNU=,A4tgQv5cqkc=,24,37
2023-01-15,xIqe+QQIQXQ=,t+kFcRdzL6o=,/M8gHzjxpNU=,xIqe+QQIQXQ=-t+kFcRdzL6o=,A4tgQv5cqkc=,24,37
2023-01-15,xIqe+QQIQXQ=,t+kFcRdzL6o=,/M8gHzjxpNU=,t+kFcRdzL6o=-/M8gHzjxpNU=,A4tgQv5cqkc=,23,26
2023-01-15,xIqe+QQIQXQ=,t+kFcRdzL6o=,/M8gHzjxpNU=,xIqe+QQIQXQ=-/M8gHzjxpNU=,A4tgQv5cqkc=,23,37
2023-01-15,xIqe+QQIQXQ=,t+kFcRdzL6o=,/M8gHzjxpNU=,xIqe+QQIQXQ=-t+kFcRdzL6o=,A4tgQv5cqkc=,23,37
2023-01-15,xIqe+QQIQXQ=,t+kFcRdzL6o=,/M8gHzjxpNU=,t+kFcRdzL6o=-/M8gHzjxpNU=,A4tgQv5cqkc=,22,28
2023-01-15,xIqe+QQIQXQ=,t+kFcRdzL6o=,/M8gHzjxpNU=,xIqe+QQIQXQ=-/M8gHzjxpNU=,A4tgQv5cqkc=,22,39
2023-01-15,xIqe+QQIQXQ=,t+kFcRdzL6o=,/M8gHzjxpNU=,xIqe+QQIQXQ=-t+kFcRdzL6o=,A4tgQv5cqkc=,22,39
2023-01-15,xIqe+QQIQXQ=,t+kFcRdzL6o=,/M8gHzjxpNU=,t+kFcRdzL6o=-/M8gHzjxpNU=,A4tgQv5cqkc=,21,28
2023-01-15,xIqe+QQIQXQ=,t+kFcRdzL6o=,/M8gHzjxpNU=,xIqe+QQIQXQ=-/M8gHzjxpNU=,A4tgQv5cqkc=,21,39
2023-01-15,xIqe+QQIQXQ=,t+kFcRdzL6o=,/M8gHzjxpNU=,xIqe+QQIQXQ=-t+kFcRdzL6o=,A4tgQv5cqkc=,21,39
2023-01-15,xIqe+QQIQXQ=,t+kFcRdzL6o=,/M8gHzjxpNU=,t+kFcRdzL6o=-/M8gHzjxpNU=,A4tgQv5cqkc=,20,31
2023-01-15,xIqe+QQIQXQ=,t+kFcRdzL6o=,/M8gHzjxpNU=,xIqe+QQIQXQ=-/M8gHzjxpNU=,A4tgQv5cqkc=,20,42
2023-01-15,xIqe+QQIQXQ=,t+kFcRdzL6o=,/M8gHzjxpNU=,xIqe+QQIQXQ=-t+kFcRdzL6o=,A4tgQv5cqkc=,20,42
2023-01-15,xIqe+QQIQXQ=,t+kFcRdzL6o=,/M8gHzjxpNU=,t+kFcRdzL6o=-/M8gHzjxpNU=,A4tgQv5cqkc=,19,34
2023-01-15,xIqe+QQIQXQ=,t+kFcRdzL6o=,/M8gHzjxpNU=,xIqe+QQIQXQ=-/M8gHzjxpNU=,A4tgQv5cqkc=,19,44
2023-01-15,xIqe+QQIQXQ=,t+kFcRdzL6o=,/M8gHzjxpNU=,xIqe+QQIQXQ=-t+kFcRdzL6o=,A4tgQv5cqkc=,19,44
2023-01-15,xIqe+QQIQXQ=,t+kFcRdzL6o=,/M8gHzjxpNU=,t+kFcRdzL6o=-/M8gHzjxpNU=,A4tgQv5cqkc=,18,34
2023-01-15,xIqe+QQIQXQ=,t+kFcRdzL6o=,/M8gHzjxpNU=,xIqe+QQIQXQ=-/M8gHzjxpNU=,A4tgQv5cqkc=,18,44
2023-01-15,xIqe+QQIQXQ=,t+kFcRdzL6o=,/M8gHzjxpNU=,xIqe+QQIQXQ=-t+kFcRdzL6o=,A4tgQv5cqkc=,18,44
2023-01-15,xIqe+QQIQXQ=,t+kFcRdzL6o=,/M8gHzjxpNU=,t+kFcRdzL6o=-/M8gHzjxpNU=,A4tgQv5cqkc=,17,35
2023-01-15,xIqe+QQIQXQ=,t+kFcRdzL6o=,/M8gHzjxpNU=,xIqe+QQIQXQ=-/M8gHzjxpNU=,A4tgQv5cqkc=,17,45
2023-01-15,xIqe+QQIQXQ=,t+kFcRdzL6o=,/M8gHzjxpNU=,xIqe+QQIQXQ=-t+kFcRdzL6o=,A4tgQv5cqkc=,17,45
2023-01-15,xIqe+QQIQXQ=,t+kFcRdzL6o=,/M8gHzjxpNU=,t+kFcRdzL6o=-/M8gHzjxpNU=,A4tgQv5cqkc=,16,38
2023-01-15,xIqe+QQIQXQ=,t+kFcRdzL6o=,/M8gHzjxpNU=,xIqe+QQIQXQ=-/M8gHzjxpNU=,A4tgQv5cqkc=,16,48
2023-01-15,xIqe+QQIQXQ=,t+kFcRdzL6o=,/M8gHzjxpNU=,xIqe+QQIQXQ=-t+kFcRdzL6o=,A4tgQv5cqkc=,16,48
2023-01-15,xIqe+QQIQXQ=,t+kFcRdzL6o=,/M8gHzjxpNU=,t+kFcRdzL6o=-/M8gHzjxpNU=,A4tgQv5cqkc=,15,40
2023-01-15,xIqe+QQIQXQ=,t+kFcRdzL6o=,/M8gHzjxpNU=,xIqe+QQIQXQ=-/M8gHzjxpNU=,A4tgQv5cqkc=,15,50
2023-01-15,xIqe+QQIQXQ=,t+kFcRdzL6o=,/M8gHzjxpNU=,xIqe+QQIQXQ=-t+kFcRdzL6o=,A4tgQv5cqkc=,15,50
2023-01-15,xIqe+QQIQXQ=,t+kFcRdzL6o=,/M8gHzjxpNU=,t+kFcRdzL6o=-/M8gHzjxpNU=,A4tgQv5cqkc=,14,50
2023-01-15,xIqe+QQIQXQ=,t+kFcRdzL6o=,/M8gHzjxpNU=,xIqe+QQIQXQ=-/M8gHzjxpNU=,A4tgQv5cqkc=,14,61
2023-01-15,xIqe+QQIQXQ=,t+kFcRdzL6o=,/M8gHzjxpNU=,xIqe+QQIQXQ=-t+kFcRdzL6o=,A4tgQv5cqkc=,14,61
2023-01-15,xIqe+QQIQXQ=,t+kFcRdzL6o=,/M8gHzjxpNU=,t+kFcRdzL6o=-/M8gHzjxpNU=,A4tgQv5cqkc=,13,57
2023-01-15,xIqe+QQIQXQ=,t+kFcRdzL6o=,/M8gHzjxpNU=,xIqe+QQIQXQ=-/M8gHzjxpNU=,A4tgQv5cqkc=,13,65
2023-01-15,xIqe+QQIQXQ=,t+kFcRdzL6o=,/M8gHzjxpNU=,xIqe+QQIQXQ=-t+kFcRdzL6o=,A4tgQv5cqkc=,13,65
2023-01-15,xIqe+QQIQXQ=,t+kFcRdzL6o=,/M8gHzjxpNU=,t+kFcRdzL6o=-/M8gHzjxpNU=,A4tgQv5cqkc=,12,59
2023-01-15,xIqe+QQIQXQ=,t+kFcRdzL6o=,/M8gHzjxpNU=,xIqe+QQIQXQ=-/M8gHzjxpNU=,A4tgQv5cqkc=,12,65
2023-01-15,xIqe+QQIQXQ=,t+kFcRdzL6o=,/M8gHzjxpNU=,xIqe+QQIQXQ=-t+kFcRdzL6o=,A4tgQv5cqkc=,12,65
2023-01-15,xIqe+QQIQXQ=,t+kFcRdzL6o=,/M8gHzjxpNU=,t+kFcRdzL6o=-/M8gHzjxpNU=,A4tgQv5cqkc=,11,67
2023-01-15,xIqe+QQIQXQ=,t+kFcRdzL6o=,/M8gHzjxpNU=,xIqe+QQIQXQ=-/M8gHzjxpNU=,A4tgQv5cqkc=,11,73
2023-01-15,xIqe+QQIQXQ=,t+kFcRdzL6o=,/M8gHzjxpNU=,xIqe+QQIQXQ=-t+kFcRdzL6o=,A4tgQv5cqkc=,11,73
2023-01-15,xIqe+QQIQXQ=,t+kFcRdzL6o=,/M8gHzjxpNU=,t+kFcRdzL6o=-/M8gHzjxpNU=,A4tgQv5cqkc=,10,83
2023-01-15,xIqe+QQIQXQ=,t+kFcRdzL6o=,/M8gHzjxpNU=,xIqe+QQIQXQ=-/M8gHzjxpNU=,A4tgQv5cqkc=,10,89
2023-01-15,xIqe+QQIQXQ=,t+kFcRdzL6o=,/M8gHzjxpNU=,xIqe+QQIQXQ=-t+kFcRdzL6o=,A4tgQv5cqkc=,10,89
2023-01-15,xIqe+QQIQXQ=,t+kFcRdzL6o=,/M8gHzjxpNU=,t+kFcRdzL6o=-/M8gHzjxpNU=,A4tgQv5cqkc=,9,87
2023-01-15,xIqe+QQIQXQ=,t+kFcRdzL6o=,/M8gHzjxpNU=,xIqe+QQIQXQ=-/M8gHzjxpNU=,A4tgQv5cqkc=,9,93
2023-01-15,xIqe+QQIQXQ=,t+kFcRdzL6o=,/M8gHzjxpNU=,xIqe+QQIQXQ=-t+kFcRdzL6o=,A4tgQv5cqkc=,9,93
2023-01-15,xIqe+QQIQXQ=,t+kFcRdzL6o=,/M8gHzjxpNU=,t+kFcRdzL6o=-/M8gHzjxpNU=,A4tgQv5cqkc=,8,92
2023-01-15,xIqe+QQIQXQ=,t+kFcRdzL6o=,/M8gHzjxpNU=,xIqe+QQIQXQ=-/M8gHzjxpNU=,A4tgQv5cqkc=,8,98
2023-01-15,xIqe+QQIQXQ=,t+kFcRdzL6o=,/M8gHzjxpNU=,xIqe+QQIQXQ=-t+kFcRdzL6o=,A4tgQv5cqkc=,8,98
2023-01-15,xIqe+QQIQXQ=,t+kFcRdzL6o=,/M8gHzjxpNU=,t+kFcRdzL6o=-/M8gHzjxpNU=,A4tgQv5cqkc=,7,98
2023-01-15,xIqe+QQIQXQ=,t+kFcRdzL6o=,/M8gHzjxpNU=,xIqe+QQIQXQ=-/M8gHzjxpNU=,A4tgQv5cqkc=,7,104
2023-01-15,xIqe+QQIQXQ=,t+kFcRdzL6o=,/M8gHzjxpNU=,xIqe+QQIQXQ=-t+kFcRdzL6o=,A4tgQv5cqkc=,7,104
2023-01-15,xIqe+QQIQXQ=,t+kFcRdzL6o=,/M8gHzjxpNU=,t+kFcRdzL6o=-/M8gHzjxpNU=,A4tgQv5cqkc=,6,106
2023-01-15,xIqe+QQIQXQ=,t+kFcRdzL6o=,/M8gHzjxpNU=,xIqe+QQIQXQ=-/M8gHzjxpNU=,A4tgQv5cqkc=,6,112
2023-01-15,xIqe+QQIQXQ=,t+kFcRdzL6o=,/M8gHzjxpNU=,xIqe+QQIQXQ=-t+kFcRdzL6o=,A4tgQv5cqkc=,6,112
2023-01-15,xIqe+QQIQXQ=,t+kFcRdzL6o=,/M8gHzjxpNU=,t+kFcRdzL6o=-/M8gHzjxpNU=,A4tgQv5cqkc=,5,120
2023-01-15,xIqe+QQIQXQ=,t+kFcRdzL6o=,/M8gHzjxpNU=,xIqe+QQIQXQ=-/M8gHzjxpNU=,A4tgQv5cqkc=,5,116
2023-01-15,xIqe+QQIQXQ=,t+kFcRdzL6o=,/M8gHzjxpNU=,xIqe+QQIQXQ=-t+kFcRdzL6o=,A4tgQv5cqkc=,5,116
2023-01-15,xIqe+QQIQXQ=,t+kFcRdzL6o=,/M8gHzjxpNU=,t+kFcRdzL6o=-/M8gHzjxpNU=,A4tgQv5cqkc=,4,134
2023-01-15,xIqe+QQIQXQ=,t+kFcRdzL6o=,/M8gHzjxpNU=,xIqe+QQIQXQ=-/M8gHzjxpNU=,A4tgQv5cqkc=,4,127
2023-01-15,xIqe+QQIQXQ=,t+kFcRdzL6o=,/M8gHzjxpNU=,xIqe+QQIQXQ=-t+kFcRdzL6o=,A4tgQv5cqkc=,4,127
2023-01-15,xIqe+QQIQXQ=,t+kFcRdzL6o=,/M8gHzjxpNU=,t+kFcRdzL6o=-/M8gHzjxpNU=,A4tgQv5cqkc=,3,151
2023-01-15,xIqe+QQIQXQ=,t+kFcRdzL6o=,/M8gHzjxpNU=,xIqe+QQIQXQ=-/M8gHzjxpNU=,A4tgQv5cqkc=,3,144
2023-01-15,xIqe+QQIQXQ=,t+kFcRdzL6o=,/M8gHzjxpNU=,xIqe+QQIQXQ=-t+kFcRdzL6o=,A4tgQv5cqkc=,3,144
2023-01-15,xIqe+QQIQXQ=,t+kFcRdzL6o=,/M8gHzjxpNU=,t+kFcRdzL6o=-/M8gHzjxpNU=,A4tgQv5cqkc=,2,158
2023-01-15,xIqe+QQIQXQ=,t+kFcRdzL6o=,/M8gHzjxpNU=,xIqe+QQIQXQ=-/M8gHzjxpNU=,A4tgQv5cqkc=,2,152
2023-01-15,xIqe+QQIQXQ=,t+kFcRdzL6o=,/M8gHzjxpNU=,xIqe+QQIQXQ=-t+kFcRdzL6o=,A4tgQv5cqkc=,2,152
2023-01-15,xIqe+QQIQXQ=,t+kFcRdzL6o=,/M8gHzjxpNU=,t+kFcRdzL6o=-/M8gHzjxpNU=,A4tgQv5cqkc=,1,164
2023-01-15,xIqe+QQIQXQ=,t+kFcRdzL6o=,/M8gHzjxpNU=,xIqe+QQIQXQ=-/M8gHzjxpNU=,A4tgQv5cqkc=,1,164
2023-01-15,xIqe+QQIQXQ=,t+kFcRdzL6o=,/M8gHzjxpNU=,xIqe+QQIQXQ=-t+kFcRdzL6o=,A4tgQv5cqkc=,1,164
2023-01-15,xIqe+QQIQXQ=,t+kFcRdzL6o=,/M8gHzjxpNU=,t+kFcRdzL6o=-/M8gHzjxpNU=,A4tgQv5cqkc=,0,170
2023-01-15,xIqe+QQIQXQ=,t+kFcRdzL6o=,/M8gHzjxpNU=,xIqe+QQIQXQ=-/M8gHzjxpNU=,A4tgQv5cqkc=,0,168
2023-01-15,xIqe+QQIQXQ=,t+kFcRdzL6o=,/M8gHzjxpNU=,xIqe+QQIQXQ=-t+kFcRdzL6o=,A4tgQv5cqkc=,0,168
2023-01-15,xIqe+QQIQXQ=,t+kFcRdzL6o=,/M8gHzjxpNU=,t+kFcRdzL6o=-/M8gHzjxpNU=,A4tgQv5cqkc=,-1,170
2023-01-15,xIqe+QQIQXQ=,t+kFcRdzL6o=,/M8gHzjxpNU=,xIqe+QQIQXQ=-/M8gHzjxpNU=,A4tgQv5cqkc=,-1,168
2023-01-15,xIqe+QQIQXQ=,t+kFcRdzL6o=,/M8gHzjxpNU=,xIqe+QQIQXQ=-t+kFcRdzL6o=,A4tgQv5cqkc=,-1,168
2023-01-16,xIqe+QQIQXQ=,t+kFcRdzL6o=,/M8gHzjxpNU=,t+kFcRdzL6o=-/M8gHzjxpNU=,A4tgQv5cqkc=,29,19
2023-01-16,xIqe+QQIQXQ=,t+kFcRdzL6o=,/M8gHzjxpNU=,xIqe+QQIQXQ=-/M8gHzjxpNU=,A4tgQv5cqkc=,29,20
2023-01-16,xIqe+QQIQXQ=,t+kFcRdzL6o=,/M8gHzjxpNU=,xIqe+QQIQXQ=-t+kFcRdzL6o=,A4tgQv5cqkc=,29,20
2023-01-16,xIqe+QQIQXQ=,t+kFcRdzL6o=,/M8gHzjxpNU=,t+kFcRdzL6o=-/M8gHzjxpNU=,A4tgQv5cqkc=,28,20
2023-01-16,xIqe+QQIQXQ=,t+kFcRdzL6o=,/M8gHzjxpNU=,xIqe+QQIQXQ=-/M8gHzjxpNU=,A4tgQv5cqkc=,28,21
2023-01-16,xIqe+QQIQXQ=,t+kFcRdzL6o=,/M8gHzjxpNU=,xIqe+QQIQXQ=-t+kFcRdzL6o=,A4tgQv5cqkc=,28,21
2023-01-16,xIqe+QQIQXQ=,t+kFcRdzL6o=,/M8gHzjxpNU=,t+kFcRdzL6o=-/M8gHzjxpNU=,A4tgQv5cqkc=,27,20
2023-01-16,xIqe+QQIQXQ=,t+kFcRdzL6o=,/M8gHzjxpNU=,xIqe+QQIQXQ=-/M8gHzjxpNU=,A4tgQv5cqkc=,27,21
2023-01-16,xIqe+QQIQXQ=,t+kFcRdzL6o=,/M8gHzjxpNU=,xIqe+QQIQXQ=-t+kFcRdzL6o=,A4tgQv5cqkc=,27,21
2023-01-16,xIqe+QQIQXQ=,t+kFcRdzL6o=,/M8gHzjxpNU=,t+kFcRdzL6o=-/M8gHzjxpNU=,A4tgQv5cqkc=,26,20
2023-01-16,xIqe+QQIQXQ=,t+kFcRdzL6o=,/M8gHzjxpNU=,xIqe+QQIQXQ=-/M8gHzjxpNU=,A4tgQv5cqkc=,26,21
2023-01-16,xIqe+QQIQXQ=,t+kFcRdzL6o=,/M8gHzjxpNU=,xIqe+QQIQXQ=-t+kFcRdzL6o=,A4tgQv5cqkc=,26,21
2023-01-16,xIqe+QQIQXQ=,t+kFcRdzL6o=,/M8gHzjxpNU=,t+kFcRdzL6o=-/M8gHzjxpNU=,A4tgQv5cqkc=,25,20
2023-01-16,xIqe+QQIQXQ=,t+kFcRdzL6o=,/M8gHzjxpNU=,xIqe+QQIQXQ=-/M8gHzjxpNU=,A4tgQv5cqkc=,25,21
2023-01-16,xIqe+QQIQXQ=,t+kFcRdzL6o=,/M8gHzjxpNU=,xIqe+QQIQXQ=-t+kFcRdzL6o=,A4tgQv5cqkc=,25,21
2023-01-16,xIqe+QQIQXQ=,t+kFcRdzL6o=,/M8gHzjxpNU=,t+kFcRdzL6o=-/M8gHzjxpNU=,A4tgQv5cqkc=,24,23
2023-01-16,xIqe+QQIQXQ=,t+kFcRdzL6o=,/M8gHzjxpNU=,xIqe+QQIQXQ=-/M8gHzjxpNU=,A4tgQv5cqkc=,24,24
2023-01-16,xIqe+QQIQXQ=,t+kFcRdzL6o=,/M8gHzjxpNU=,xIqe+QQIQXQ=-t+kFcRdzL6o=,A4tgQv5cqkc=,24,24
2023-01-16,xIqe+QQIQXQ=,t+kFcRdzL6o=,/M8gHzjxpNU=,t+kFcRdzL6o=-/M8gHzjxpNU=,A4tgQv5cqkc=,23,23
2023-01-16,xIqe+QQIQXQ=,t+kFcRdzL6o=,/M8gHzjxpNU=,xIqe+QQIQXQ=-/M8gHzjxpNU=,A4tgQv5cqkc=,23,24
2023-01-16,xIqe+QQIQXQ=,t+kFcRdzL6o=,/M8gHzjxpNU=,xIqe+QQIQXQ=-t+kFcRdzL6o=,A4tgQv5cqkc=,23,24
2023-01-16,xIqe+QQIQXQ=,t+kFcRdzL6o=,/M8gHzjxpNU=,t+kFcRdzL6o=-/M8gHzjxpNU=,A4tgQv5cqkc=,22,28
2023-01-16,xIqe+QQIQXQ=,t+kFcRdzL6o=,/M8gHzjxpNU=,xIqe+QQIQXQ=-/M8gHzjxpNU=,A4tgQv5cqkc=,22,27
2023-01-16,xIqe+QQIQXQ=,t+kFcRdzL6o=,/M8gHzjxpNU=,xIqe+QQIQXQ=-t+kFcRdzL6o=,A4tgQv5cqkc=,22,27
2023-01-16,xIqe+QQIQXQ=,t+kFcRdzL6o=,/M8gHzjxpNU=,t+kFcRdzL6o=-/M8gHzjxpNU=,A4tgQv5cqkc=,21,28
2023-01-16,xIqe+QQIQXQ=,t+kFcRdzL6o=,/M8gHzjxpNU=,xIqe+QQIQXQ=-/M8gHzjxpNU=,A4tgQv5cqkc=,21,27
2023-01-16,xIqe+QQIQXQ=,t+kFcRdzL6o=,/M8gHzjxpNU=,xIqe+QQIQXQ=-t+kFcRdzL6o=,A4tgQv5cqkc=,21,27
2023-01-16,xIqe+QQIQXQ=,t+kFcRdzL6o=,/M8gHzjxpNU=,t+kFcRdzL6o=-/M8gHzjxpNU=,A4tgQv5cqkc=,20,28
2023-01-16,xIqe+QQIQXQ=,t+kFcRdzL6o=,/M8gHzjxpNU=,xIqe+QQIQXQ=-/M8gHzjxpNU=,A4tgQv5cqkc=,20,27
2023-01-16,xIqe+QQIQXQ=,t+kFcRdzL6o=,/M8gHzjxpNU=,xIqe+QQIQXQ=-t+kFcRdzL6o=,A4tgQv5cqkc=,20,27
2023-01-16,xIqe+QQIQXQ=,t+kFcRdzL6o=,/M8gHzjxpNU=,t+kFcRdzL6o=-/M8gHzjxpNU=,A4tgQv5cqkc=,19,34
2023-01-16,xIqe+QQIQXQ=,t+kFcRdzL6o=,/M8gHzjxpNU=,xIqe+QQIQXQ=-/M8gHzjxpNU=,A4tgQv5cqkc=,19,32
2023-01-16,xIqe+QQIQXQ=,t+kFcRdzL6o=,/M8gHzjxpNU=,xIqe+QQIQXQ=-t+kFcRdzL6o=,A4tgQv5cqkc=,19,32
2023-01-16,xIqe+QQIQXQ=,t+kFcRdzL6o=,/M8gHzjxpNU=,t+kFcRdzL6o=-/M8gHzjxpNU=,A4tgQv5cqkc=,18,46
2023-01-16,xIqe+QQIQXQ=,t+kFcRdzL6o=,/M8gHzjxpNU=,xIqe+QQIQXQ=-/M8gHzjxpNU=,A4tgQv5cqkc=,18,41
2023-01-16,xIqe+QQIQXQ=,t+kFcRdzL6o=,/M8gHzjxpNU=,xIqe+QQIQXQ=-t+kFcRdzL6o=,A4tgQv5cqkc=,18,41
2023-01-16,xIqe+QQIQXQ=,t+kFcRdzL6o=,/M8gHzjxpNU=,t+kFcRdzL6o=-/M8gHzjxpNU=,A4tgQv5cqkc=,17,46
2023-01-16,xIqe+QQIQXQ=,t+kFcRdzL6o=,/M8gHzjxpNU=,xIqe+QQIQXQ=-/M8gHzjxpNU=,A4tgQv5cqkc=,17,41
2023-01-16,xIqe+QQIQXQ=,t+kFcRdzL6o=,/M8gHzjxpNU=,xIqe+QQIQXQ=-t+kFcRdzL6o=,A4tgQv5cqkc=,17,41
2023-01-16,xIqe+QQIQXQ=,t+kFcRdzL6o=,/M8gHzjxpNU=,t+kFcRdzL6o=-/M8gHzjxpNU=,A4tgQv5cqkc=,16,46
2023-01-16,xIqe+QQIQXQ=,t+kFcRdzL6o=,/M8gHzjxpNU=,xIqe+QQIQXQ=-/M8gHzjxpNU=,A4tgQv5cqkc=,16,41
2023-01-16,xIqe+QQIQXQ=,t+kFcRdzL6o=,/M8gHzjxpNU=,xIqe+QQIQXQ=-t+kFcRdzL6o=,A4tgQv5cqkc=,16,41
2023-01-16,xIqe+QQIQXQ=,t+kFcRdzL6o=,/M8gHzjxpNU=,t+kFcRdzL6o=-/M8gHzjxpNU=,A4tgQv5cqkc=,15,51
2023-01-16,xIqe+QQIQXQ=,t+kFcRdzL6o=,/M8gHzjxpNU=,xIqe+QQIQXQ=-/M8gHzjxpNU=,A4tgQv5cqkc=,15,46
2023-01-16,xIqe+QQIQXQ=,t+kFcRdzL6o=,/M8gHzjxpNU=,xIqe+QQIQXQ=-t+kFcRdzL6o=,A4tgQv5cqkc=,15,46
2023-01-16,xIqe+QQIQXQ=,t+kFcRdzL6o=,/M8gHzjxpNU=,t+kFcRdzL6o=-/M8gHzjxpNU=,A4tgQv5cqkc=,14,58
2023-01-16,xIqe+QQIQXQ=,t+kFcRdzL6o=,/M8gHzjxpNU=,xIqe+QQIQXQ=-/M8gHzjxpNU=,A4tgQv5cqkc=,14,53
2023-01-16,xIqe+QQIQXQ=,t+kFcRdzL6o=,/M8gHzjxpNU=,xIqe+QQIQXQ=-t+kFcRdzL6o=,A4tgQv5cqkc=,14,53
2023-01-16,xIqe+QQIQXQ=,t+kFcRdzL6o=,/M8gHzjxpNU=,t+kFcRdzL6o=-/M8gHzjxpNU=,A4tgQv5cqkc=,13,59
2023-01-16,xIqe+QQIQXQ=,t+kFcRdzL6o=,/M8gHzjxpNU=,xIqe+QQIQXQ=-/M8gHzjxpNU=,A4tgQv5cqkc=,13,55
2023-01-16,xIqe+QQIQXQ=,t+kFcRdzL6o=,/M8gHzjxpNU=,xIqe+QQIQXQ=-t+kFcRdzL6o=,A4tgQv5cqkc=,13,55
2023-01-16,xIqe+QQIQXQ=,t+kFcRdzL6o=,/M8gHzjxpNU=,t+kFcRdzL6o=-/M8gHzjxpNU=,A4tgQv5cqkc=,12,61
2023-01-16,xIqe+QQIQXQ=,t+kFcRdzL6o=,/M8gHzjxpNU=,xIqe+QQIQXQ=-/M8gHzjxpNU=,A4tgQv5cqkc=,12,57
2023-01-16,xIqe+QQIQXQ=,t+kFcRdzL6o=,/M8gHzjxpNU=,xIqe+QQIQXQ=-t+kFcRdzL6o=,A4tgQv5cqkc=,12,57
2023-01-16,xIqe+QQIQXQ=,t+kFcRdzL6o=,/M8gHzjxpNU=,t+kFcRdzL6o=-/M8gHzjxpNU=,A4tgQv5cqkc=,11,66
2023-01-16,xIqe+QQIQXQ=,t+kFcRdzL6o=,/M8gHzjxpNU=,xIqe+QQIQXQ=-/M8gHzjxpNU=,A4tgQv5cqkc=,11,63
2023-01-16,xIqe+QQIQXQ=,t+kFcRdzL6o=,/M8gHzjxpNU=,xIqe+QQIQXQ=-t+kFcRdzL6o=,A4tgQv5cqkc=,11,63
2023-01-16,xIqe+QQIQXQ=,t+kFcRdzL6o=,/M8gHzjxpNU=,t+kFcRdzL6o=-/M8gHzjxpNU=,A4tgQv5cqkc=,10,69
2023-01-16,xIqe+QQIQXQ=,t+kFcRdzL6o=,/M8gHzjxpNU=,xIqe+QQIQXQ=-/M8gHzjxpNU=,A4tgQv5cqkc=,10,67
2023-01-16,xIqe+QQIQXQ=,t+kFcRdzL6o=,/M8gHzjxpNU=,xIqe+QQIQXQ=-t+kFcRdzL6o=,A4tgQv5cqkc=,10,67
2023-01-16,xIqe+QQIQXQ=,t+kFcRdzL6o=,/M8gHzjxpNU=,t+kFcRdzL6o=-/M8gHzjxpNU=,A4tgQv5cqkc=,9,72
2023-01-16,xIqe+QQIQXQ=,t+kFcRdzL6o=,/M8gHzjxpNU=,xIqe+QQIQXQ=-/M8gHzjxpNU=,A4tgQv5cqkc=,9,70
2023-01-16,xIqe+QQIQXQ=,t+kFcRdzL6o=,/M8gHzjxpNU=,xIqe+QQIQXQ=-t+kFcRdzL6o=,A4tgQv5cqkc=,9,70
2023-01-16,xIqe+QQIQXQ=,t+kFcRdzL6o=,/M8gHzjxpNU=,t+kFcRdzL6o=-/M8gHzjxpNU=,A4tgQv5cqkc=,8,96
2023-01-16,xIqe+QQIQXQ=,t+kFcRdzL6o=,/M8gHzjxpNU=,xIqe+QQIQXQ=-/M8gHzjxpNU=,A4tgQv5cqkc=,8,94
2023-01-16,xIqe+QQIQXQ=,t+kFcRdzL6o=,/M8gHzjxpNU=,xIqe+QQIQXQ=-t+kFcRdzL6o=,A4tgQv5cqkc=,8,94
2023-01-16,xIqe+QQIQXQ=,t+kFcRdzL6o=,/M8gHzjxpNU=,t+kFcRdzL6o=-/M8gHzjxpNU=,A4tgQv5cqkc=,7,117
2023-01-16,xIqe+QQIQXQ=,t+kFcRdzL6o=,/M8gHzjxpNU=,xIqe+QQIQXQ=-/M8gHzjxpNU=,A4tgQv5cqkc=,7,115
2023-01-16,xIqe+QQIQXQ=,t+kFcRdzL6o=,/M8gHzjxpNU=,xIqe+QQIQXQ=-t+kFcRdzL6o=,A4tgQv5cqkc=,7,115
2023-01-16,xIqe+QQIQXQ=,t+kFcRdzL6o=,/M8gHzjxpNU=,t+kFcRdzL6o=-/M8gHzjxpNU=,A4tgQv5cqkc=,6,146
2023-01-16,xIqe+QQIQXQ=,t+kFcRdzL6o=,/M8gHzjxpNU=,xIqe+QQIQXQ=-/M8gHzjxpNU=,A4tgQv5cqkc=,6,145
2023-01-16,xIqe+QQIQXQ=,t+kFcRdzL6o=,/M8gHzjxpNU=,xIqe+QQIQXQ=-t+kFcRdzL6o=,A4tgQv5cqkc=,6,145
2023-01-16,xIqe+QQIQXQ=,t+kFcRdzL6o=,/M8gHzjxpNU=,t+kFcRdzL6o=-/M8gHzjxpNU=,A4tgQv5cqkc=,5,154
2023-01-16,xIqe+QQIQXQ=,t+kFcRdzL6o=,/M8gHzjxpNU=,xIqe+QQIQXQ=-/M8gHzjxpNU=,A4tgQv5cqkc=,5,153
2023-01-16,xIqe+QQIQXQ=,t+kFcRdzL6o=,/M8gHzjxpNU=,xIqe+QQIQXQ=-t+kFcRdzL6o=,A4tgQv5cqkc=,5,153
2023-01-16,xIqe+QQIQXQ=,t+kFcRdzL6o=,/M8gHzjxpNU=,t+kFcRdzL6o=-/M8gHzjxpNU=,A4tgQv5cqkc=,4,158
2023-01-16,xIqe+QQIQXQ=,t+kFcRdzL6o=,/M8gHzjxpNU=,xIqe+QQIQXQ=-/M8gHzjxpNU=,A4tgQv5cqkc=,4,156
2023-01-16,xIqe+QQIQXQ=,t+kFcRdzL6o=,/M8gHzjxpNU=,xIqe+QQIQXQ=-t+kFcRdzL6o=,A4tgQv5cqkc=,4,156
2023-01-16,xIqe+QQIQXQ=,t+kFcRdzL6o=,/M8gHzjxpNU=,t+kFcRdzL6o=-/M8gHzjxpNU=,A4tgQv5cqkc=,3,167
2023-01-16,xIqe+QQIQXQ=,t+kFcRdzL6o=,/M8gHzjxpNU=,xIqe+QQIQXQ=-/M8gHzjxpNU=,A4tgQv5cqkc=,3,164
2023-01-16,xIqe+QQIQXQ=,t+kFcRdzL6o=,/M8gHzjxpNU=,xIqe+QQIQXQ=-t+kFcRdzL6o=,A4tgQv5cqkc=,3,164
2023-01-16,xIqe+QQIQXQ=,t+kFcRdzL6o=,/M8gHzjxpNU=,t+kFcRdzL6o=-/M8gHzjxpNU=,A4tgQv5cqkc=,2,167
2023-01-16,xIqe+QQIQXQ=,t+kFcRdzL6o=,/M8gHzjxpNU=,xIqe+QQIQXQ=-/M8gHzjxpNU=,A4tgQv5cqkc=,2,167
2023-01-16,xIqe+QQIQXQ=,t+kFcRdzL6o=,/M8gHzjxpNU=,xIqe+QQIQXQ=-t+kFcRdzL6o=,A4tgQv5cqkc=,2,167
2023-01-16,xIqe+QQIQXQ=,t+kFcRdzL6o=,/M8gHzjxpNU=,t+kFcRdzL6o=-/M8gHzjxpNU=,A4tgQv5cqkc=,1,167
2023-01-16,xIqe+QQIQXQ=,t+kFcRdzL6o=,/M8gHzjxpNU=,xIqe+QQIQXQ=-/M8gHzjxpNU=,A4tgQv5cqkc=,1,167
2023-01-16,xIqe+QQIQXQ=,t+kFcRdzL6o=,/M8gHzjxpNU=,xIqe+QQIQXQ=-t+kFcRdzL6o=,A4tgQv5cqkc=,1,167
2023-01-16,xIqe+QQIQXQ=,t+kFcRdzL6o=,/M8gHzjxpNU=,t+kFcRdzL6o=-/M8gHzjxpNU=,A4tgQv5cqkc=,0,169
2023-01-16,xIqe+QQIQXQ=,t+kFcRdzL6o=,/M8gHzjxpNU=,xIqe+QQIQXQ=-/M8gHzjxpNU=,A4tgQv5cqkc=,0,169
2023-01-16,xIqe+QQIQXQ=,t+kFcRdzL6o=,/M8gHzjxpNU=,xIqe+QQIQXQ=-t+kFcRdzL6o=,A4tgQv5cqkc=,0,169
2023-01-16,xIqe+QQIQXQ=,t+kFcRdzL6o=,/M8gHzjxpNU=,t+kFcRdzL6o=-/M8gHzjxpNU=,A4tgQv5cqkc=,-1,169
2023-01-16,xIqe+QQIQXQ=,t+kFcRdzL6o=,/M8gHzjxpNU=,xIqe+QQIQXQ=-/M8gHzjxpNU=,A4tgQv5cqkc=,-1,169
2023-01-16,xIqe+QQIQXQ=,t+kFcRdzL6o=,/M8gHzjxpNU=,xIqe+QQIQXQ=-t+kFcRdzL6o=,A4tgQv5cqkc=,-1,169
2023-01-18,xIqe+QQIQXQ=,t+kFcRdzL6o=,/M8gHzjxpNU=,t+kFcRdzL6o=-/M8gHzjxpNU=,A4tgQv5cqkc=,29,18
2023-01-18,xIqe+QQIQXQ=,t+kFcRdzL6o=,/M8gHzjxpNU=,xIqe+QQIQXQ=-/M8gHzjxpNU=,A4tgQv5cqkc=,29,17
2023-01-18,xIqe+QQIQXQ=,t+kFcRdzL6o=,/M8gHzjxpNU=,xIqe+QQIQXQ=-t+kFcRdzL6o=,A4tgQv5cqkc=,29,17
2023-01-18,xIqe+QQIQXQ=,t+kFcRdzL6o=,/M8gHzjxpNU=,t+kFcRdzL6o=-/M8gHzjxpNU=,A4tgQv5cqkc=,28,18
2023-01-18,xIqe+QQIQXQ=,t+kFcRdzL6o=,/M8gHzjxpNU=,xIqe+QQIQXQ=-/M8gHzjxpNU=,A4tgQv5cqkc=,28,17
2023-01-18,xIqe+QQIQXQ=,t+kFcRdzL6o=,/M8gHzjxpNU=,xIqe+QQIQXQ=-t+kFcRdzL6o=,A4tgQv5cqkc=,28,17
2023-01-18,xIqe+QQIQXQ=,t+kFcRdzL6o=,/M8gHzjxpNU=,t+kFcRdzL6o=-/M8gHzjxpNU=,A4tgQv5cqkc=,27,24
2023-01-18,xIqe+QQIQXQ=,t+kFcRdzL6o=,/M8gHzjxpNU=,xIqe+QQIQXQ=-/M8gHzjxpNU=,A4tgQv5cqkc=,27,27
2023-01-18,xIqe+QQIQXQ=,t+kFcRdzL6o=,/M8gHzjxpNU=,xIqe+QQIQXQ=-t+kFcRdzL6o=,A4tgQv5cqkc=,27,27
2023-01-18,xIqe+QQIQXQ=,t+kFcRdzL6o=,/M8gHzjxpNU=,t+kFcRdzL6o=-/M8gHzjxpNU=,A4tgQv5cqkc=,26,28
2023-01-18,xIqe+QQIQXQ=,t+kFcRdzL6o=,/M8gHzjxpNU=,xIqe+QQIQXQ=-/M8gHzjxpNU=,A4tgQv5cqkc=,26,31
2023-01-18,xIqe+QQIQXQ=,t+kFcRdzL6o=,/M8gHzjxpNU=,xIqe+QQIQXQ=-t+kFcRdzL6o=,A4tgQv5cqkc=,26,31
2023-01-18,xIqe+QQIQXQ=,t+kFcRdzL6o=,/M8gHzjxpNU=,t+kFcRdzL6o=-/M8gHzjxpNU=,A4tgQv5cqkc=,25,31
2023-01-18,xIqe+QQIQXQ=,t+kFcRdzL6o=,/M8gHzjxpNU=,xIqe+QQIQXQ=-/M8gHzjxpNU=,A4tgQv5cqkc=,25,34
2023-01-18,xIqe+QQIQXQ=,t+kFcRdzL6o=,/M8gHzjxpNU=,xIqe+QQIQXQ=-t+kFcRdzL6o=,A4tgQv5cqkc=,25,34
2023-01-18,xIqe+QQIQXQ=,t+kFcRdzL6o=,/M8gHzjxpNU=,t+kFcRdzL6o=-/M8gHzjxpNU=,A4tgQv5cqkc=,24,33
2023-01-18,xIqe+QQIQXQ=,t+kFcRdzL6o=,/M8gHzjxpNU=,xIqe+QQIQXQ=-/M8gHzjxpNU=,A4tgQv5cqkc=,24,36
2023-01-18,xIqe+QQIQXQ=,t+kFcRdzL6o=,/M8gHzjxpNU=,xIqe+QQIQXQ=-t+kFcRdzL6o=,A4tgQv5cqkc=,24,36
2023-01-18,xIqe+QQIQXQ=,t+kFcRdzL6o=,/M8gHzjxpNU=,t+kFcRdzL6o=-/M8gHzjxpNU=,A4tgQv5cqkc=,23,35
2023-01-18,xIqe+QQIQXQ=,t+kFcRdzL6o=,/M8gHzjxpNU=,xIqe+QQIQXQ=-/M8gHzjxpNU=,A4tgQv5cqkc=,23,39
2023-01-18,xIqe+QQIQXQ=,t+kFcRdzL6o=,/M8gHzjxpNU=,xIqe+QQIQXQ=-t+kFcRdzL6o=,A4tgQv5cqkc=,23,39
2023-01-18,xIqe+QQIQXQ=,t+kFcRdzL6o=,/M8gHzjxpNU=,t+kFcRdzL6o=-/M8gHzjxpNU=,A4tgQv5cqkc=,22,37
2023-01-18,xIqe+QQIQXQ=,t+kFcRdzL6o=,/M8gHzjxpNU=,xIqe+QQIQXQ=-/M8gHzjxpNU=,A4tgQv5cqkc=,22,41
2023-01-18,xIqe+QQIQXQ=,t+kFcRdzL6o=,/M8gHzjxpNU=,xIqe+QQIQXQ=-t+kFcRdzL6o=,A4tgQv5cqkc=,22,41
2023-01-18,xIqe+QQIQXQ=,t+kFcRdzL6o=,/M8gHzjxpNU=,t+kFcRdzL6o=-/M8gHzjxpNU=,A4tgQv5cqkc=,21,37
2023-01-18,xIqe+QQIQXQ=,t+kFcRdzL6o=,/M8gHzjxpNU=,xIqe+QQIQXQ=-/M8gHzjxpNU=,A4tgQv5cqkc=,21,42
2023-01-18,xIqe+QQIQXQ=,t+kFcRdzL6o=,/M8gHzjxpNU=,xIqe+QQIQXQ=-t+kFcRdzL6o=,A4tgQv5cqkc=,21,42
2023-01-18,xIqe+QQIQXQ=,t+kFcRdzL6o=,/M8gHzjxpNU=,t+kFcRdzL6o=-/M8gHzjxpNU=,A4tgQv5cqkc=,20,41
2023-01-18,xIqe+QQIQXQ=,t+kFcRdzL6o=,/M8gHzjxpNU=,xIqe+QQIQXQ=-/M8gHzjxpNU=,A4tgQv5cqkc=,20,46
2023-01-18,xIqe+QQIQXQ=,t+kFcRdzL6o=,/M8gHzjxpNU=,xIqe+QQIQXQ=-t+kFcRdzL6o=,A4tgQv5cqkc=,20,46
2023-01-18,xIqe+QQIQXQ=,t+kFcRdzL6o=,/M8gHzjxpNU=,t+kFcRdzL6o=-/M8gHzjxpNU=,A4tgQv5cqkc=,19,45
2023-01-18,xIqe+QQIQXQ=,t+kFcRdzL6o=,/M8gHzjxpNU=,xIqe+QQIQXQ=-/M8gHzjxpNU=,A4tgQv5cqkc=,19,51
2023-01-18,xIqe+QQIQXQ=,t+kFcRdzL6o=,/M8gHzjxpNU=,xIqe+QQIQXQ=-t+kFcRdzL6o=,A4tgQv5cqkc=,19,51
2023-01-18,xIqe+QQIQXQ=,t+kFcRdzL6o=,/M8gHzjxpNU=,t+kFcRdzL6o=-/M8gHzjxpNU=,A4tgQv5cqkc=,18,52
2023-01-18,xIqe+QQIQXQ=,t+kFcRdzL6o=,/M8gHzjxpNU=,xIqe+QQIQXQ=-/M8gHzjxpNU=,A4tgQv5cqkc=,18,58
2023-01-18,xIqe+QQIQXQ=,t+kFcRdzL6o=,/M8gHzjxpNU=,xIqe+QQIQXQ=-t+kFcRdzL6o=,A4tgQv5cqkc=,18,58
2023-01-18,xIqe+QQIQXQ=,t+kFcRdzL6o=,/M8gHzjxpNU=,t+kFcRdzL6o=-/M8gHzjxpNU=,A4tgQv5cqkc=,17,53
2023-01-18,xIqe+QQIQXQ=,t+kFcRdzL6o=,/M8gHzjxpNU=,xIqe+QQIQXQ=-/M8gHzjxpNU=,A4tgQv5cqkc=,17,58
2023-01-18,xIqe+QQIQXQ=,t+kFcRdzL6o=,/M8gHzjxpNU=,xIqe+QQIQXQ=-t+kFcRdzL6o=,A4tgQv5cqkc=,17,58
2023-01-18,xIqe+QQIQXQ=,t+kFcRdzL6o=,/M8gHzjxpNU=,t+kFcRdzL6o=-/M8gHzjxpNU=,A4tgQv5cqkc=,16,53
2023-01-18,xIqe+QQIQXQ=,t+kFcRdzL6o=,/M8gHzjxpNU=,xIqe+QQIQXQ=-/M8gHzjxpNU=,A4tgQv5cqkc=,16,58
2023-01-18,xIqe+QQIQXQ=,t+kFcRdzL6o=,/M8gHzjxpNU=,xIqe+QQIQXQ=-t+kFcRdzL6o=,A4tgQv5cqkc=,16,58
2023-01-18,xIqe+QQIQXQ=,t+kFcRdzL6o=,/M8gHzjxpNU=,t+kFcRdzL6o=-/M8gHzjxpNU=,A4tgQv5cqkc=,15,55
2023-01-18,xIqe+QQIQXQ=,t+kFcRdzL6o=,/M8gHzjxpNU=,xIqe+QQIQXQ=-/M8gHzjxpNU=,A4tgQv5cqkc=,15,60
2023-01-18,xIqe+QQIQXQ=,t+kFcRdzL6o=,/M8gHzjxpNU=,xIqe+QQIQXQ=-t+kFcRdzL6o=,A4tgQv5cqkc=,15,60
2023-01-18,xIqe+QQIQXQ=,t+kFcRdzL6o=,/M8gHzjxpNU=,t+kFcRdzL6o=-/M8gHzjxpNU=,A4tgQv5cqkc=,14,55
2023-01-18,xIqe+QQIQXQ=,t+kFcRdzL6o=,/M8gHzjxpNU=,xIqe+QQIQXQ=-/M8gHzjxpNU=,A4tgQv5cqkc=,14,62
2023-01-18,xIqe+QQIQXQ=,t+kFcRdzL6o=,/M8gHzjxpNU=,xIqe+QQIQXQ=-t+kFcRdzL6o=,A4tgQv5cqkc=,14,62
2023-01-18,xIqe+QQIQXQ=,t+kFcRdzL6o=,/M8gHzjxpNU=,t+kFcRdzL6o=-/M8gHzjxpNU=,A4tgQv5cqkc=,13,61
2023-01-18,xIqe+QQIQXQ=,t+kFcRdzL6o=,/M8gHzjxpNU=,xIqe+QQIQXQ=-/M8gHzjxpNU=,A4tgQv5cqkc=,13,69
2023-01-18,xIqe+QQIQXQ=,t+kFcRdzL6o=,/M8gHzjxpNU=,xIqe+QQIQXQ=-t+kFcRdzL6o=,A4tgQv5cqkc=,13,69
2023-01-18,xIqe+QQIQXQ=,t+kFcRdzL6o=,/M8gHzjxpNU=,t+kFcRdzL6o=-/M8gHzjxpNU=,A4tgQv5cqkc=,12,66
2023-01-18,xIqe+QQIQXQ=,t+kFcRdzL6o=,/M8gHzjxpNU=,xIqe+QQIQXQ=-/M8gHzjxpNU=,A4tgQv5cqkc=,12,75
2023-01-18,xIqe+QQIQXQ=,t+kFcRdzL6o=,/M8gHzjxpNU=,xIqe+QQIQXQ=-t+kFcRdzL6o=,A4tgQv5cqkc=,12,75
2023-01-18,xIqe+QQIQXQ=,t+kFcRdzL6o=,/M8gHzjxpNU=,t+kFcRdzL6o=-/M8gHzjxpNU=,A4tgQv5cqkc=,11,74
2023-01-18,xIqe+QQIQXQ=,t+kFcRdzL6o=,/M8gHzjxpNU=,xIqe+QQIQXQ=-/M8gHzjxpNU=,A4tgQv5cqkc=,11,82
2023-01-18,xIqe+QQIQXQ=,t+kFcRdzL6o=,/M8gHzjxpNU=,xIqe+QQIQXQ=-t+kFcRdzL6o=,A4tgQv5cqkc=,11,82
2023-01-18,xIqe+QQIQXQ=,t+kFcRdzL6o=,/M8gHzjxpNU=,t+kFcRdzL6o=-/M8gHzjxpNU=,A4tgQv5cqkc=,10,84
2023-01-18,xIqe+QQIQXQ=,t+kFcRdzL6o=,/M8gHzjxpNU=,xIqe+QQIQXQ=-/M8gHzjxpNU=,A4tgQv5cqkc=,10,91
2023-01-18,xIqe+QQIQXQ=,t+kFcRdzL6o=,/M8gHzjxpNU=,xIqe+QQIQXQ=-t+kFcRdzL6o=,A4tgQv5cqkc=,10,91
2023-01-18,xIqe+QQIQXQ=,t+kFcRdzL6o=,/M8gHzjxpNU=,t+kFcRdzL6o=-/M8gHzjxpNU=,A4tgQv5cqkc=,9,102
2023-01-18,xIqe+QQIQXQ=,t+kFcRdzL6o=,/M8gHzjxpNU=,xIqe+QQIQXQ=-/M8gHzjxpNU=,A4tgQv5cqkc=,9,111
2023-01-18,xIqe+QQIQXQ=,t+kFcRdzL6o=,/M8gHzjxpNU=,xIqe+QQIQXQ=-t+kFcRdzL6o=,A4tgQv5cqkc=,9,111
2023-01-18,xIqe+QQIQXQ=,t+kFcRdzL6o=,/M8gHzjxpNU=,t+kFcRdzL6o=-/M8gHzjxpNU=,A4tgQv5cqkc=,8,108
2023-01-18,xIqe+QQIQXQ=,t+kFcRdzL6o=,/M8gHzjxpNU=,xIqe+QQIQXQ=-/M8gHzjxpNU=,A4tgQv5cqkc=,8,118
2023-01-18,xIqe+QQIQXQ=,t+kFcRdzL6o=,/M8gHzjxpNU=,xIqe+QQIQXQ=-t+kFcRdzL6o=,A4tgQv5cqkc=,8,118
2023-01-18,xIqe+QQIQXQ=,t+kFcRdzL6o=,/M8gHzjxpNU=,t+kFcRdzL6o=-/M8gHzjxpNU=,A4tgQv5cqkc=,7,118
2023-01-18,xIqe+QQIQXQ=,t+kFcRdzL6o=,/M8gHzjxpNU=,xIqe+QQIQXQ=-/M8gHzjxpNU=,A4tgQv5cqkc=,7,128
2023-01-18,xIqe+QQIQXQ=,t+kFcRdzL6o=,/M8gHzjxpNU=,xIqe+QQIQXQ=-t+kFcRdzL6o=,A4tgQv5cqkc=,7,128
2023-01-18,xIqe+QQIQXQ=,t+kFcRdzL6o=,/M8gHzjxpNU=,t+kFcRdzL6o=-/M8gHzjxpNU=,A4tgQv5cqkc=,6,139
2023-01-18,xIqe+QQIQXQ=,t+kFcRdzL6o=,/M8gHzjxpNU=,xIqe+QQIQXQ=-/M8gHzjxpNU=,A4tgQv5cqkc=,6,145
2023-01-18,xIqe+QQIQXQ=,t+kFcRdzL6o=,/M8gHzjxpNU=,xIqe+QQIQXQ=-t+kFcRdzL6o=,A4tgQv5cqkc=,6,145
2023-01-18,xIqe+QQIQXQ=,t+kFcRdzL6o=,/M8gHzjxpNU=,t+kFcRdzL6o=-/M8gHzjxpNU=,A4tgQv5cqkc=,5,143
2023-01-18,xIqe+QQIQXQ=,t+kFcRdzL6o=,/M8gHzjxpNU=,xIqe+QQIQXQ=-/M8gHzjxpNU=,A4tgQv5cqkc=,5,149
2023-01-18,xIqe+QQIQXQ=,t+kFcRdzL6o=,/M8gHzjxpNU=,xIqe+QQIQXQ=-t+kFcRdzL6o=,A4tgQv5cqkc=,5,149
2023-01-18,xIqe+QQIQXQ=,t+kFcRdzL6o=,/M8gHzjxpNU=,t+kFcRdzL6o=-/M8gHzjxpNU=,A4tgQv5cqkc=,4,143
2023-01-18,xIqe+QQIQXQ=,t+kFcRdzL6o=,/M8gHzjxpNU=,xIqe+QQIQXQ=-/M8gHzjxpNU=,A4tgQv5cqkc=,4,154
2023-01-18,xIqe+QQIQXQ=,t+kFcRdzL6o=,/M8gHzjxpNU=,xIqe+QQIQXQ=-t+kFcRdzL6o=,A4tgQv5cqkc=,4,154
2023-01-18,xIqe+QQIQXQ=,t+kFcRdzL6o=,/M8gHzjxpNU=,t+kFcRdzL6o=-/M8gHzjxpNU=,A4tgQv5cqkc=,3,151
2023-01-18,xIqe+QQIQXQ=,t+kFcRdzL6o=,/M8gHzjxpNU=,xIqe+QQIQXQ=-/M8gHzjxpNU=,A4tgQv5cqkc=,3,161
2023-01-18,xIqe+QQIQXQ=,t+kFcRdzL6o=,/M8gHzjxpNU=,xIqe+QQIQXQ=-t+kFcRdzL6o=,A4tgQv5cqkc=,3,161
2023-01-18,xIqe+QQIQXQ=,t+kFcRdzL6o=,/M8gHzjxpNU=,t+kFcRdzL6o=-/M8gHzjxpNU=,A4tgQv5cqkc=,2,162
2023-01-18,xIqe+QQIQXQ=,t+kFcRdzL6o=,/M8gHzjxpNU=,xIqe+QQIQXQ=-/M8gHzjxpNU=,A4tgQv5cqkc=,2,171
2023-01-18,xIqe+QQIQXQ=,t+kFcRdzL6o=,/M8gHzjxpNU=,xIqe+QQIQXQ=-t+kFcRdzL6o=,A4tgQv5cqkc=,2,171
2023-01-18,xIqe+QQIQXQ=,t+kFcRdzL6o=,/M8gHzjxpNU=,t+kFcRdzL6o=-/M8gHzjxpNU=,A4tgQv5cqkc=,1,172
2023-01-18,xIqe+QQIQXQ=,t+kFcRdzL6o=,/M8gHzjxpNU=,xIqe+QQIQXQ=-/M8gHzjxpNU=,A4tgQv5cqkc=,1,179
2023-01-18,xIqe+QQIQXQ=,t+kFcRdzL6o=,/M8gHzjxpNU=,xIqe+QQIQXQ=-t+kFcRdzL6o=,A4tgQv5cqkc=,1,179
2023-01-18,xIqe+QQIQXQ=,t+kFcRdzL6o=,/M8gHzjxpNU=,t+kFcRdzL6o=-/M8gHzjxpNU=,A4tgQv5cqkc=,0,173
2023-01-18,xIqe+QQIQXQ=,t+kFcRdzL6o=,/M8gHzjxpNU=,xIqe+QQIQXQ=-/M8gHzjxpNU=,A4tgQv5cqkc=,0,179
2023-01-18,xIqe+QQIQXQ=,t+kFcRdzL6o=,/M8gHzjxpNU=,xIqe+QQIQXQ=-t+kFcRdzL6o=,A4tgQv5cqkc=,0,179
2023-01-18,xIqe+QQIQXQ=,t+kFcRdzL6o=,/M8gHzjxpNU=,t+kFcRdzL6o=-/M8gHzjxpNU=,A4tgQv5cqkc=,-1,173
2023-01-18,xIqe+QQIQXQ=,t+kFcRdzL6o=,/M8gHzjxpNU=,xIqe+QQIQXQ=-/M8gHzjxpNU=,A4tgQv5cqkc=,-1,178
2023-01-18,xIqe+QQIQXQ=,t+kFcRdzL6o=,/M8gHzjxpNU=,xIqe+QQIQXQ=-t+kFcRdzL6o=,A4tgQv5cqkc=,-1,178
2023-01-20,xIqe+QQIQXQ=,t+kFcRdzL6o=,/M8gHzjxpNU=,t+kFcRdzL6o=-/M8gHzjxpNU=,A4tgQv5cqkc=,29,15
2023-01-20,xIqe+QQIQXQ=,t+kFcRdzL6o=,/M8gHzjxpNU=,xIqe+QQIQXQ=-/M8gHzjxpNU=,A4tgQv5cqkc=,29,10
2023-01-20,xIqe+QQIQXQ=,t+kFcRdzL6o=,/M8gHzjxpNU=,xIqe+QQIQXQ=-t+kFcRdzL6o=,A4tgQv5cqkc=,29,10
2023-01-20,xIqe+QQIQXQ=,t+kFcRdzL6o=,/M8gHzjxpNU=,t+kFcRdzL6o=-/M8gHzjxpNU=,A4tgQv5cqkc=,28,22
2023-01-20,xIqe+QQIQXQ=,t+kFcRdzL6o=,/M8gHzjxpNU=,xIqe+QQIQXQ=-/M8gHzjxpNU=,A4tgQv5cqkc=,28,17
2023-01-20,xIqe+QQIQXQ=,t+kFcRdzL6o=,/M8gHzjxpNU=,xIqe+QQIQXQ=-t+kFcRdzL6o=,A4tgQv5cqkc=,28,17
2023-01-20,xIqe+QQIQXQ=,t+kFcRdzL6o=,/M8gHzjxpNU=,t+kFcRdzL6o=-/M8gHzjxpNU=,A4tgQv5cqkc=,27,28
2023-01-20,xIqe+QQIQXQ=,t+kFcRdzL6o=,/M8gHzjxpNU=,xIqe+QQIQXQ=-/M8gHzjxpNU=,A4tgQv5cqkc=,27,23
2023-01-20,xIqe+QQIQXQ=,t+kFcRdzL6o=,/M8gHzjxpNU=,xIqe+QQIQXQ=-t+kFcRdzL6o=,A4tgQv5cqkc=,27,23
2023-01-20,xIqe+QQIQXQ=,t+kFcRdzL6o=,/M8gHzjxpNU=,t+kFcRdzL6o=-/M8gHzjxpNU=,A4tgQv5cqkc=,26,28
2023-01-20,xIqe+QQIQXQ=,t+kFcRdzL6o=,/M8gHzjxpNU=,xIqe+QQIQXQ=-/M8gHzjxpNU=,A4tgQv5cqkc=,26,23
2023-01-20,xIqe+QQIQXQ=,t+kFcRdzL6o=,/M8gHzjxpNU=,xIqe+QQIQXQ=-t+kFcRdzL6o=,A4tgQv5cqkc=,26,23
2023-01-20,xIqe+QQIQXQ=,t+kFcRdzL6o=,/M8gHzjxpNU=,t+kFcRdzL6o=-/M8gHzjxpNU=,A4tgQv5cqkc=,25,28
2023-01-20,xIqe+QQIQXQ=,t+kFcRdzL6o=,/M8gHzjxpNU=,xIqe+QQIQXQ=-/M8gHzjxpNU=,A4tgQv5cqkc=,25,23
2023-01-20,xIqe+QQIQXQ=,t+kFcRdzL6o=,/M8gHzjxpNU=,xIqe+QQIQXQ=-t+kFcRdzL6o=,A4tgQv5cqkc=,25,23
2023-01-20,xIqe+QQIQXQ=,t+kFcRdzL6o=,/M8gHzjxpNU=,t+kFcRdzL6o=-/M8gHzjxpNU=,A4tgQv5cqkc=,24,30
2023-01-20,xIqe+QQIQXQ=,t+kFcRdzL6o=,/M8gHzjxpNU=,xIqe+QQIQXQ=-/M8gHzjxpNU=,A4tgQv5cqkc=,24,25
2023-01-20,xIqe+QQIQXQ=,t+kFcRdzL6o=,/M8gHzjxpNU=,xIqe+QQIQXQ=-t+kFcRdzL6o=,A4tgQv5cqkc=,24,25
2023-01-20,xIqe+QQIQXQ=,t+kFcRdzL6o=,/M8gHzjxpNU=,t+kFcRdzL6o=-/M8gHzjxpNU=,A4tgQv5cqkc=,23,30
2023-01-20,xIqe+QQIQXQ=,t+kFcRdzL6o=,/M8gHzjxpNU=,xIqe+QQIQXQ=-/M8gHzjxpNU=,A4tgQv5cqkc=,23,25
2023-01-20,xIqe+QQIQXQ=,t+kFcRdzL6o=,/M8gHzjxpNU=,xIqe+QQIQXQ=-t+kFcRdzL6o=,A4tgQv5cqkc=,23,25
2023-01-20,xIqe+QQIQXQ=,t+kFcRdzL6o=,/M8gHzjxpNU=,t+kFcRdzL6o=-/M8gHzjxpNU=,A4tgQv5cqkc=,22,41
2023-01-20,xIqe+QQIQXQ=,t+kFcRdzL6o=,/M8gHzjxpNU=,xIqe+QQIQXQ=-/M8gHzjxpNU=,A4tgQv5cqkc=,22,36
2023-01-20,xIqe+QQIQXQ=,t+kFcRdzL6o=,/M8gHzjxpNU=,xIqe+QQIQXQ=-t+kFcRdzL6o=,A4tgQv5cqkc=,22,36
2023-01-20,xIqe+QQIQXQ=,t+kFcRdzL6o=,/M8gHzjxpNU=,t+kFcRdzL6o=-/M8gHzjxpNU=,A4tgQv5cqkc=,21,43
2023-01-20,xIqe+QQIQXQ=,t+kFcRdzL6o=,/M8gHzjxpNU=,xIqe+QQIQXQ=-/M8gHzjxpNU=,A4tgQv5cqkc=,21,39
2023-01-20,xIqe+QQIQXQ=,t+kFcRdzL6o=,/M8gHzjxpNU=,xIqe+QQIQXQ=-t+kFcRdzL6o=,A4tgQv5cqkc=,21,39
2023-01-20,xIqe+QQIQXQ=,t+kFcRdzL6o=,/M8gHzjxpNU=,t+kFcRdzL6o=-/M8gHzjxpNU=,A4tgQv5cqkc=,20,45
2023-01-20,xIqe+QQIQXQ=,t+kFcRdzL6o=,/M8gHzjxpNU=,xIqe+QQIQXQ=-/M8gHzjxpNU=,A4tgQv5cqkc=,20,39
2023-01-20,xIqe+QQIQXQ=,t+kFcRdzL6o=,/M8gHzjxpNU=,xIqe+QQIQXQ=-t+kFcRdzL6o=,A4tgQv5cqkc=,20,39
2023-01-20,xIqe+QQIQXQ=,t+kFcRdzL6o=,/M8gHzjxpNU=,t+kFcRdzL6o=-/M8gHzjxpNU=,A4tgQv5cqkc=,19,49
2023-01-20,xIqe+QQIQXQ=,t+kFcRdzL6o=,/M8gHzjxpNU=,xIqe+QQIQXQ=-/M8gHzjxpNU=,A4tgQv5cqkc=,19,43
2023-01-20,xIqe+QQIQXQ=,t+kFcRdzL6o=,/M8gHzjxpNU=,xIqe+QQIQXQ=-t+kFcRdzL6o=,A4tgQv5cqkc=,19,43
2023-01-20,xIqe+QQIQXQ=,t+kFcRdzL6o=,/M8gHzjxpNU=,t+kFcRdzL6o=-/M8gHzjxpNU=,A4tgQv5cqkc=,18,51
2023-01-20,xIqe+QQIQXQ=,t+kFcRdzL6o=,/M8gHzjxpNU=,xIqe+QQIQXQ=-/M8gHzjxpNU=,A4tgQv5cqkc=,18,45
2023-01-20,xIqe+QQIQXQ=,t+kFcRdzL6o=,/M8gHzjxpNU=,xIqe+QQIQXQ=-t+kFcRdzL6o=,A4tgQv5cqkc=,18,45
2023-01-20,xIqe+QQIQXQ=,t+kFcRdzL6o=,/M8gHzjxpNU=,t+kFcRdzL6o=-/M8gHzjxpNU=,A4tgQv5cqkc=,17,51
2023-01-20,xIqe+QQIQXQ=,t+kFcRdzL6o=,/M8gHzjxpNU=,xIqe+QQIQXQ=-/M8gHzjxpNU=,A4tgQv5cqkc=,17,45
2023-01-20,xIqe+QQIQXQ=,t+kFcRdzL6o=,/M8gHzjxpNU=,xIqe+QQIQXQ=-t+kFcRdzL6o=,A4tgQv5cqkc=,17,45
2023-01-20,xIqe+QQIQXQ=,t+kFcRdzL6o=,/M8gHzjxpNU=,t+kFcRdzL6o=-/M8gHzjxpNU=,A4tgQv5cqkc=,16,51
2023-01-20,xIqe+QQIQXQ=,t+kFcRdzL6o=,/M8gHzjxpNU=,xIqe+QQIQXQ=-/M8gHzjxpNU=,A4tgQv5cqkc=,16,45
2023-01-20,xIqe+QQIQXQ=,t+kFcRdzL6o=,/M8gHzjxpNU=,xIqe+QQIQXQ=-t+kFcRdzL6o=,A4tgQv5cqkc=,16,45
2023-01-20,xIqe+QQIQXQ=,t+kFcRdzL6o=,/M8gHzjxpNU=,t+kFcRdzL6o=-/M8gHzjxpNU=,A4tgQv5cqkc=,15,71
2023-01-20,xIqe+QQIQXQ=,t+kFcRdzL6o=,/M8gHzjxpNU=,xIqe+QQIQXQ=-/M8gHzjxpNU=,A4tgQv5cqkc=,15,65
2023-01-20,xIqe+QQIQXQ=,t+kFcRdzL6o=,/M8gHzjxpNU=,xIqe+QQIQXQ=-t+kFcRdzL6o=,A4tgQv5cqkc=,15,65
2023-01-20,xIqe+QQIQXQ=,t+kFcRdzL6o=,/M8gHzjxpNU=,t+kFcRdzL6o=-/M8gHzjxpNU=,A4tgQv5cqkc=,14,83
2023-01-20,xIqe+QQIQXQ=,t+kFcRdzL6o=,/M8gHzjxpNU=,xIqe+QQIQXQ=-/M8gHzjxpNU=,A4tgQv5cqkc=,14,77
2023-01-20,xIqe+QQIQXQ=,t+kFcRdzL6o=,/M8gHzjxpNU=,xIqe+QQIQXQ=-t+kFcRdzL6o=,A4tgQv5cqkc=,14,77
2023-01-20,xIqe+QQIQXQ=,t+kFcRdzL6o=,/M8gHzjxpNU=,t+kFcRdzL6o=-/M8gHzjxpNU=,A4tgQv5cqkc=,13,104
2023-01-20,xIqe+QQIQXQ=,t+kFcRdzL6o=,/M8gHzjxpNU=,xIqe+QQIQXQ=-/M8gHzjxpNU=,A4tgQv5cqkc=,13,98
2023-01-20,xIqe+QQIQXQ=,t+kFcRdzL6o=,/M8gHzjxpNU=,xIqe+QQIQXQ=-t+kFcRdzL6o=,A4tgQv5cqkc=,13,98
2023-01-20,xIqe+QQIQXQ=,t+kFcRdzL6o=,/M8gHzjxpNU=,t+kFcRdzL6o=-/M8gHzjxpNU=,A4tgQv5cqkc=,12,129
2023-01-20,xIqe+QQIQXQ=,t+kFcRdzL6o=,/M8gHzjxpNU=,xIqe+QQIQXQ=-/M8gHzjxpNU=,A4tgQv5cqkc=,12,123
2023-01-20,xIqe+QQIQXQ=,t+kFcRdzL6o=,/M8gHzjxpNU=,xIqe+QQIQXQ=-t+kFcRdzL6o=,A4tgQv5cqkc=,12,123
2023-01-20,xIqe+QQIQXQ=,t+kFcRdzL6o=,/M8gHzjxpNU=,t+kFcRdzL6o=-/M8gHzjxpNU=,A4tgQv5cqkc=,11,131
2023-01-20,xIqe+QQIQXQ=,t+kFcRdzL6o=,/M8gHzjxpNU=,xIqe+QQIQXQ=-/M8gHzjxpNU=,A4tgQv5cqkc=,11,126
2023-01-20,xIqe+QQIQXQ=,t+kFcRdzL6o=,/M8gHzjxpNU=,xIqe+QQIQXQ=-t+kFcRdzL6o=,A4tgQv5cqkc=,11,126
2023-01-20,xIqe+QQIQXQ=,t+kFcRdzL6o=,/M8gHzjxpNU=,t+kFcRdzL6o=-/M8gHzjxpNU=,A4tgQv5cqkc=,10,134
2023-01-20,xIqe+QQIQXQ=,t+kFcRdzL6o=,/M8gHzjxpNU=,xIqe+QQIQXQ=-/M8gHzjxpNU=,A4tgQv5cqkc=,10,130
2023-01-20,xIqe+QQIQXQ=,t+kFcRdzL6o=,/M8gHzjxpNU=,xIqe+QQIQXQ=-t+kFcRdzL6o=,A4tgQv5cqkc=,10,130
2023-01-20,xIqe+QQIQXQ=,t+kFcRdzL6o=,/M8gHzjxpNU=,t+kFcRdzL6o=-/M8gHzjxpNU=,A4tgQv5cqkc=,9,141
2023-01-20,xIqe+QQIQXQ=,t+kFcRdzL6o=,/M8gHzjxpNU=,xIqe+QQIQXQ=-/M8gHzjxpNU=,A4tgQv5cqkc=,9,140
2023-01-20,xIqe+QQIQXQ=,t+kFcRdzL6o=,/M8gHzjxpNU=,xIqe+QQIQXQ=-t+kFcRdzL6o=,A4tgQv5cqkc=,9,140
2023-01-20,xIqe+QQIQXQ=,t+kFcRdzL6o=,/M8gHzjxpNU=,t+kFcRdzL6o=-/M8gHzjxpNU=,A4tgQv5cqkc=,8,150
2023-01-20,xIqe+QQIQXQ=,t+kFcRdzL6o=,/M8gHzjxpNU=,xIqe+QQIQXQ=-/M8gHzjxpNU=,A4tgQv5cqkc=,8,149
2023-01-20,xIqe+QQIQXQ=,t+kFcRdzL6o=,/M8gHzjxpNU=,xIqe+QQIQXQ=-t+kFcRdzL6o=,A4tgQv5cqkc=,8,149
2023-01-20,xIqe+QQIQXQ=,t+kFcRdzL6o=,/M8gHzjxpNU=,t+kFcRdzL6o=-/M8gHzjxpNU=,A4tgQv5cqkc=,7,153
2023-01-20,xIqe+QQIQXQ=,t+kFcRdzL6o=,/M8gHzjxpNU=,xIqe+QQIQXQ=-/M8gHzjxpNU=,A4tgQv5cqkc=,7,152
2023-01-20,xIqe+QQIQXQ=,t+kFcRdzL6o=,/M8gHzjxpNU=,xIqe+QQIQXQ=-t+kFcRdzL6o=,A4tgQv5cqkc=,7,152
2023-01-20,xIqe+QQIQXQ=,t+kFcRdzL6o=,/M8gHzjxpNU=,t+kFcRdzL6o=-/M8gHzjxpNU=,A4tgQv5cqkc=,6,155
2023-01-20,xIqe+QQIQXQ=,t+kFcRdzL6o=,/M8gHzjxpNU=,xIqe+QQIQXQ=-/M8gHzjxpNU=,A4tgQv5cqkc=,6,152
2023-01-20,xIqe+QQIQXQ=,t+kFcRdzL6o=,/M8gHzjxpNU=,xIqe+QQIQXQ=-t+kFcRdzL6o=,A4tgQv5cqkc=,6,152
2023-01-20,xIqe+QQIQXQ=,t+kFcRdzL6o=,/M8gHzjxpNU=,t+kFcRdzL6o=-/M8gHzjxpNU=,A4tgQv5cqkc=,5,156
2023-01-20,xIqe+QQIQXQ=,t+kFcRdzL6o=,/M8gHzjxpNU=,xIqe+QQIQXQ=-/M8gHzjxpNU=,A4tgQv5cqkc=,5,151
2023-01-20,xIqe+QQIQXQ=,t+kFcRdzL6o=,/M8gHzjxpNU=,xIqe+QQIQXQ=-t+kFcRdzL6o=,A4tgQv5cqkc=,5,151
2023-01-20,xIqe+QQIQXQ=,t+kFcRdzL6o=,/M8gHzjxpNU=,t+kFcRdzL6o=-/M8gHzjxpNU=,A4tgQv5cqkc=,4,165
2023-01-20,xIqe+QQIQXQ=,t+kFcRdzL6o=,/M8gHzjxpNU=,xIqe+QQIQXQ=-/M8gHzjxpNU=,A4tgQv5cqkc=,4,160
2023-01-20,xIqe+QQIQXQ=,t+kFcRdzL6o=,/M8gHzjxpNU=,xIqe+QQIQXQ=-t+kFcRdzL6o=,A4tgQv5cqkc=,4,160
2023-01-20,xIqe+QQIQXQ=,t+kFcRdzL6o=,/M8gHzjxpNU=,t+kFcRdzL6o=-/M8gHzjxpNU=,A4tgQv5cqkc=,3,167
2023-01-20,xIqe+QQIQXQ=,t+kFcRdzL6o=,/M8gHzjxpNU=,xIqe+QQIQXQ=-/M8gHzjxpNU=,A4tgQv5cqkc=,3,162
2023-01-20,xIqe+QQIQXQ=,t+kFcRdzL6o=,/M8gHzjxpNU=,xIqe+QQIQXQ=-t+kFcRdzL6o=,A4tgQv5cqkc=,3,162
2023-01-20,xIqe+QQIQXQ=,t+kFcRdzL6o=,/M8gHzjxpNU=,t+kFcRdzL6o=-/M8gHzjxpNU=,A4tgQv5cqkc=,2,169
2023-01-20,xIqe+QQIQXQ=,t+kFcRdzL6o=,/M8gHzjxpNU=,xIqe+QQIQXQ=-/M8gHzjxpNU=,A4tgQv5cqkc=,2,165
2023-01-20,xIqe+QQIQXQ=,t+kFcRdzL6o=,/M8gHzjxpNU=,xIqe+QQIQXQ=-t+kFcRdzL6o=,A4tgQv5cqkc=,2,165
2023-01-20,xIqe+QQIQXQ=,t+kFcRdzL6o=,/M8gHzjxpNU=,t+kFcRdzL6o=-/M8gHzjxpNU=,A4tgQv5cqkc=,1,173
2023-01-20,xIqe+QQIQXQ=,t+kFcRdzL6o=,/M8gHzjxpNU=,xIqe+QQIQXQ=-/M8gHzjxpNU=,A4tgQv5cqkc=,1,169
2023-01-20,xIqe+QQIQXQ=,t+kFcRdzL6o=,/M8gHzjxpNU=,xIqe+QQIQXQ=-t+kFcRdzL6o=,A4tgQv5cqkc=,1,169
2023-01-20,xIqe+QQIQXQ=,t+kFcRdzL6o=,/M8gHzjxpNU=,t+kFcRdzL6o=-/M8gHzjxpNU=,A4tgQv5cqkc=,0,177
2023-01-20,xIqe+QQIQXQ=,t+kFcRdzL6o=,/M8gHzjxpNU=,xIqe+QQIQXQ=-/M8gHzjxpNU=,A4tgQv5cqkc=,0,171
2023-01-20,xIqe+QQIQXQ=,t+kFcRdzL6o=,/M8gHzjxpNU=,xIqe+QQIQXQ=-t+kFcRdzL6o=,A4tgQv5cqkc=,0,171
2023-01-20,xIqe+QQIQXQ=,t+kFcRdzL6o=,/M8gHzjxpNU=,t+kFcRdzL6o=-/M8gHzjxpNU=,A4tgQv5cqkc=,-1,177
2023-01-20,xIqe+QQIQXQ=,t+kFcRdzL6o=,/M8gHzjxpNU=,xIqe+QQIQXQ=-/M8gHzjxpNU=,A4tgQv5cqkc=,-1,171
2023-01-20,xIqe+QQIQXQ=,t+kFcRdzL6o=,/M8gHzjxpNU=,xIqe+QQIQXQ=-t+kFcRdzL6o=,A4tgQv5cqkc=,-1,171
2023-01-22,xIqe+QQIQXQ=,t+kFcRdzL6o=,/M8gHzjxpNU=,t+kFcRdzL6o=-/M8gHzjxpNU=,A4tgQv5cqkc=,29,12
2023-01-22,xIqe+QQIQXQ=,t+kFcRdzL6o=,/M8gHzjxpNU=,xIqe+QQIQXQ=-/M8gHzjxpNU=,A4tgQv5cqkc=,29,12
2023-01-22,xIqe+QQIQXQ=,t+kFcRdzL6o=,/M8gHzjxpNU=,xIqe+QQIQXQ=-t+kFcRdzL6o=,A4tgQv5cqkc=,29,12
2023-01-22,xIqe+QQIQXQ=,t+kFcRdzL6o=,/M8gHzjxpNU=,t+kFcRdzL6o=-/M8gHzjxpNU=,A4tgQv5cqkc=,28,16
2023-01-22,xIqe+QQIQXQ=,t+kFcRdzL6o=,/M8gHzjxpNU=,xIqe+QQIQXQ=-/M8gHzjxpNU=,A4tgQv5cqkc=,28,16
2023-01-22,xIqe+QQIQXQ=,t+kFcRdzL6o=,/M8gHzjxpNU=,xIqe+QQIQXQ=-t+kFcRdzL6o=,A4tgQv5cqkc=,28,16
2023-01-22,xIqe+QQIQXQ=,t+kFcRdzL6o=,/M8gHzjxpNU=,t+kFcRdzL6o=-/M8gHzjxpNU=,A4tgQv5cqkc=,27,19
2023-01-22,xIqe+QQIQXQ=,t+kFcRdzL6o=,/M8gHzjxpNU=,xIqe+QQIQXQ=-/M8gHzjxpNU=,A4tgQv5cqkc=,27,19
2023-01-22,xIqe+QQIQXQ=,t+kFcRdzL6o=,/M8gHzjxpNU=,xIqe+QQIQXQ=-t+kFcRdzL6o=,A4tgQv5cqkc=,27,19
2023-01-22,xIqe+QQIQXQ=,t+kFcRdzL6o=,/M8gHzjxpNU=,t+kFcRdzL6o=-/M8gHzjxpNU=,A4tgQv5cqkc=,26,21
2023-01-22,xIqe+QQIQXQ=,t+kFcRdzL6o=,/M8gHzjxpNU=,xIqe+QQIQXQ=-/M8gHzjxpNU=,A4tgQv5cqkc=,26,21
2023-01-22,xIqe+QQIQXQ=,t+kFcRdzL6o=,/M8gHzjxpNU=,xIqe+QQIQXQ=-t+kFcRdzL6o=,A4tgQv5cqkc=,26,21
2023-01-22,xIqe+QQIQXQ=,t+kFcRdzL6o=,/M8gHzjxpNU=,t+kFcRdzL6o=-/M8gHzjxpNU=,A4tgQv5cqkc=,25,27
2023-01-22,xIqe+QQIQXQ=,t+kFcRdzL6o=,/M8gHzjxpNU=,xIqe+QQIQXQ=-/M8gHzjxpNU=,A4tgQv5cqkc=,25,27
2023-01-22,xIqe+QQIQXQ=,t+kFcRdzL6o=,/M8gHzjxpNU=,xIqe+QQIQXQ=-t+kFcRdzL6o=,A4tgQv5cqkc=,25,27
2023-01-22,xIqe+QQIQXQ=,t+kFcRdzL6o=,/M8gHzjxpNU=,t+kFcRdzL6o=-/M8gHzjxpNU=,A4tgQv5cqkc=,24,29
2023-01-22,xIqe+QQIQXQ=,t+kFcRdzL6o=,/M8gHzjxpNU=,xIqe+QQIQXQ=-/M8gHzjxpNU=,A4tgQv5cqkc=,24,29
2023-01-22,xIqe+QQIQXQ=,t+kFcRdzL6o=,/M8gHzjxpNU=,xIqe+QQIQXQ=-t+kFcRdzL6o=,A4tgQv5cqkc=,24,29
2023-01-22,xIqe+QQIQXQ=,t+kFcRdzL6o=,/M8gHzjxpNU=,t+kFcRdzL6o=-/M8gHzjxpNU=,A4tgQv5cqkc=,23,39
2023-01-22,xIqe+QQIQXQ=,t+kFcRdzL6o=,/M8gHzjxpNU=,xIqe+QQIQXQ=-/M8gHzjxpNU=,A4tgQv5cqkc=,23,39
2023-01-22,xIqe+QQIQXQ=,t+kFcRdzL6o=,/M8gHzjxpNU=,xIqe+QQIQXQ=-t+kFcRdzL6o=,A4tgQv5cqkc=,23,39
2023-01-22,xIqe+QQIQXQ=,t+kFcRdzL6o=,/M8gHzjxpNU=,t+kFcRdzL6o=-/M8gHzjxpNU=,A4tgQv5cqkc=,22,45
2023-01-22,xIqe+QQIQXQ=,t+kFcRdzL6o=,/M8gHzjxpNU=,xIqe+QQIQXQ=-/M8gHzjxpNU=,A4tgQv5cqkc=,22,45
2023-01-22,xIqe+QQIQXQ=,t+kFcRdzL6o=,/M8gHzjxpNU=,xIqe+QQIQXQ=-t+kFcRdzL6o=,A4tgQv5cqkc=,22,45
2023-01-22,xIqe+QQIQXQ=,t+kFcRdzL6o=,/M8gHzjxpNU=,t+kFcRdzL6o=-/M8gHzjxpNU=,A4tgQv5cqkc=,21,45
2023-01-22,xIqe+QQIQXQ=,t+kFcRdzL6o=,/M8gHzjxpNU=,xIqe+QQIQXQ=-/M8gHzjxpNU=,A4tgQv5cqkc=,21,45
2023-01-22,xIqe+QQIQXQ=,t+kFcRdzL6o=,/M8gHzjxpNU=,xIqe+QQIQXQ=-t+kFcRdzL6o=,A4tgQv5cqkc=,21,45
2023-01-22,xIqe+QQIQXQ=,t+kFcRdzL6o=,/M8gHzjxpNU=,t+kFcRdzL6o=-/M8gHzjxpNU=,A4tgQv5cqkc=,20,45
2023-01-22,xIqe+QQIQXQ=,t+kFcRdzL6o=,/M8gHzjxpNU=,xIqe+QQIQXQ=-/M8gHzjxpNU=,A4tgQv5cqkc=,20,45
2023-01-22,xIqe+QQIQXQ=,t+kFcRdzL6o=,/M8gHzjxpNU=,xIqe+QQIQXQ=-t+kFcRdzL6o=,A4tgQv5cqkc=,20,45
2023-01-22,xIqe+QQIQXQ=,t+kFcRdzL6o=,/M8gHzjxpNU=,t+kFcRdzL6o=-/M8gHzjxpNU=,A4tgQv5cqkc=,19,48
2023-01-22,xIqe+QQIQXQ=,t+kFcRdzL6o=,/M8gHzjxpNU=,xIqe+QQIQXQ=-/M8gHzjxpNU=,A4tgQv5cqkc=,19,48
2023-01-22,xIqe+QQIQXQ=,t+kFcRdzL6o=,/M8gHzjxpNU=,xIqe+QQIQXQ=-t+kFcRdzL6o=,A4tgQv5cqkc=,19,48
2023-01-22,xIqe+QQIQXQ=,t+kFcRdzL6o=,/M8gHzjxpNU=,t+kFcRdzL6o=-/M8gHzjxpNU=,A4tgQv5cqkc=,18,48
2023-01-22,xIqe+QQIQXQ=,t+kFcRdzL6o=,/M8gHzjxpNU=,xIqe+QQIQXQ=-/M8gHzjxpNU=,A4tgQv5cqkc=,18,48
2023-01-22,xIqe+QQIQXQ=,t+kFcRdzL6o=,/M8gHzjxpNU=,xIqe+QQIQXQ=-t+kFcRdzL6o=,A4tgQv5cqkc=,18,48
2023-01-22,xIqe+QQIQXQ=,t+kFcRdzL6o=,/M8gHzjxpNU=,t+kFcRdzL6o=-/M8gHzjxpNU=,A4tgQv5cqkc=,17,48
2023-01-22,xIqe+QQIQXQ=,t+kFcRdzL6o=,/M8gHzjxpNU=,xIqe+QQIQXQ=-/M8gHzjxpNU=,A4tgQv5cqkc=,17,48
2023-01-22,xIqe+QQIQXQ=,t+kFcRdzL6o=,/M8gHzjxpNU=,xIqe+QQIQXQ=-t+kFcRdzL6o=,A4tgQv5cqkc=,17,48
2023-01-22,xIqe+QQIQXQ=,t+kFcRdzL6o=,/M8gHzjxpNU=,t+kFcRdzL6o=-/M8gHzjxpNU=,A4tgQv5cqkc=,16,48
2023-01-22,xIqe+QQIQXQ=,t+kFcRdzL6o=,/M8gHzjxpNU=,xIqe+QQIQXQ=-/M8gHzjxpNU=,A4tgQv5cqkc=,16,48
2023-01-22,xIqe+QQIQXQ=,t+kFcRdzL6o=,/M8gHzjxpNU=,xIqe+QQIQXQ=-t+kFcRdzL6o=,A4tgQv5cqkc=,16,48
2023-01-22,xIqe+QQIQXQ=,t+kFcRdzL6o=,/M8gHzjxpNU=,t+kFcRdzL6o=-/M8gHzjxpNU=,A4tgQv5cqkc=,15,51
2023-01-22,xIqe+QQIQXQ=,t+kFcRdzL6o=,/M8gHzjxpNU=,xIqe+QQIQXQ=-/M8gHzjxpNU=,A4tgQv5cqkc=,15,51
2023-01-22,xIqe+QQIQXQ=,t+kFcRdzL6o=,/M8gHzjxpNU=,xIqe+QQIQXQ=-t+kFcRdzL6o=,A4tgQv5cqkc=,15,51
2023-01-22,xIqe+QQIQXQ=,t+kFcRdzL6o=,/M8gHzjxpNU=,t+kFcRdzL6o=-/M8gHzjxpNU=,A4tgQv5cqkc=,14,58
2023-01-22,xIqe+QQIQXQ=,t+kFcRdzL6o=,/M8gHzjxpNU=,xIqe+QQIQXQ=-/M8gHzjxpNU=,A4tgQv5cqkc=,14,58
2023-01-22,xIqe+QQIQXQ=,t+kFcRdzL6o=,/M8gHzjxpNU=,xIqe+QQIQXQ=-t+kFcRdzL6o=,A4tgQv5cqkc=,14,58
2023-01-22,xIqe+QQIQXQ=,t+kFcRdzL6o=,/M8gHzjxpNU=,t+kFcRdzL6o=-/M8gHzjxpNU=,A4tgQv5cqkc=,13,67
2023-01-22,xIqe+QQIQXQ=,t+kFcRdzL6o=,/M8gHzjxpNU=,xIqe+QQIQXQ=-/M8gHzjxpNU=,A4tgQv5cqkc=,13,67
2023-01-22,xIqe+QQIQXQ=,t+kFcRdzL6o=,/M8gHzjxpNU=,xIqe+QQIQXQ=-t+kFcRdzL6o=,A4tgQv5cqkc=,13,67
2023-01-22,xIqe+QQIQXQ=,t+kFcRdzL6o=,/M8gHzjxpNU=,t+kFcRdzL6o=-/M8gHzjxpNU=,A4tgQv5cqkc=,12,95
2023-01-22,xIqe+QQIQXQ=,t+kFcRdzL6o=,/M8gHzjxpNU=,xIqe+QQIQXQ=-/M8gHzjxpNU=,A4tgQv5cqkc=,12,95
2023-01-22,xIqe+QQIQXQ=,t+kFcRdzL6o=,/M8gHzjxpNU=,xIqe+QQIQXQ=-t+kFcRdzL6o=,A4tgQv5cqkc=,12,95
2023-01-22,xIqe+QQIQXQ=,t+kFcRdzL6o=,/M8gHzjxpNU=,t+kFcRdzL6o=-/M8gHzjxpNU=,A4tgQv5cqkc=,11,97
2023-01-22,xIqe+QQIQXQ=,t+kFcRdzL6o=,/M8gHzjxpNU=,xIqe+QQIQXQ=-/M8gHzjxpNU=,A4tgQv5cqkc=,11,97
2023-01-22,xIqe+QQIQXQ=,t+kFcRdzL6o=,/M8gHzjxpNU=,xIqe+QQIQXQ=-t+kFcRdzL6o=,A4tgQv5cqkc=,11,97
2023-01-22,xIqe+QQIQXQ=,t+kFcRdzL6o=,/M8gHzjxpNU=,t+kFcRdzL6o=-/M8gHzjxpNU=,A4tgQv5cqkc=,10,114
2023-01-22,xIqe+QQIQXQ=,t+kFcRdzL6o=,/M8gHzjxpNU=,xIqe+QQIQXQ=-/M8gHzjxpNU=,A4tgQv5cqkc=,10,114
2023-01-22,xIqe+QQIQXQ=,t+kFcRdzL6o=,/M8gHzjxpNU=,xIqe+QQIQXQ=-t+kFcRdzL6o=,A4tgQv5cqkc=,10,114
2023-01-22,xIqe+QQIQXQ=,t+kFcRdzL6o=,/M8gHzjxpNU=,t+kFcRdzL6o=-/M8gHzjxpNU=,A4tgQv5cqkc=,9,128
2023-01-22,xIqe+QQIQXQ=,t+kFcRdzL6o=,/M8gHzjxpNU=,xIqe+QQIQXQ=-/M8gHzjxpNU=,A4tgQv5cqkc=,9,128
2023-01-22,xIqe+QQIQXQ=,t+kFcRdzL6o=,/M8gHzjxpNU=,xIqe+QQIQXQ=-t+kFcRdzL6o=,A4tgQv5cqkc=,9,128
2023-01-22,xIqe+QQIQXQ=,t+kFcRdzL6o=,/M8gHzjxpNU=,t+kFcRdzL6o=-/M8gHzjxpNU=,A4tgQv5cqkc=,8,138
2023-01-22,xIqe+QQIQXQ=,t+kFcRdzL6o=,/M8gHzjxpNU=,xIqe+QQIQXQ=-/M8gHzjxpNU=,A4tgQv5cqkc=,8,138
2023-01-22,xIqe+QQIQXQ=,t+kFcRdzL6o=,/M8gHzjxpNU=,xIqe+QQIQXQ=-t+kFcRdzL6o=,A4tgQv5cqkc=,8,138
2023-01-22,xIqe+QQIQXQ=,t+kFcRdzL6o=,/M8gHzjxpNU=,t+kFcRdzL6o=-/M8gHzjxpNU=,A4tgQv5cqkc=,7,142
2023-01-22,xIqe+QQIQXQ=,t+kFcRdzL6o=,/M8gHzjxpNU=,xIqe+QQIQXQ=-/M8gHzjxpNU=,A4tgQv5cqkc=,7,142
2023-01-22,xIqe+QQIQXQ=,t+kFcRdzL6o=,/M8gHzjxpNU=,xIqe+QQIQXQ=-t+kFcRdzL6o=,A4tgQv5cqkc=,7,142
2023-01-22,xIqe+QQIQXQ=,t+kFcRdzL6o=,/M8gHzjxpNU=,t+kFcRdzL6o=-/M8gHzjxpNU=,A4tgQv5cqkc=,6,149
2023-01-22,xIqe+QQIQXQ=,t+kFcRdzL6o=,/M8gHzjxpNU=,xIqe+QQIQXQ=-/M8gHzjxpNU=,A4tgQv5cqkc=,6,149
2023-01-22,xIqe+QQIQXQ=,t+kFcRdzL6o=,/M8gHzjxpNU=,xIqe+QQIQXQ=-t+kFcRdzL6o=,A4tgQv5cqkc=,6,149
2023-01-22,xIqe+QQIQXQ=,t+kFcRdzL6o=,/M8gHzjxpNU=,t+kFcRdzL6o=-/M8gHzjxpNU=,A4tgQv5cqkc=,5,155
2023-01-22,xIqe+QQIQXQ=,t+kFcRdzL6o=,/M8gHzjxpNU=,xIqe+QQIQXQ=-/M8gHzjxpNU=,A4tgQv5cqkc=,5,155
2023-01-22,xIqe+QQIQXQ=,t+kFcRdzL6o=,/M8gHzjxpNU=,xIqe+QQIQXQ=-t+kFcRdzL6o=,A4tgQv5cqkc=,5,155
2023-01-22,xIqe+QQIQXQ=,t+kFcRdzL6o=,/M8gHzjxpNU=,t+kFcRdzL6o=-/M8gHzjxpNU=,A4tgQv5cqkc=,4,165
2023-01-22,xIqe+QQIQXQ=,t+kFcRdzL6o=,/M8gHzjxpNU=,xIqe+QQIQXQ=-/M8gHzjxpNU=,A4tgQv5cqkc=,4,165
2023-01-22,xIqe+QQIQXQ=,t+kFcRdzL6o=,/M8gHzjxpNU=,xIqe+QQIQXQ=-t+kFcRdzL6o=,A4tgQv5cqkc=,4,165
2023-01-22,xIqe+QQIQXQ=,t+kFcRdzL6o=,/M8gHzjxpNU=,t+kFcRdzL6o=-/M8gHzjxpNU=,A4tgQv5cqkc=,3,175
2023-01-22,xIqe+QQIQXQ=,t+kFcRdzL6o=,/M8gHzjxpNU=,xIqe+QQIQXQ=-/M8gHzjxpNU=,A4tgQv5cqkc=,3,175
2023-01-22,xIqe+QQIQXQ=,t+kFcRdzL6o=,/M8gHzjxpNU=,xIqe+QQIQXQ=-t+kFcRdzL6o=,A4tgQv5cqkc=,3,175
2023-01-22,xIqe+QQIQXQ=,t+kFcRdzL6o=,/M8gHzjxpNU=,t+kFcRdzL6o=-/M8gHzjxpNU=,A4tgQv5cqkc=,2,178
2023-01-22,xIqe+QQIQXQ=,t+kFcRdzL6o=,/M8gHzjxpNU=,xIqe+QQIQXQ=-/M8gHzjxpNU=,A4tgQv5cqkc=,2,178
2023-01-22,xIqe+QQIQXQ=,t+kFcRdzL6o=,/M8gHzjxpNU=,xIqe+QQIQXQ=-t+kFcRdzL6o=,A4tgQv5cqkc=,2,178
2023-01-22,xIqe+QQIQXQ=,t+kFcRdzL6o=,/M8gHzjxpNU=,t+kFcRdzL6o=-/M8gHzjxpNU=,A4tgQv5cqkc=,1,178
2023-01-22,xIqe+QQIQXQ=,t+kFcRdzL6o=,/M8gHzjxpNU=,xIqe+QQIQXQ=-/M8gHzjxpNU=,A4tgQv5cqkc=,1,178
2023-01-22,xIqe+QQIQXQ=,t+kFcRdzL6o=,/M8gHzjxpNU=,xIqe+QQIQXQ=-t+kFcRdzL6o=,A4tgQv5cqkc=,1,178
2023-01-22,xIqe+QQIQXQ=,t+kFcRdzL6o=,/M8gHzjxpNU=,t+kFcRdzL6o=-/M8gHzjxpNU=,A4tgQv5cqkc=,0,180
2023-01-22,xIqe+QQIQXQ=,t+kFcRdzL6o=,/M8gHzjxpNU=,xIqe+QQIQXQ=-/M8gHzjxpNU=,A4tgQv5cqkc=,0,180
2023-01-22,xIqe+QQIQXQ=,t+kFcRdzL6o=,/M8gHzjxpNU=,xIqe+QQIQXQ=-t+kFcRdzL6o=,A4tgQv5cqkc=,0,180
2023-01-22,xIqe+QQIQXQ=,t+kFcRdzL6o=,/M8gHzjxpNU=,t+kFcRdzL6o=-/M8gHzjxpNU=,A4tgQv5cqkc=,-1,180
2023-01-22,xIqe+QQIQXQ=,t+kFcRdzL6o=,/M8gHzjxpNU=,xIqe+QQIQXQ=-/M8gHzjxpNU=,A4tgQv5cqkc=,-1,180
2023-01-22,xIqe+QQIQXQ=,t+kFcRdzL6o=,/M8gHzjxpNU=,xIqe+QQIQXQ=-t+kFcRdzL6o=,A4tgQv5cqkc=,-1,180
2023-01-23,xIqe+QQIQXQ=,t+kFcRdzL6o=,/M8gHzjxpNU=,t+kFcRdzL6o=-/M8gHzjxpNU=,A4tgQv5cqkc=,29,26
2023-01-23,xIqe+QQIQXQ=,t+kFcRdzL6o=,/M8gHzjxpNU=,xIqe+QQIQXQ=-/M8gHzjxpNU=,A4tgQv5cqkc=,29,23
2023-01-23,xIqe+QQIQXQ=,t+kFcRdzL6o=,/M8gHzjxpNU=,xIqe+QQIQXQ=-t+kFcRdzL6o=,A4tgQv5cqkc=,29,23
2023-01-23,xIqe+QQIQXQ=,t+kFcRdzL6o=,/M8gHzjxpNU=,t+kFcRdzL6o=-/M8gHzjxpNU=,A4tgQv5cqkc=,28,27
2023-01-23,xIqe+QQIQXQ=,t+kFcRdzL6o=,/M8gHzjxpNU=,xIqe+QQIQXQ=-/M8gHzjxpNU=,A4tgQv5cqkc=,28,24
2023-01-23,xIqe+QQIQXQ=,t+kFcRdzL6o=,/M8gHzjxpNU=,xIqe+QQIQXQ=-t+kFcRdzL6o=,A4tgQv5cqkc=,28,24
2023-01-23,xIqe+QQIQXQ=,t+kFcRdzL6o=,/M8gHzjxpNU=,t+kFcRdzL6o=-/M8gHzjxpNU=,A4tgQv5cqkc=,27,28
2023-01-23,xIqe+QQIQXQ=,t+kFcRdzL6o=,/M8gHzjxpNU=,xIqe+QQIQXQ=-/M8gHzjxpNU=,A4tgQv5cqkc=,27,24
2023-01-23,xIqe+QQIQXQ=,t+kFcRdzL6o=,/M8gHzjxpNU=,xIqe+QQIQXQ=-t+kFcRdzL6o=,A4tgQv5cqkc=,27,24
2023-01-23,xIqe+QQIQXQ=,t+kFcRdzL6o=,/M8gHzjxpNU=,t+kFcRdzL6o=-/M8gHzjxpNU=,A4tgQv5cqkc=,26,35
2023-01-23,xIqe+QQIQXQ=,t+kFcRdzL6o=,/M8gHzjxpNU=,xIqe+QQIQXQ=-/M8gHzjxpNU=,A4tgQv5cqkc=,26,32
2023-01-23,xIqe+QQIQXQ=,t+kFcRdzL6o=,/M8gHzjxpNU=,xIqe+QQIQXQ=-t+kFcRdzL6o=,A4tgQv5cqkc=,26,32
2023-01-23,xIqe+QQIQXQ=,t+kFcRdzL6o=,/M8gHzjxpNU=,t+kFcRdzL6o=-/M8gHzjxpNU=,A4tgQv5cqkc=,25,41
2023-01-23,xIqe+QQIQXQ=,t+kFcRdzL6o=,/M8gHzjxpNU=,xIqe+QQIQXQ=-/M8gHzjxpNU=,A4tgQv5cqkc=,25,38
2023-01-23,xIqe+QQIQXQ=,t+kFcRdzL6o=,/M8gHzjxpNU=,xIqe+QQIQXQ=-t+kFcRdzL6o=,A4tgQv5cqkc=,25,38
2023-01-23,xIqe+QQIQXQ=,t+kFcRdzL6o=,/M8gHzjxpNU=,t+kFcRdzL6o=-/M8gHzjxpNU=,A4tgQv5cqkc=,24,51
2023-01-23,xIqe+QQIQXQ=,t+kFcRdzL6o=,/M8gHzjxpNU=,xIqe+QQIQXQ=-/M8gHzjxpNU=,A4tgQv5cqkc=,24,48
2023-01-23,xIqe+QQIQXQ=,t+kFcRdzL6o=,/M8gHzjxpNU=,xIqe+QQIQXQ=-t+kFcRdzL6o=,A4tgQv5cqkc=,24,48
2023-01-23,xIqe+QQIQXQ=,t+kFcRdzL6o=,/M8gHzjxpNU=,t+kFcRdzL6o=-/M8gHzjxpNU=,A4tgQv5cqkc=,23,51
2023-01-23,xIqe+QQIQXQ=,t+kFcRdzL6o=,/M8gHzjxpNU=,xIqe+QQIQXQ=-/M8gHzjxpNU=,A4tgQv5cqkc=,23,48
2023-01-23,xIqe+QQIQXQ=,t+kFcRdzL6o=,/M8gHzjxpNU=,xIqe+QQIQXQ=-t+kFcRdzL6o=,A4tgQv5cqkc=,23,48
2023-01-23,xIqe+QQIQXQ=,t+kFcRdzL6o=,/M8gHzjxpNU=,t+kFcRdzL6o=-/M8gHzjxpNU=,A4tgQv5cqkc=,22,51
2023-01-23,xIqe+QQIQXQ=,t+kFcRdzL6o=,/M8gHzjxpNU=,xIqe+QQIQXQ=-/M8gHzjxpNU=,A4tgQv5cqkc=,22,48
2023-01-23,xIqe+QQIQXQ=,t+kFcRdzL6o=,/M8gHzjxpNU=,xIqe+QQIQXQ=-t+kFcRdzL6o=,A4tgQv5cqkc=,22,48
2023-01-23,xIqe+QQIQXQ=,t+kFcRdzL6o=,/M8gHzjxpNU=,t+kFcRdzL6o=-/M8gHzjxpNU=,A4tgQv5cqkc=,21,51
2023-01-23,xIqe+QQIQXQ=,t+kFcRdzL6o=,/M8gHzjxpNU=,xIqe+QQIQXQ=-/M8gHzjxpNU=,A4tgQv5cqkc=,21,48
2023-01-23,xIqe+QQIQXQ=,t+kFcRdzL6o=,/M8gHzjxpNU=,xIqe+QQIQXQ=-t+kFcRdzL6o=,A4tgQv5cqkc=,21,48
2023-01-23,xIqe+QQIQXQ=,t+kFcRdzL6o=,/M8gHzjxpNU=,t+kFcRdzL6o=-/M8gHzjxpNU=,A4tgQv5cqkc=,20,53
2023-01-23,xIqe+QQIQXQ=,t+kFcRdzL6o=,/M8gHzjxpNU=,xIqe+QQIQXQ=-/M8gHzjxpNU=,A4tgQv5cqkc=,20,48
2023-01-23,xIqe+QQIQXQ=,t+kFcRdzL6o=,/M8gHzjxpNU=,xIqe+QQIQXQ=-t+kFcRdzL6o=,A4tgQv5cqkc=,20,48
2023-01-23,xIqe+QQIQXQ=,t+kFcRdzL6o=,/M8gHzjxpNU=,t+kFcRdzL6o=-/M8gHzjxpNU=,A4tgQv5cqkc=,19,53
2023-01-23,xIqe+QQIQXQ=,t+kFcRdzL6o=,/M8gHzjxpNU=,xIqe+QQIQXQ=-/M8gHzjxpNU=,A4tgQv5cqkc=,19,55
2023-01-23,xIqe+QQIQXQ=,t+kFcRdzL6o=,/M8gHzjxpNU=,xIqe+QQIQXQ=-t+kFcRdzL6o=,A4tgQv5cqkc=,19,55
2023-01-23,xIqe+QQIQXQ=,t+kFcRdzL6o=,/M8gHzjxpNU=,t+kFcRdzL6o=-/M8gHzjxpNU=,A4tgQv5cqkc=,18,54
2023-01-23,xIqe+QQIQXQ=,t+kFcRdzL6o=,/M8gHzjxpNU=,xIqe+QQIQXQ=-/M8gHzjxpNU=,A4tgQv5cqkc=,18,55
2023-01-23,xIqe+QQIQXQ=,t+kFcRdzL6o=,/M8gHzjxpNU=,xIqe+QQIQXQ=-t+kFcRdzL6o=,A4tgQv5cqkc=,18,55
2023-01-23,xIqe+QQIQXQ=,t+kFcRdzL6o=,/M8gHzjxpNU=,t+kFcRdzL6o=-/M8gHzjxpNU=,A4tgQv5cqkc=,17,64
2023-01-23,xIqe+QQIQXQ=,t+kFcRdzL6o=,/M8gHzjxpNU=,xIqe+QQIQXQ=-/M8gHzjxpNU=,A4tgQv5cqkc=,17,65
2023-01-23,xIqe+QQIQXQ=,t+kFcRdzL6o=,/M8gHzjxpNU=,xIqe+QQIQXQ=-t+kFcRdzL6o=,A4tgQv5cqkc=,17,65
2023-01-23,xIqe+QQIQXQ=,t+kFcRdzL6o=,/M8gHzjxpNU=,t+kFcRdzL6o=-/M8gHzjxpNU=,A4tgQv5cqkc=,16,70
2023-01-23,xIqe+QQIQXQ=,t+kFcRdzL6o=,/M8gHzjxpNU=,xIqe+QQIQXQ=-/M8gHzjxpNU=,A4tgQv5cqkc=,16,70
2023-01-23,xIqe+QQIQXQ=,t+kFcRdzL6o=,/M8gHzjxpNU=,xIqe+QQIQXQ=-t+kFcRdzL6o=,A4tgQv5cqkc=,16,70
2023-01-23,xIqe+QQIQXQ=,t+kFcRdzL6o=,/M8gHzjxpNU=,t+kFcRdzL6o=-/M8gHzjxpNU=,A4tgQv5cqkc=,15,80
2023-01-23,xIqe+QQIQXQ=,t+kFcRdzL6o=,/M8gHzjxpNU=,xIqe+QQIQXQ=-/M8gHzjxpNU=,A4tgQv5cqkc=,15,80
2023-01-23,xIqe+QQIQXQ=,t+kFcRdzL6o=,/M8gHzjxpNU=,xIqe+QQIQXQ=-t+kFcRdzL6o=,A4tgQv5cqkc=,15,80
2023-01-23,xIqe+QQIQXQ=,t+kFcRdzL6o=,/M8gHzjxpNU=,t+kFcRdzL6o=-/M8gHzjxpNU=,A4tgQv5cqkc=,14,82
2023-01-23,xIqe+QQIQXQ=,t+kFcRdzL6o=,/M8gHzjxpNU=,xIqe+QQIQXQ=-/M8gHzjxpNU=,A4tgQv5cqkc=,14,82
2023-01-23,xIqe+QQIQXQ=,t+kFcRdzL6o=,/M8gHzjxpNU=,xIqe+QQIQXQ=-t+kFcRdzL6o=,A4tgQv5cqkc=,14,82
2023-01-23,xIqe+QQIQXQ=,t+kFcRdzL6o=,/M8gHzjxpNU=,t+kFcRdzL6o=-/M8gHzjxpNU=,A4tgQv5cqkc=,13,87
2023-01-23,xIqe+QQIQXQ=,t+kFcRdzL6o=,/M8gHzjxpNU=,xIqe+QQIQXQ=-/M8gHzjxpNU=,A4tgQv5cqkc=,13,87
2023-01-23,xIqe+QQIQXQ=,t+kFcRdzL6o=,/M8gHzjxpNU=,xIqe+QQIQXQ=-t+kFcRdzL6o=,A4tgQv5cqkc=,13,87
2023-01-23,xIqe+QQIQXQ=,t+kFcRdzL6o=,/M8gHzjxpNU=,t+kFcRdzL6o=-/M8gHzjxpNU=,A4tgQv5cqkc=,12,91
2023-01-23,xIqe+QQIQXQ=,t+kFcRdzL6o=,/M8gHzjxpNU=,xIqe+QQIQXQ=-/M8gHzjxpNU=,A4tgQv5cqkc=,12,92
2023-01-23,xIqe+QQIQXQ=,t+kFcRdzL6o=,/M8gHzjxpNU=,xIqe+QQIQXQ=-t+kFcRdzL6o=,A4tgQv5cqkc=,12,92
2023-01-23,xIqe+QQIQXQ=,t+kFcRdzL6o=,/M8gHzjxpNU=,t+kFcRdzL6o=-/M8gHzjxpNU=,A4tgQv5cqkc=,11,109
2023-01-23,xIqe+QQIQXQ=,t+kFcRdzL6o=,/M8gHzjxpNU=,xIqe+QQIQXQ=-/M8gHzjxpNU=,A4tgQv5cqkc=,11,110
2023-01-23,xIqe+QQIQXQ=,t+kFcRdzL6o=,/M8gHzjxpNU=,xIqe+QQIQXQ=-t+kFcRdzL6o=,A4tgQv5cqkc=,11,110
2023-01-23,xIqe+QQIQXQ=,t+kFcRdzL6o=,/M8gHzjxpNU=,t+kFcRdzL6o=-/M8gHzjxpNU=,A4tgQv5cqkc=,10,127
2023-01-23,xIqe+QQIQXQ=,t+kFcRdzL6o=,/M8gHzjxpNU=,xIqe+QQIQXQ=-/M8gHzjxpNU=,A4tgQv5cqkc=,10,128
2023-01-23,xIqe+QQIQXQ=,t+kFcRdzL6o=,/M8gHzjxpNU=,xIqe+QQIQXQ=-t+kFcRdzL6o=,A4tgQv5cqkc=,10,128
2023-01-23,xIqe+QQIQXQ=,t+kFcRdzL6o=,/M8gHzjxpNU=,t+kFcRdzL6o=-/M8gHzjxpNU=,A4tgQv5cqkc=,9,132
2023-01-23,xIqe+QQIQXQ=,t+kFcRdzL6o=,/M8gHzjxpNU=,xIqe+QQIQXQ=-/M8gHzjxpNU=,A4tgQv5cqkc=,9,133
2023-01-23,xIqe+QQIQXQ=,t+kFcRdzL6o=,/M8gHzjxpNU=,xIqe+QQIQXQ=-t+kFcRdzL6o=,A4tgQv5cqkc=,9,133
2023-01-23,xIqe+QQIQXQ=,t+kFcRdzL6o=,/M8gHzjxpNU=,t+kFcRdzL6o=-/M8gHzjxpNU=,A4tgQv5cqkc=,8,133
2023-01-23,xIqe+QQIQXQ=,t+kFcRdzL6o=,/M8gHzjxpNU=,xIqe+QQIQXQ=-/M8gHzjxpNU=,A4tgQv5cqkc=,8,134
2023-01-23,xIqe+QQIQXQ=,t+kFcRdzL6o=,/M8gHzjxpNU=,xIqe+QQIQXQ=-t+kFcRdzL6o=,A4tgQv5cqkc=,8,134
2023-01-23,xIqe+QQIQXQ=,t+kFcRdzL6o=,/M8gHzjxpNU=,t+kFcRdzL6o=-/M8gHzjxpNU=,A4tgQv5cqkc=,7,137
2023-01-23,xIqe+QQIQXQ=,t+kFcRdzL6o=,/M8gHzjxpNU=,xIqe+QQIQXQ=-/M8gHzjxpNU=,A4tgQv5cqkc=,7,138
2023-01-23,xIqe+QQIQXQ=,t+kFcRdzL6o=,/M8gHzjxpNU=,xIqe+QQIQXQ=-t+kFcRdzL6o=,A4tgQv5cqkc=,7,138
2023-01-23,xIqe+QQIQXQ=,t+kFcRdzL6o=,/M8gHzjxpNU=,t+kFcRdzL6o=-/M8gHzjxpNU=,A4tgQv5cqkc=,6,156
2023-01-23,xIqe+QQIQXQ=,t+kFcRdzL6o=,/M8gHzjxpNU=,xIqe+QQIQXQ=-/M8gHzjxpNU=,A4tgQv5cqkc=,6,158
2023-01-23,xIqe+QQIQXQ=,t+kFcRdzL6o=,/M8gHzjxpNU=,xIqe+QQIQXQ=-t+kFcRdzL6o=,A4tgQv5cqkc=,6,158
2023-01-23,xIqe+QQIQXQ=,t+kFcRdzL6o=,/M8gHzjxpNU=,t+kFcRdzL6o=-/M8gHzjxpNU=,A4tgQv5cqkc=,5,162
2023-01-23,xIqe+QQIQXQ=,t+kFcRdzL6o=,/M8gHzjxpNU=,xIqe+QQIQXQ=-/M8gHzjxpNU=,A4tgQv5cqkc=,5,164
2023-01-23,xIqe+QQIQXQ=,t+kFcRdzL6o=,/M8gHzjxpNU=,xIqe+QQIQXQ=-t+kFcRdzL6o=,A4tgQv5cqkc=,5,164
2023-01-23,xIqe+QQIQXQ=,t+kFcRdzL6o=,/M8gHzjxpNU=,t+kFcRdzL6o=-/M8gHzjxpNU=,A4tgQv5cqkc=,4,162
2023-01-23,xIqe+QQIQXQ=,t+kFcRdzL6o=,/M8gHzjxpNU=,xIqe+QQIQXQ=-/M8gHzjxpNU=,A4tgQv5cqkc=,4,164
2023-01-23,xIqe+QQIQXQ=,t+kFcRdzL6o=,/M8gHzjxpNU=,xIqe+QQIQXQ=-t+kFcRdzL6o=,A4tgQv5cqkc=,4,164
2023-01-23,xIqe+QQIQXQ=,t+kFcRdzL6o=,/M8gHzjxpNU=,t+kFcRdzL6o=-/M8gHzjxpNU=,A4tgQv5cqkc=,3,164
2023-01-23,xIqe+QQIQXQ=,t+kFcRdzL6o=,/M8gHzjxpNU=,xIqe+QQIQXQ=-/M8gHzjxpNU=,A4tgQv5cqkc=,3,163
2023-01-23,xIqe+QQIQXQ=,t+kFcRdzL6o=,/M8gHzjxpNU=,xIqe+QQIQXQ=-t+kFcRdzL6o=,A4tgQv5cqkc=,3,163
2023-01-23,xIqe+QQIQXQ=,t+kFcRdzL6o=,/M8gHzjxpNU=,t+kFcRdzL6o=-/M8gHzjxpNU=,A4tgQv5cqkc=,2,164
2023-01-23,xIqe+QQIQXQ=,t+kFcRdzL6o=,/M8gHzjxpNU=,xIqe+QQIQXQ=-/M8gHzjxpNU=,A4tgQv5cqkc=,2,163
2023-01-23,xIqe+QQIQXQ=,t+kFcRdzL6o=,/M8gHzjxpNU=,xIqe+QQIQXQ=-t+kFcRdzL6o=,A4tgQv5cqkc=,2,163
2023-01-23,xIqe+QQIQXQ=,t+kFcRdzL6o=,/M8gHzjxpNU=,t+kFcRdzL6o=-/M8gHzjxpNU=,A4tgQv5cqkc=,1,177
2023-01-23,xIqe+QQIQXQ=,t+kFcRdzL6o=,/M8gHzjxpNU=,xIqe+QQIQXQ=-/M8gHzjxpNU=,A4tgQv5cqkc=,1,174
2023-01-23,xIqe+QQIQXQ=,t+kFcRdzL6o=,/M8gHzjxpNU=,xIqe+QQIQXQ=-t+kFcRdzL6o=,A4tgQv5cqkc=,1,174
2023-01-23,xIqe+QQIQXQ=,t+kFcRdzL6o=,/M8gHzjxpNU=,t+kFcRdzL6o=-/M8gHzjxpNU=,A4tgQv5cqkc=,0,179
2023-01-23,xIqe+QQIQXQ=,t+kFcRdzL6o=,/M8gHzjxpNU=,xIqe+QQIQXQ=-/M8gHzjxpNU=,A4tgQv5cqkc=,0,177
2023-01-23,xIqe+QQIQXQ=,t+kFcRdzL6o=,/M8gHzjxpNU=,xIqe+QQIQXQ=-t+kFcRdzL6o=,A4tgQv5cqkc=,0,177
2023-01-23,xIqe+QQIQXQ=,t+kFcRdzL6o=,/M8gHzjxpNU=,t+kFcRdzL6o=-/M8gHzjxpNU=,A4tgQv5cqkc=,-1,179
2023-01-23,xIqe+QQIQXQ=,t+kFcRdzL6o=,/M8gHzjxpNU=,xIqe+QQIQXQ=-/M8gHzjxpNU=,A4tgQv5cqkc=,-1,177
2023-01-23,xIqe+QQIQXQ=,t+kFcRdzL6o=,/M8gHzjxpNU=,xIqe+QQIQXQ=-t+kFcRdzL6o=,A4tgQv5cqkc=,-1,177
2023-01-25,xIqe+QQIQXQ=,t+kFcRdzL6o=,/M8gHzjxpNU=,t+kFcRdzL6o=-/M8gHzjxpNU=,A4tgQv5cqkc=,29,33
2023-01-25,xIqe+QQIQXQ=,t+kFcRdzL6o=,/M8gHzjxpNU=,xIqe+QQIQXQ=-/M8gHzjxpNU=,A4tgQv5cqkc=,29,33
2023-01-25,xIqe+QQIQXQ=,t+kFcRdzL6o=,/M8gHzjxpNU=,xIqe+QQIQXQ=-t+kFcRdzL6o=,A4tgQv5cqkc=,29,33
2023-01-25,xIqe+QQIQXQ=,t+kFcRdzL6o=,/M8gHzjxpNU=,t+kFcRdzL6o=-/M8gHzjxpNU=,A4tgQv5cqkc=,28,34
2023-01-25,xIqe+QQIQXQ=,t+kFcRdzL6o=,/M8gHzjxpNU=,xIqe+QQIQXQ=-/M8gHzjxpNU=,A4tgQv5cqkc=,28,34
2023-01-25,xIqe+QQIQXQ=,t+kFcRdzL6o=,/M8gHzjxpNU=,xIqe+QQIQXQ=-t+kFcRdzL6o=,A4tgQv5cqkc=,28,34
2023-01-25,xIqe+QQIQXQ=,t+kFcRdzL6o=,/M8gHzjxpNU=,t+kFcRdzL6o=-/M8gHzjxpNU=,A4tgQv5cqkc=,27,34
2023-01-25,xIqe+QQIQXQ=,t+kFcRdzL6o=,/M8gHzjxpNU=,xIqe+QQIQXQ=-/M8gHzjxpNU=,A4tgQv5cqkc=,27,34
2023-01-25,xIqe+QQIQXQ=,t+kFcRdzL6o=,/M8gHzjxpNU=,xIqe+QQIQXQ=-t+kFcRdzL6o=,A4tgQv5cqkc=,27,34
2023-01-25,xIqe+QQIQXQ=,t+kFcRdzL6o=,/M8gHzjxpNU=,t+kFcRdzL6o=-/M8gHzjxpNU=,A4tgQv5cqkc=,26,36
2023-01-25,xIqe+QQIQXQ=,t+kFcRdzL6o=,/M8gHzjxpNU=,xIqe+QQIQXQ=-/M8gHzjxpNU=,A4tgQv5cqkc=,26,34
2023-01-25,xIqe+QQIQXQ=,t+kFcRdzL6o=,/M8gHzjxpNU=,xIqe+QQIQXQ=-t+kFcRdzL6o=,A4tgQv5cqkc=,26,34
2023-01-25,xIqe+QQIQXQ=,t+kFcRdzL6o=,/M8gHzjxpNU=,t+kFcRdzL6o=-/M8gHzjxpNU=,A4tgQv5cqkc=,25,36
2023-01-25,xIqe+QQIQXQ=,t+kFcRdzL6o=,/M8gHzjxpNU=,xIqe+QQIQXQ=-/M8gHzjxpNU=,A4tgQv5cqkc=,25,34
2023-01-25,xIqe+QQIQXQ=,t+kFcRdzL6o=,/M8gHzjxpNU=,xIqe+QQIQXQ=-t+kFcRdzL6o=,A4tgQv5cqkc=,25,34
2023-01-25,xIqe+QQIQXQ=,t+kFcRdzL6o=,/M8gHzjxpNU=,t+kFcRdzL6o=-/M8gHzjxpNU=,A4tgQv5cqkc=,24,41
2023-01-25,xIqe+QQIQXQ=,t+kFcRdzL6o=,/M8gHzjxpNU=,xIqe+QQIQXQ=-/M8gHzjxpNU=,A4tgQv5cqkc=,24,34
2023-01-25,xIqe+QQIQXQ=,t+kFcRdzL6o=,/M8gHzjxpNU=,xIqe+QQIQXQ=-t+kFcRdzL6o=,A4tgQv5cqkc=,24,34
2023-01-25,xIqe+QQIQXQ=,t+kFcRdzL6o=,/M8gHzjxpNU=,t+kFcRdzL6o=-/M8gHzjxpNU=,A4tgQv5cqkc=,23,41
2023-01-25,xIqe+QQIQXQ=,t+kFcRdzL6o=,/M8gHzjxpNU=,xIqe+QQIQXQ=-/M8gHzjxpNU=,A4tgQv5cqkc=,23,34
2023-01-25,xIqe+QQIQXQ=,t+kFcRdzL6o=,/M8gHzjxpNU=,xIqe+QQIQXQ=-t+kFcRdzL6o=,A4tgQv5cqkc=,23,34
2023-01-25,xIqe+QQIQXQ=,t+kFcRdzL6o=,/M8gHzjxpNU=,t+kFcRdzL6o=-/M8gHzjxpNU=,A4tgQv5cqkc=,22,42
2023-01-25,xIqe+QQIQXQ=,t+kFcRdzL6o=,/M8gHzjxpNU=,xIqe+QQIQXQ=-/M8gHzjxpNU=,A4tgQv5cqkc=,22,35
2023-01-25,xIqe+QQIQXQ=,t+kFcRdzL6o=,/M8gHzjxpNU=,xIqe+QQIQXQ=-t+kFcRdzL6o=,A4tgQv5cqkc=,22,35
2023-01-25,xIqe+QQIQXQ=,t+kFcRdzL6o=,/M8gHzjxpNU=,t+kFcRdzL6o=-/M8gHzjxpNU=,A4tgQv5cqkc=,21,48
2023-01-25,xIqe+QQIQXQ=,t+kFcRdzL6o=,/M8gHzjxpNU=,xIqe+QQIQXQ=-/M8gHzjxpNU=,A4tgQv5cqkc=,21,39
2023-01-25,xIqe+QQIQXQ=,t+kFcRdzL6o=,/M8gHzjxpNU=,xIqe+QQIQXQ=-t+kFcRdzL6o=,A4tgQv5cqkc=,21,39
2023-01-25,xIqe+QQIQXQ=,t+kFcRdzL6o=,/M8gHzjxpNU=,t+kFcRdzL6o=-/M8gHzjxpNU=,A4tgQv5cqkc=,20,49
2023-01-25,xIqe+QQIQXQ=,t+kFcRdzL6o=,/M8gHzjxpNU=,xIqe+QQIQXQ=-/M8gHzjxpNU=,A4tgQv5cqkc=,20,39
2023-01-25,xIqe+QQIQXQ=,t+kFcRdzL6o=,/M8gHzjxpNU=,xIqe+QQIQXQ=-t+kFcRdzL6o=,A4tgQv5cqkc=,20,39
2023-01-25,xIqe+QQIQXQ=,t+kFcRdzL6o=,/M8gHzjxpNU=,t+kFcRdzL6o=-/M8gHzjxpNU=,A4tgQv5cqkc=,19,59
2023-01-25,xIqe+QQIQXQ=,t+kFcRdzL6o=,/M8gHzjxpNU=,xIqe+QQIQXQ=-/M8gHzjxpNU=,A4tgQv5cqkc=,19,48
2023-01-25,xIqe+QQIQXQ=,t+kFcRdzL6o=,/M8gHzjxpNU=,xIqe+QQIQXQ=-t+kFcRdzL6o=,A4tgQv5cqkc=,19,48
2023-01-25,xIqe+QQIQXQ=,t+kFcRdzL6o=,/M8gHzjxpNU=,t+kFcRdzL6o=-/M8gHzjxpNU=,A4tgQv5cqkc=,18,65
2023-01-25,xIqe+QQIQXQ=,t+kFcRdzL6o=,/M8gHzjxpNU=,xIqe+QQIQXQ=-/M8gHzjxpNU=,A4tgQv5cqkc=,18,52
2023-01-25,xIqe+QQIQXQ=,t+kFcRdzL6o=,/M8gHzjxpNU=,xIqe+QQIQXQ=-t+kFcRdzL6o=,A4tgQv5cqkc=,18,52
2023-01-25,xIqe+QQIQXQ=,t+kFcRdzL6o=,/M8gHzjxpNU=,t+kFcRdzL6o=-/M8gHzjxpNU=,A4tgQv5cqkc=,17,69
2023-01-25,xIqe+QQIQXQ=,t+kFcRdzL6o=,/M8gHzjxpNU=,xIqe+QQIQXQ=-/M8gHzjxpNU=,A4tgQv5cqkc=,17,56
2023-01-25,xIqe+QQIQXQ=,t+kFcRdzL6o=,/M8gHzjxpNU=,xIqe+QQIQXQ=-t+kFcRdzL6o=,A4tgQv5cqkc=,17,56
2023-01-25,xIqe+QQIQXQ=,t+kFcRdzL6o=,/M8gHzjxpNU=,t+kFcRdzL6o=-/M8gHzjxpNU=,A4tgQv5cqkc=,16,78
2023-01-25,xIqe+QQIQXQ=,t+kFcRdzL6o=,/M8gHzjxpNU=,xIqe+QQIQXQ=-/M8gHzjxpNU=,A4tgQv5cqkc=,16,63
2023-01-25,xIqe+QQIQXQ=,t+kFcRdzL6o=,/M8gHzjxpNU=,xIqe+QQIQXQ=-t+kFcRdzL6o=,A4tgQv5cqkc=,16,63
2023-01-25,xIqe+QQIQXQ=,t+kFcRdzL6o=,/M8gHzjxpNU=,t+kFcRdzL6o=-/M8gHzjxpNU=,A4tgQv5cqkc=,15,85
2023-01-25,xIqe+QQIQXQ=,t+kFcRdzL6o=,/M8gHzjxpNU=,xIqe+QQIQXQ=-/M8gHzjxpNU=,A4tgQv5cqkc=,15,71
2023-01-25,xIqe+QQIQXQ=,t+kFcRdzL6o=,/M8gHzjxpNU=,xIqe+QQIQXQ=-t+kFcRdzL6o=,A4tgQv5cqkc=,15,71
2023-01-25,xIqe+QQIQXQ=,t+kFcRdzL6o=,/M8gHzjxpNU=,t+kFcRdzL6o=-/M8gHzjxpNU=,A4tgQv5cqkc=,14,92
2023-01-25,xIqe+QQIQXQ=,t+kFcRdzL6o=,/M8gHzjxpNU=,xIqe+QQIQXQ=-/M8gHzjxpNU=,A4tgQv5cqkc=,14,74
2023-01-25,xIqe+QQIQXQ=,t+kFcRdzL6o=,/M8gHzjxpNU=,xIqe+QQIQXQ=-t+kFcRdzL6o=,A4tgQv5cqkc=,14,74
2023-01-25,xIqe+QQIQXQ=,t+kFcRdzL6o=,/M8gHzjxpNU=,t+kFcRdzL6o=-/M8gHzjxpNU=,A4tgQv5cqkc=,13,93
2023-01-25,xIqe+QQIQXQ=,t+kFcRdzL6o=,/M8gHzjxpNU=,xIqe+QQIQXQ=-/M8gHzjxpNU=,A4tgQv5cqkc=,13,75
2023-01-25,xIqe+QQIQXQ=,t+kFcRdzL6o=,/M8gHzjxpNU=,xIqe+QQIQXQ=-t+kFcRdzL6o=,A4tgQv5cqkc=,13,75
2023-01-25,xIqe+QQIQXQ=,t+kFcRdzL6o=,/M8gHzjxpNU=,t+kFcRdzL6o=-/M8gHzjxpNU=,A4tgQv5cqkc=,12,100
2023-01-25,xIqe+QQIQXQ=,t+kFcRdzL6o=,/M8gHzjxpNU=,xIqe+QQIQXQ=-/M8gHzjxpNU=,A4tgQv5cqkc=,12,82
2023-01-25,xIqe+QQIQXQ=,t+kFcRdzL6o=,/M8gHzjxpNU=,xIqe+QQIQXQ=-t+kFcRdzL6o=,A4tgQv5cqkc=,12,82
2023-01-25,xIqe+QQIQXQ=,t+kFcRdzL6o=,/M8gHzjxpNU=,t+kFcRdzL6o=-/M8gHzjxpNU=,A4tgQv5cqkc=,11,104
2023-01-25,xIqe+QQIQXQ=,t+kFcRdzL6o=,/M8gHzjxpNU=,xIqe+QQIQXQ=-/M8gHzjxpNU=,A4tgQv5cqkc=,11,88
2023-01-25,xIqe+QQIQXQ=,t+kFcRdzL6o=,/M8gHzjxpNU=,xIqe+QQIQXQ=-t+kFcRdzL6o=,A4tgQv5cqkc=,11,88
2023-01-25,xIqe+QQIQXQ=,t+kFcRdzL6o=,/M8gHzjxpNU=,t+kFcRdzL6o=-/M8gHzjxpNU=,A4tgQv5cqkc=,10,104
2023-01-25,xIqe+QQIQXQ=,t+kFcRdzL6o=,/M8gHzjxpNU=,xIqe+QQIQXQ=-/M8gHzjxpNU=,A4tgQv5cqkc=,10,90
2023-01-25,xIqe+QQIQXQ=,t+kFcRdzL6o=,/M8gHzjxpNU=,xIqe+QQIQXQ=-t+kFcRdzL6o=,A4tgQv5cqkc=,10,90
2023-01-25,xIqe+QQIQXQ=,t+kFcRdzL6o=,/M8gHzjxpNU=,t+kFcRdzL6o=-/M8gHzjxpNU=,A4tgQv5cqkc=,9,102
2023-01-25,xIqe+QQIQXQ=,t+kFcRdzL6o=,/M8gHzjxpNU=,xIqe+QQIQXQ=-/M8gHzjxpNU=,A4tgQv5cqkc=,9,88
2023-01-25,xIqe+QQIQXQ=,t+kFcRdzL6o=,/M8gHzjxpNU=,xIqe+QQIQXQ=-t+kFcRdzL6o=,A4tgQv5cqkc=,9,88
2023-01-25,xIqe+QQIQXQ=,t+kFcRdzL6o=,/M8gHzjxpNU=,t+kFcRdzL6o=-/M8gHzjxpNU=,A4tgQv5cqkc=,8,108
2023-01-25,xIqe+QQIQXQ=,t+kFcRdzL6o=,/M8gHzjxpNU=,xIqe+QQIQXQ=-/M8gHzjxpNU=,A4tgQv5cqkc=,8,95
2023-01-25,xIqe+QQIQXQ=,t+kFcRdzL6o=,/M8gHzjxpNU=,xIqe+QQIQXQ=-t+kFcRdzL6o=,A4tgQv5cqkc=,8,95
2023-01-25,xIqe+QQIQXQ=,t+kFcRdzL6o=,/M8gHzjxpNU=,t+kFcRdzL6o=-/M8gHzjxpNU=,A4tgQv5cqkc=,7,108
2023-01-25,xIqe+QQIQXQ=,t+kFcRdzL6o=,/M8gHzjxpNU=,xIqe+QQIQXQ=-/M8gHzjxpNU=,A4tgQv5cqkc=,7,96
2023-01-25,xIqe+QQIQXQ=,t+kFcRdzL6o=,/M8gHzjxpNU=,xIqe+QQIQXQ=-t+kFcRdzL6o=,A4tgQv5cqkc=,7,96
2023-01-25,xIqe+QQIQXQ=,t+kFcRdzL6o=,/M8gHzjxpNU=,t+kFcRdzL6o=-/M8gHzjxpNU=,A4tgQv5cqkc=,6,114
2023-01-25,xIqe+QQIQXQ=,t+kFcRdzL6o=,/M8gHzjxpNU=,xIqe+QQIQXQ=-/M8gHzjxpNU=,A4tgQv5cqkc=,6,107
2023-01-25,xIqe+QQIQXQ=,t+kFcRdzL6o=,/M8gHzjxpNU=,xIqe+QQIQXQ=-t+kFcRdzL6o=,A4tgQv5cqkc=,6,107
2023-01-25,xIqe+QQIQXQ=,t+kFcRdzL6o=,/M8gHzjxpNU=,t+kFcRdzL6o=-/M8gHzjxpNU=,A4tgQv5cqkc=,5,121
2023-01-25,xIqe+QQIQXQ=,t+kFcRdzL6o=,/M8gHzjxpNU=,xIqe+QQIQXQ=-/M8gHzjxpNU=,A4tgQv5cqkc=,5,118
2023-01-25,xIqe+QQIQXQ=,t+kFcRdzL6o=,/M8gHzjxpNU=,xIqe+QQIQXQ=-t+kFcRdzL6o=,A4tgQv5cqkc=,5,118
2023-01-25,xIqe+QQIQXQ=,t+kFcRdzL6o=,/M8gHzjxpNU=,t+kFcRdzL6o=-/M8gHzjxpNU=,A4tgQv5cqkc=,4,127
2023-01-25,xIqe+QQIQXQ=,t+kFcRdzL6o=,/M8gHzjxpNU=,xIqe+QQIQXQ=-/M8gHzjxpNU=,A4tgQv5cqkc=,4,131
2023-01-25,xIqe+QQIQXQ=,t+kFcRdzL6o=,/M8gHzjxpNU=,xIqe+QQIQXQ=-t+kFcRdzL6o=,A4tgQv5cqkc=,4,131
2023-01-25,xIqe+QQIQXQ=,t+kFcRdzL6o=,/M8gHzjxpNU=,t+kFcRdzL6o=-/M8gHzjxpNU=,A4tgQv5cqkc=,3,137
2023-01-25,xIqe+QQIQXQ=,t+kFcRdzL6o=,/M8gHzjxpNU=,xIqe+QQIQXQ=-/M8gHzjxpNU=,A4tgQv5cqkc=,3,140
2023-01-25,xIqe+QQIQXQ=,t+kFcRdzL6o=,/M8gHzjxpNU=,xIqe+QQIQXQ=-t+kFcRdzL6o=,A4tgQv5cqkc=,3,140
2023-01-25,xIqe+QQIQXQ=,t+kFcRdzL6o=,/M8gHzjxpNU=,t+kFcRdzL6o=-/M8gHzjxpNU=,A4tgQv5cqkc=,2,147
2023-01-25,xIqe+QQIQXQ=,t+kFcRdzL6o=,/M8gHzjxpNU=,xIqe+QQIQXQ=-/M8gHzjxpNU=,A4tgQv5cqkc=,2,152
2023-01-25,xIqe+QQIQXQ=,t+kFcRdzL6o=,/M8gHzjxpNU=,xIqe+QQIQXQ=-t+kFcRdzL6o=,A4tgQv5cqkc=,2,152
2023-01-25,xIqe+QQIQXQ=,t+kFcRdzL6o=,/M8gHzjxpNU=,t+kFcRdzL6o=-/M8gHzjxpNU=,A4tgQv5cqkc=,1,153
2023-01-25,xIqe+QQIQXQ=,t+kFcRdzL6o=,/M8gHzjxpNU=,xIqe+QQIQXQ=-/M8gHzjxpNU=,A4tgQv5cqkc=,1,154
2023-01-25,xIqe+QQIQXQ=,t+kFcRdzL6o=,/M8gHzjxpNU=,xIqe+QQIQXQ=-t+kFcRdzL6o=,A4tgQv5cqkc=,1,154
2023-01-25,xIqe+QQIQXQ=,t+kFcRdzL6o=,/M8gHzjxpNU=,t+kFcRdzL6o=-/M8gHzjxpNU=,A4tgQv5cqkc=,0,179
2023-01-25,xIqe+QQIQXQ=,t+kFcRdzL6o=,/M8gHzjxpNU=,xIqe+QQIQXQ=-/M8gHzjxpNU=,A4tgQv5cqkc=,0,179
2023-01-25,xIqe+QQIQXQ=,t+kFcRdzL6o=,/M8gHzjxpNU=,xIqe+QQIQXQ=-t+kFcRdzL6o=,A4tgQv5cqkc=,0,179
2023-01-25,xIqe+QQIQXQ=,t+kFcRdzL6o=,/M8gHzjxpNU=,t+kFcRdzL6o=-/M8gHzjxpNU=,A4tgQv5cqkc=,-1,179
2023-01-25,xIqe+QQIQXQ=,t+kFcRdzL6o=,/M8gHzjxpNU=,xIqe+QQIQXQ=-/M8gHzjxpNU=,A4tgQv5cqkc=,-1,179
2023-01-25,xIqe+QQIQXQ=,t+kFcRdzL6o=,/M8gHzjxpNU=,xIqe+QQIQXQ=-t+kFcRdzL6o=,A4tgQv5cqkc=,-1,179
2023-01-27,xIqe+QQIQXQ=,t+kFcRdzL6o=,/M8gHzjxpNU=,t+kFcRdzL6o=-/M8gHzjxpNU=,A4tgQv5cqkc=,29,99
2023-01-27,xIqe+QQIQXQ=,t+kFcRdzL6o=,/M8gHzjxpNU=,xIqe+QQIQXQ=-/M8gHzjxpNU=,A4tgQv5cqkc=,29,60
2023-01-27,xIqe+QQIQXQ=,t+kFcRdzL6o=,/M8gHzjxpNU=,xIqe+QQIQXQ=-t+kFcRdzL6o=,A4tgQv5cqkc=,29,60
2023-01-27,xIqe+QQIQXQ=,t+kFcRdzL6o=,/M8gHzjxpNU=,t+kFcRdzL6o=-/M8gHzjxpNU=,A4tgQv5cqkc=,28,99
2023-01-27,xIqe+QQIQXQ=,t+kFcRdzL6o=,/M8gHzjxpNU=,xIqe+QQIQXQ=-/M8gHzjxpNU=,A4tgQv5cqkc=,28,60
2023-01-27,xIqe+QQIQXQ=,t+kFcRdzL6o=,/M8gHzjxpNU=,xIqe+QQIQXQ=-t+kFcRdzL6o=,A4tgQv5cqkc=,28,60
2023-01-27,xIqe+QQIQXQ=,t+kFcRdzL6o=,/M8gHzjxpNU=,t+kFcRdzL6o=-/M8gHzjxpNU=,A4tgQv5cqkc=,27,99
2023-01-27,xIqe+QQIQXQ=,t+kFcRdzL6o=,/M8gHzjxpNU=,xIqe+QQIQXQ=-/M8gHzjxpNU=,A4tgQv5cqkc=,27,64
2023-01-27,xIqe+QQIQXQ=,t+kFcRdzL6o=,/M8gHzjxpNU=,xIqe+QQIQXQ=-t+kFcRdzL6o=,A4tgQv5cqkc=,27,64
2023-01-27,xIqe+QQIQXQ=,t+kFcRdzL6o=,/M8gHzjxpNU=,t+kFcRdzL6o=-/M8gHzjxpNU=,A4tgQv5cqkc=,26,99
2023-01-27,xIqe+QQIQXQ=,t+kFcRdzL6o=,/M8gHzjxpNU=,xIqe+QQIQXQ=-/M8gHzjxpNU=,A4tgQv5cqkc=,26,64
2023-01-27,xIqe+QQIQXQ=,t+kFcRdzL6o=,/M8gHzjxpNU=,xIqe+QQIQXQ=-t+kFcRdzL6o=,A4tgQv5cqkc=,26,64
2023-01-27,xIqe+QQIQXQ=,t+kFcRdzL6o=,/M8gHzjxpNU=,t+kFcRdzL6o=-/M8gHzjxpNU=,A4tgQv5cqkc=,25,101
2023-01-27,xIqe+QQIQXQ=,t+kFcRdzL6o=,/M8gHzjxpNU=,xIqe+QQIQXQ=-/M8gHzjxpNU=,A4tgQv5cqkc=,25,66
2023-01-27,xIqe+QQIQXQ=,t+kFcRdzL6o=,/M8gHzjxpNU=,xIqe+QQIQXQ=-t+kFcRdzL6o=,A4tgQv5cqkc=,25,66
2023-01-27,xIqe+QQIQXQ=,t+kFcRdzL6o=,/M8gHzjxpNU=,t+kFcRdzL6o=-/M8gHzjxpNU=,A4tgQv5cqkc=,24,108
2023-01-27,xIqe+QQIQXQ=,t+kFcRdzL6o=,/M8gHzjxpNU=,xIqe+QQIQXQ=-/M8gHzjxpNU=,A4tgQv5cqkc=,24,73
2023-01-27,xIqe+QQIQXQ=,t+kFcRdzL6o=,/M8gHzjxpNU=,xIqe+QQIQXQ=-t+kFcRdzL6o=,A4tgQv5cqkc=,24,73
2023-01-27,xIqe+QQIQXQ=,t+kFcRdzL6o=,/M8gHzjxpNU=,t+kFcRdzL6o=-/M8gHzjxpNU=,A4tgQv5cqkc=,23,107
2023-01-27,xIqe+QQIQXQ=,t+kFcRdzL6o=,/M8gHzjxpNU=,xIqe+QQIQXQ=-/M8gHzjxpNU=,A4tgQv5cqkc=,23,73
2023-01-27,xIqe+QQIQXQ=,t+kFcRdzL6o=,/M8gHzjxpNU=,xIqe+QQIQXQ=-t+kFcRdzL6o=,A4tgQv5cqkc=,23,73
2023-01-27,xIqe+QQIQXQ=,t+kFcRdzL6o=,/M8gHzjxpNU=,t+kFcRdzL6o=-/M8gHzjxpNU=,A4tgQv5cqkc=,22,107
2023-01-27,xIqe+QQIQXQ=,t+kFcRdzL6o=,/M8gHzjxpNU=,xIqe+QQIQXQ=-/M8gHzjxpNU=,A4tgQv5cqkc=,22,73
2023-01-27,xIqe+QQIQXQ=,t+kFcRdzL6o=,/M8gHzjxpNU=,xIqe+QQIQXQ=-t+kFcRdzL6o=,A4tgQv5cqkc=,22,73
2023-01-27,xIqe+QQIQXQ=,t+kFcRdzL6o=,/M8gHzjxpNU=,t+kFcRdzL6o=-/M8gHzjxpNU=,A4tgQv5cqkc=,21,112
2023-01-27,xIqe+QQIQXQ=,t+kFcRdzL6o=,/M8gHzjxpNU=,xIqe+QQIQXQ=-/M8gHzjxpNU=,A4tgQv5cqkc=,21,78
2023-01-27,xIqe+QQIQXQ=,t+kFcRdzL6o=,/M8gHzjxpNU=,xIqe+QQIQXQ=-t+kFcRdzL6o=,A4tgQv5cqkc=,21,78
2023-01-27,xIqe+QQIQXQ=,t+kFcRdzL6o=,/M8gHzjxpNU=,t+kFcRdzL6o=-/M8gHzjxpNU=,A4tgQv5cqkc=,20,113
2023-01-27,xIqe+QQIQXQ=,t+kFcRdzL6o=,/M8gHzjxpNU=,xIqe+QQIQXQ=-/M8gHzjxpNU=,A4tgQv5cqkc=,20,79
2023-01-27,xIqe+QQIQXQ=,t+kFcRdzL6o=,/M8gHzjxpNU=,xIqe+QQIQXQ=-t+kFcRdzL6o=,A4tgQv5cqkc=,20,79
2023-01-27,xIqe+QQIQXQ=,t+kFcRdzL6o=,/M8gHzjxpNU=,t+kFcRdzL6o=-/M8gHzjxpNU=,A4tgQv5cqkc=,19,117
2023-01-27,xIqe+QQIQXQ=,t+kFcRdzL6o=,/M8gHzjxpNU=,xIqe+QQIQXQ=-/M8gHzjxpNU=,A4tgQv5cqkc=,19,85
2023-01-27,xIqe+QQIQXQ=,t+kFcRdzL6o=,/M8gHzjxpNU=,xIqe+QQIQXQ=-t+kFcRdzL6o=,A4tgQv5cqkc=,19,85
2023-01-27,xIqe+QQIQXQ=,t+kFcRdzL6o=,/M8gHzjxpNU=,t+kFcRdzL6o=-/M8gHzjxpNU=,A4tgQv5cqkc=,18,118
2023-01-27,xIqe+QQIQXQ=,t+kFcRdzL6o=,/M8gHzjxpNU=,xIqe+QQIQXQ=-/M8gHzjxpNU=,A4tgQv5cqkc=,18,87
2023-01-27,xIqe+QQIQXQ=,t+kFcRdzL6o=,/M8gHzjxpNU=,xIqe+QQIQXQ=-t+kFcRdzL6o=,A4tgQv5cqkc=,18,87
2023-01-27,xIqe+QQIQXQ=,t+kFcRdzL6o=,/M8gHzjxpNU=,t+kFcRdzL6o=-/M8gHzjxpNU=,A4tgQv5cqkc=,17,118
2023-01-27,xIqe+QQIQXQ=,t+kFcRdzL6o=,/M8gHzjxpNU=,xIqe+QQIQXQ=-/M8gHzjxpNU=,A4tgQv5cqkc=,17,88
2023-01-27,xIqe+QQIQXQ=,t+kFcRdzL6o=,/M8gHzjxpNU=,xIqe+QQIQXQ=-t+kFcRdzL6o=,A4tgQv5cqkc=,17,88
2023-01-27,xIqe+QQIQXQ=,t+kFcRdzL6o=,/M8gHzjxpNU=,t+kFcRdzL6o=-/M8gHzjxpNU=,A4tgQv5cqkc=,16,118
2023-01-27,xIqe+QQIQXQ=,t+kFcRdzL6o=,/M8gHzjxpNU=,xIqe+QQIQXQ=-/M8gHzjxpNU=,A4tgQv5cqkc=,16,89
2023-01-27,xIqe+QQIQXQ=,t+kFcRdzL6o=,/M8gHzjxpNU=,xIqe+QQIQXQ=-t+kFcRdzL6o=,A4tgQv5cqkc=,16,89
2023-01-27,xIqe+QQIQXQ=,t+kFcRdzL6o=,/M8gHzjxpNU=,t+kFcRdzL6o=-/M8gHzjxpNU=,A4tgQv5cqkc=,15,118
2023-01-27,xIqe+QQIQXQ=,t+kFcRdzL6o=,/M8gHzjxpNU=,xIqe+QQIQXQ=-/M8gHzjxpNU=,A4tgQv5cqkc=,15,89
2023-01-27,xIqe+QQIQXQ=,t+kFcRdzL6o=,/M8gHzjxpNU=,xIqe+QQIQXQ=-t+kFcRdzL6o=,A4tgQv5cqkc=,15,89
2023-01-27,xIqe+QQIQXQ=,t+kFcRdzL6o=,/M8gHzjxpNU=,t+kFcRdzL6o=-/M8gHzjxpNU=,A4tgQv5cqkc=,14,118
2023-01-27,xIqe+QQIQXQ=,t+kFcRdzL6o=,/M8gHzjxpNU=,xIqe+QQIQXQ=-/M8gHzjxpNU=,A4tgQv5cqkc=,14,89
2023-01-27,xIqe+QQIQXQ=,t+kFcRdzL6o=,/M8gHzjxpNU=,xIqe+QQIQXQ=-t+kFcRdzL6o=,A4tgQv5cqkc=,14,89
2023-01-27,xIqe+QQIQXQ=,t+kFcRdzL6o=,/M8gHzjxpNU=,t+kFcRdzL6o=-/M8gHzjxpNU=,A4tgQv5cqkc=,13,118
2023-01-27,xIqe+QQIQXQ=,t+kFcRdzL6o=,/M8gHzjxpNU=,xIqe+QQIQXQ=-/M8gHzjxpNU=,A4tgQv5cqkc=,13,90
2023-01-27,xIqe+QQIQXQ=,t+kFcRdzL6o=,/M8gHzjxpNU=,xIqe+QQIQXQ=-t+kFcRdzL6o=,A4tgQv5cqkc=,13,90
2023-01-27,xIqe+QQIQXQ=,t+kFcRdzL6o=,/M8gHzjxpNU=,t+kFcRdzL6o=-/M8gHzjxpNU=,A4tgQv5cqkc=,12,125
2023-01-27,xIqe+QQIQXQ=,t+kFcRdzL6o=,/M8gHzjxpNU=,xIqe+QQIQXQ=-/M8gHzjxpNU=,A4tgQv5cqkc=,12,99
2023-01-27,xIqe+QQIQXQ=,t+kFcRdzL6o=,/M8gHzjxpNU=,xIqe+QQIQXQ=-t+kFcRdzL6o=,A4tgQv5cqkc=,12,99
2023-01-27,xIqe+QQIQXQ=,t+kFcRdzL6o=,/M8gHzjxpNU=,t+kFcRdzL6o=-/M8gHzjxpNU=,A4tgQv5cqkc=,11,137
2023-01-27,xIqe+QQIQXQ=,t+kFcRdzL6o=,/M8gHzjxpNU=,xIqe+QQIQXQ=-/M8gHzjxpNU=,A4tgQv5cqkc=,11,112
2023-01-27,xIqe+QQIQXQ=,t+kFcRdzL6o=,/M8gHzjxpNU=,xIqe+QQIQXQ=-t+kFcRdzL6o=,A4tgQv5cqkc=,11,112
2023-01-27,xIqe+QQIQXQ=,t+kFcRdzL6o=,/M8gHzjxpNU=,t+kFcRdzL6o=-/M8gHzjxpNU=,A4tgQv5cqkc=,10,153
2023-01-27,xIqe+QQIQXQ=,t+kFcRdzL6o=,/M8gHzjxpNU=,xIqe+QQIQXQ=-/M8gHzjxpNU=,A4tgQv5cqkc=,10,129
2023-01-27,xIqe+QQIQXQ=,t+kFcRdzL6o=,/M8gHzjxpNU=,xIqe+QQIQXQ=-t+kFcRdzL6o=,A4tgQv5cqkc=,10,129
2023-01-27,xIqe+QQIQXQ=,t+kFcRdzL6o=,/M8gHzjxpNU=,t+kFcRdzL6o=-/M8gHzjxpNU=,A4tgQv5cqkc=,9,164
2023-01-27,xIqe+QQIQXQ=,t+kFcRdzL6o=,/M8gHzjxpNU=,xIqe+QQIQXQ=-/M8gHzjxpNU=,A4tgQv5cqkc=,9,146
2023-01-27,xIqe+QQIQXQ=,t+kFcRdzL6o=,/M8gHzjxpNU=,xIqe+QQIQXQ=-t+kFcRdzL6o=,A4tgQv5cqkc=,9,146
2023-01-27,xIqe+QQIQXQ=,t+kFcRdzL6o=,/M8gHzjxpNU=,t+kFcRdzL6o=-/M8gHzjxpNU=,A4tgQv5cqkc=,8,176
2023-01-27,xIqe+QQIQXQ=,t+kFcRdzL6o=,/M8gHzjxpNU=,xIqe+QQIQXQ=-/M8gHzjxpNU=,A4tgQv5cqkc=,8,158
2023-01-27,xIqe+QQIQXQ=,t+kFcRdzL6o=,/M8gHzjxpNU=,xIqe+QQIQXQ=-t+kFcRdzL6o=,A4tgQv5cqkc=,8,158
2023-01-27,xIqe+QQIQXQ=,t+kFcRdzL6o=,/M8gHzjxpNU=,t+kFcRdzL6o=-/M8gHzjxpNU=,A4tgQv5cqkc=,7,179
2023-01-27,xIqe+QQIQXQ=,t+kFcRdzL6o=,/M8gHzjxpNU=,xIqe+QQIQXQ=-/M8gHzjxpNU=,A4tgQv5cqkc=,7,165
2023-01-27,xIqe+QQIQXQ=,t+kFcRdzL6o=,/M8gHzjxpNU=,xIqe+QQIQXQ=-t+kFcRdzL6o=,A4tgQv5cqkc=,7,165
2023-01-27,xIqe+QQIQXQ=,t+kFcRdzL6o=,/M8gHzjxpNU=,t+kFcRdzL6o=-/M8gHzjxpNU=,A4tgQv5cqkc=,6,178
2023-01-27,xIqe+QQIQXQ=,t+kFcRdzL6o=,/M8gHzjxpNU=,xIqe+QQIQXQ=-/M8gHzjxpNU=,A4tgQv5cqkc=,6,166
2023-01-27,xIqe+QQIQXQ=,t+kFcRdzL6o=,/M8gHzjxpNU=,xIqe+QQIQXQ=-t+kFcRdzL6o=,A4tgQv5cqkc=,6,166
2023-01-27,xIqe+QQIQXQ=,t+kFcRdzL6o=,/M8gHzjxpNU=,t+kFcRdzL6o=-/M8gHzjxpNU=,A4tgQv5cqkc=,5,179
2023-01-27,xIqe+QQIQXQ=,t+kFcRdzL6o=,/M8gHzjxpNU=,xIqe+QQIQXQ=-/M8gHzjxpNU=,A4tgQv5cqkc=,5,166
2023-01-27,xIqe+QQIQXQ=,t+kFcRdzL6o=,/M8gHzjxpNU=,xIqe+QQIQXQ=-t+kFcRdzL6o=,A4tgQv5cqkc=,5,166
2023-01-27,xIqe+QQIQXQ=,t+kFcRdzL6o=,/M8gHzjxpNU=,t+kFcRdzL6o=-/M8gHzjxpNU=,A4tgQv5cqkc=,4,179
2023-01-27,xIqe+QQIQXQ=,t+kFcRdzL6o=,/M8gHzjxpNU=,xIqe+QQIQXQ=-/M8gHzjxpNU=,A4tgQv5cqkc=,4,169
2023-01-27,xIqe+QQIQXQ=,t+kFcRdzL6o=,/M8gHzjxpNU=,xIqe+QQIQXQ=-t+kFcRdzL6o=,A4tgQv5cqkc=,4,169
2023-01-27,xIqe+QQIQXQ=,t+kFcRdzL6o=,/M8gHzjxpNU=,t+kFcRdzL6o=-/M8gHzjxpNU=,A4tgQv5cqkc=,3,179
2023-01-27,xIqe+QQIQXQ=,t+kFcRdzL6o=,/M8gHzjxpNU=,xIqe+QQIQXQ=-/M8gHzjxpNU=,A4tgQv5cqkc=,3,169
2023-01-27,xIqe+QQIQXQ=,t+kFcRdzL6o=,/M8gHzjxpNU=,xIqe+QQIQXQ=-t+kFcRdzL6o=,A4tgQv5cqkc=,3,169
2023-01-27,xIqe+QQIQXQ=,t+kFcRdzL6o=,/M8gHzjxpNU=,t+kFcRdzL6o=-/M8gHzjxpNU=,A4tgQv5cqkc=,2,179
2023-01-27,xIqe+QQIQXQ=,t+kFcRdzL6o=,/M8gHzjxpNU=,xIqe+QQIQXQ=-/M8gHzjxpNU=,A4tgQv5cqkc=,2,169
2023-01-27,xIqe+QQIQXQ=,t+kFcRdzL6o=,/M8gHzjxpNU=,xIqe+QQIQXQ=-t+kFcRdzL6o=,A4tgQv5cqkc=,2,169
2023-01-27,xIqe+QQIQXQ=,t+kFcRdzL6o=,/M8gHzjxpNU=,t+kFcRdzL6o=-/M8gHzjxpNU=,A4tgQv5cqkc=,1,179
2023-01-27,xIqe+QQIQXQ=,t+kFcRdzL6o=,/M8gHzjxpNU=,xIqe+QQIQXQ=-/M8gHzjxpNU=,A4tgQv5cqkc=,1,170
2023-01-27,xIqe+QQIQXQ=,t+kFcRdzL6o=,/M8gHzjxpNU=,xIqe+QQIQXQ=-t+kFcRdzL6o=,A4tgQv5cqkc=,1,170
2023-01-27,xIqe+QQIQXQ=,t+kFcRdzL6o=,/M8gHzjxpNU=,t+kFcRdzL6o=-/M8gHzjxpNU=,A4tgQv5cqkc=,0,179
2023-01-27,xIqe+QQIQXQ=,t+kFcRdzL6o=,/M8gHzjxpNU=,xIqe+QQIQXQ=-/M8gHzjxpNU=,A4tgQv5cqkc=,0,174
2023-01-27,xIqe+QQIQXQ=,t+kFcRdzL6o=,/M8gHzjxpNU=,xIqe+QQIQXQ=-t+kFcRdzL6o=,A4tgQv5cqkc=,0,174
2023-01-27,xIqe+QQIQXQ=,t+kFcRdzL6o=,/M8gHzjxpNU=,t+kFcRdzL6o=-/M8gHzjxpNU=,A4tgQv5cqkc=,-1,179
2023-01-27,xIqe+QQIQXQ=,t+kFcRdzL6o=,/M8gHzjxpNU=,xIqe+QQIQXQ=-/M8gHzjxpNU=,A4tgQv5cqkc=,-1,174
2023-01-27,xIqe+QQIQXQ=,t+kFcRdzL6o=,/M8gHzjxpNU=,xIqe+QQIQXQ=-t+kFcRdzL6o=,A4tgQv5cqkc=,-1,174
2023-01-29,xIqe+QQIQXQ=,t+kFcRdzL6o=,/M8gHzjxpNU=,t+kFcRdzL6o=-/M8gHzjxpNU=,A4tgQv5cqkc=,29,71
2023-01-29,xIqe+QQIQXQ=,t+kFcRdzL6o=,/M8gHzjxpNU=,xIqe+QQIQXQ=-/M8gHzjxpNU=,A4tgQv5cqkc=,29,41
2023-01-29,xIqe+QQIQXQ=,t+kFcRdzL6o=,/M8gHzjxpNU=,xIqe+QQIQXQ=-t+kFcRdzL6o=,A4tgQv5cqkc=,29,41
2023-01-29,xIqe+QQIQXQ=,t+kFcRdzL6o=,/M8gHzjxpNU=,t+kFcRdzL6o=-/M8gHzjxpNU=,A4tgQv5cqkc=,28,71
2023-01-29,xIqe+QQIQXQ=,t+kFcRdzL6o=,/M8gHzjxpNU=,xIqe+QQIQXQ=-/M8gHzjxpNU=,A4tgQv5cqkc=,28,41
2023-01-29,xIqe+QQIQXQ=,t+kFcRdzL6o=,/M8gHzjxpNU=,xIqe+QQIQXQ=-t+kFcRdzL6o=,A4tgQv5cqkc=,28,41
2023-01-29,xIqe+QQIQXQ=,t+kFcRdzL6o=,/M8gHzjxpNU=,t+kFcRdzL6o=-/M8gHzjxpNU=,A4tgQv5cqkc=,27,72
2023-01-29,xIqe+QQIQXQ=,t+kFcRdzL6o=,/M8gHzjxpNU=,xIqe+QQIQXQ=-/M8gHzjxpNU=,A4tgQv5cqkc=,27,42
2023-01-29,xIqe+QQIQXQ=,t+kFcRdzL6o=,/M8gHzjxpNU=,xIqe+QQIQXQ=-t+kFcRdzL6o=,A4tgQv5cqkc=,27,42
2023-01-29,xIqe+QQIQXQ=,t+kFcRdzL6o=,/M8gHzjxpNU=,t+kFcRdzL6o=-/M8gHzjxpNU=,A4tgQv5cqkc=,26,72
2023-01-29,xIqe+QQIQXQ=,t+kFcRdzL6o=,/M8gHzjxpNU=,xIqe+QQIQXQ=-/M8gHzjxpNU=,A4tgQv5cqkc=,26,42
2023-01-29,xIqe+QQIQXQ=,t+kFcRdzL6o=,/M8gHzjxpNU=,xIqe+QQIQXQ=-t+kFcRdzL6o=,A4tgQv5cqkc=,26,42
2023-01-29,xIqe+QQIQXQ=,t+kFcRdzL6o=,/M8gHzjxpNU=,t+kFcRdzL6o=-/M8gHzjxpNU=,A4tgQv5cqkc=,25,72
2023-01-29,xIqe+QQIQXQ=,t+kFcRdzL6o=,/M8gHzjxpNU=,xIqe+QQIQXQ=-/M8gHzjxpNU=,A4tgQv5cqkc=,25,42
2023-01-29,xIqe+QQIQXQ=,t+kFcRdzL6o=,/M8gHzjxpNU=,xIqe+QQIQXQ=-t+kFcRdzL6o=,A4tgQv5cqkc=,25,42
2023-01-29,xIqe+QQIQXQ=,t+kFcRdzL6o=,/M8gHzjxpNU=,t+kFcRdzL6o=-/M8gHzjxpNU=,A4tgQv5cqkc=,24,71
2023-01-29,xIqe+QQIQXQ=,t+kFcRdzL6o=,/M8gHzjxpNU=,xIqe+QQIQXQ=-/M8gHzjxpNU=,A4tgQv5cqkc=,24,42
2023-01-29,xIqe+QQIQXQ=,t+kFcRdzL6o=,/M8gHzjxpNU=,xIqe+QQIQXQ=-t+kFcRdzL6o=,A4tgQv5cqkc=,24,42
2023-01-29,xIqe+QQIQXQ=,t+kFcRdzL6o=,/M8gHzjxpNU=,t+kFcRdzL6o=-/M8gHzjxpNU=,A4tgQv5cqkc=,23,89
2023-01-29,xIqe+QQIQXQ=,t+kFcRdzL6o=,/M8gHzjxpNU=,xIqe+QQIQXQ=-/M8gHzjxpNU=,A4tgQv5cqkc=,23,63
2023-01-29,xIqe+QQIQXQ=,t+kFcRdzL6o=,/M8gHzjxpNU=,xIqe+QQIQXQ=-t+kFcRdzL6o=,A4tgQv5cqkc=,23,63
2023-01-29,xIqe+QQIQXQ=,t+kFcRdzL6o=,/M8gHzjxpNU=,t+kFcRdzL6o=-/M8gHzjxpNU=,A4tgQv5cqkc=,22,87
2023-01-29,xIqe+QQIQXQ=,t+kFcRdzL6o=,/M8gHzjxpNU=,xIqe+QQIQXQ=-/M8gHzjxpNU=,A4tgQv5cqkc=,22,61
2023-01-29,xIqe+QQIQXQ=,t+kFcRdzL6o=,/M8gHzjxpNU=,xIqe+QQIQXQ=-t+kFcRdzL6o=,A4tgQv5cqkc=,22,61
2023-01-29,xIqe+QQIQXQ=,t+kFcRdzL6o=,/M8gHzjxpNU=,t+kFcRdzL6o=-/M8gHzjxpNU=,A4tgQv5cqkc=,21,90
2023-01-29,xIqe+QQIQXQ=,t+kFcRdzL6o=,/M8gHzjxpNU=,xIqe+QQIQXQ=-/M8gHzjxpNU=,A4tgQv5cqkc=,21,62
2023-01-29,xIqe+QQIQXQ=,t+kFcRdzL6o=,/M8gHzjxpNU=,xIqe+QQIQXQ=-t+kFcRdzL6o=,A4tgQv5cqkc=,21,62
2023-01-29,xIqe+QQIQXQ=,t+kFcRdzL6o=,/M8gHzjxpNU=,t+kFcRdzL6o=-/M8gHzjxpNU=,A4tgQv5cqkc=,20,91
2023-01-29,xIqe+QQIQXQ=,t+kFcRdzL6o=,/M8gHzjxpNU=,xIqe+QQIQXQ=-/M8gHzjxpNU=,A4tgQv5cqkc=,20,65
2023-01-29,xIqe+QQIQXQ=,t+kFcRdzL6o=,/M8gHzjxpNU=,xIqe+QQIQXQ=-t+kFcRdzL6o=,A4tgQv5cqkc=,20,65
2023-01-29,xIqe+QQIQXQ=,t+kFcRdzL6o=,/M8gHzjxpNU=,t+kFcRdzL6o=-/M8gHzjxpNU=,A4tgQv5cqkc=,19,91
2023-01-29,xIqe+QQIQXQ=,t+kFcRdzL6o=,/M8gHzjxpNU=,xIqe+QQIQXQ=-/M8gHzjxpNU=,A4tgQv5cqkc=,19,66
2023-01-29,xIqe+QQIQXQ=,t+kFcRdzL6o=,/M8gHzjxpNU=,xIqe+QQIQXQ=-t+kFcRdzL6o=,A4tgQv5cqkc=,19,66
2023-01-29,xIqe+QQIQXQ=,t+kFcRdzL6o=,/M8gHzjxpNU=,t+kFcRdzL6o=-/M8gHzjxpNU=,A4tgQv5cqkc=,18,91
2023-01-29,xIqe+QQIQXQ=,t+kFcRdzL6o=,/M8gHzjxpNU=,xIqe+QQIQXQ=-/M8gHzjxpNU=,A4tgQv5cqkc=,18,66
2023-01-29,xIqe+QQIQXQ=,t+kFcRdzL6o=,/M8gHzjxpNU=,xIqe+QQIQXQ=-t+kFcRdzL6o=,A4tgQv5cqkc=,18,66
2023-01-29,xIqe+QQIQXQ=,t+kFcRdzL6o=,/M8gHzjxpNU=,t+kFcRdzL6o=-/M8gHzjxpNU=,A4tgQv5cqkc=,17,93
2023-01-29,xIqe+QQIQXQ=,t+kFcRdzL6o=,/M8gHzjxpNU=,xIqe+QQIQXQ=-/M8gHzjxpNU=,A4tgQv5cqkc=,17,68
2023-01-29,xIqe+QQIQXQ=,t+kFcRdzL6o=,/M8gHzjxpNU=,xIqe+QQIQXQ=-t+kFcRdzL6o=,A4tgQv5cqkc=,17,68
2023-01-29,xIqe+QQIQXQ=,t+kFcRdzL6o=,/M8gHzjxpNU=,t+kFcRdzL6o=-/M8gHzjxpNU=,A4tgQv5cqkc=,16,96
2023-01-29,xIqe+QQIQXQ=,t+kFcRdzL6o=,/M8gHzjxpNU=,xIqe+QQIQXQ=-/M8gHzjxpNU=,A4tgQv5cqkc=,16,71
2023-01-29,xIqe+QQIQXQ=,t+kFcRdzL6o=,/M8gHzjxpNU=,xIqe+QQIQXQ=-t+kFcRdzL6o=,A4tgQv5cqkc=,16,71
2023-01-29,xIqe+QQIQXQ=,t+kFcRdzL6o=,/M8gHzjxpNU=,t+kFcRdzL6o=-/M8gHzjxpNU=,A4tgQv5cqkc=,15,96
2023-01-29,xIqe+QQIQXQ=,t+kFcRdzL6o=,/M8gHzjxpNU=,xIqe+QQIQXQ=-/M8gHzjxpNU=,A4tgQv5cqkc=,15,71
2023-01-29,xIqe+QQIQXQ=,t+kFcRdzL6o=,/M8gHzjxpNU=,xIqe+QQIQXQ=-t+kFcRdzL6o=,A4tgQv5cqkc=,15,71
2023-01-29,xIqe+QQIQXQ=,t+kFcRdzL6o=,/M8gHzjxpNU=,t+kFcRdzL6o=-/M8gHzjxpNU=,A4tgQv5cqkc=,14,100
2023-01-29,xIqe+QQIQXQ=,t+kFcRdzL6o=,/M8gHzjxpNU=,xIqe+QQIQXQ=-/M8gHzjxpNU=,A4tgQv5cqkc=,14,75
2023-01-29,xIqe+QQIQXQ=,t+kFcRdzL6o=,/M8gHzjxpNU=,xIqe+QQIQXQ=-t+kFcRdzL6o=,A4tgQv5cqkc=,14,75
2023-01-29,xIqe+QQIQXQ=,t+kFcRdzL6o=,/M8gHzjxpNU=,t+kFcRdzL6o=-/M8gHzjxpNU=,A4tgQv5cqkc=,13,100
2023-01-29,xIqe+QQIQXQ=,t+kFcRdzL6o=,/M8gHzjxpNU=,xIqe+QQIQXQ=-/M8gHzjxpNU=,A4tgQv5cqkc=,13,75
2023-01-29,xIqe+QQIQXQ=,t+kFcRdzL6o=,/M8gHzjxpNU=,xIqe+QQIQXQ=-t+kFcRdzL6o=,A4tgQv5cqkc=,13,75
2023-01-29,xIqe+QQIQXQ=,t+kFcRdzL6o=,/M8gHzjxpNU=,t+kFcRdzL6o=-/M8gHzjxpNU=,A4tgQv5cqkc=,12,102
2023-01-29,xIqe+QQIQXQ=,t+kFcRdzL6o=,/M8gHzjxpNU=,xIqe+QQIQXQ=-/M8gHzjxpNU=,A4tgQv5cqkc=,12,77
2023-01-29,xIqe+QQIQXQ=,t+kFcRdzL6o=,/M8gHzjxpNU=,xIqe+QQIQXQ=-t+kFcRdzL6o=,A4tgQv5cqkc=,12,77
2023-01-29,xIqe+QQIQXQ=,t+kFcRdzL6o=,/M8gHzjxpNU=,t+kFcRdzL6o=-/M8gHzjxpNU=,A4tgQv5cqkc=,11,102
2023-01-29,xIqe+QQIQXQ=,t+kFcRdzL6o=,/M8gHzjxpNU=,xIqe+QQIQXQ=-/M8gHzjxpNU=,A4tgQv5cqkc=,11,78
2023-01-29,xIqe+QQIQXQ=,t+kFcRdzL6o=,/M8gHzjxpNU=,xIqe+QQIQXQ=-t+kFcRdzL6o=,A4tgQv5cqkc=,11,78
2023-01-29,xIqe+QQIQXQ=,t+kFcRdzL6o=,/M8gHzjxpNU=,t+kFcRdzL6o=-/M8gHzjxpNU=,A4tgQv5cqkc=,10,103
2023-01-29,xIqe+QQIQXQ=,t+kFcRdzL6o=,/M8gHzjxpNU=,xIqe+QQIQXQ=-/M8gHzjxpNU=,A4tgQv5cqkc=,10,79
2023-01-29,xIqe+QQIQXQ=,t+kFcRdzL6o=,/M8gHzjxpNU=,xIqe+QQIQXQ=-t+kFcRdzL6o=,A4tgQv5cqkc=,10,79
2023-01-29,xIqe+QQIQXQ=,t+kFcRdzL6o=,/M8gHzjxpNU=,t+kFcRdzL6o=-/M8gHzjxpNU=,A4tgQv5cqkc=,9,103
2023-01-29,xIqe+QQIQXQ=,t+kFcRdzL6o=,/M8gHzjxpNU=,xIqe+QQIQXQ=-/M8gHzjxpNU=,A4tgQv5cqkc=,9,81
2023-01-29,xIqe+QQIQXQ=,t+kFcRdzL6o=,/M8gHzjxpNU=,xIqe+QQIQXQ=-t+kFcRdzL6o=,A4tgQv5cqkc=,9,81
2023-01-29,xIqe+QQIQXQ=,t+kFcRdzL6o=,/M8gHzjxpNU=,t+kFcRdzL6o=-/M8gHzjxpNU=,A4tgQv5cqkc=,8,104
2023-01-29,xIqe+QQIQXQ=,t+kFcRdzL6o=,/M8gHzjxpNU=,xIqe+QQIQXQ=-/M8gHzjxpNU=,A4tgQv5cqkc=,8,82
2023-01-29,xIqe+QQIQXQ=,t+kFcRdzL6o=,/M8gHzjxpNU=,xIqe+QQIQXQ=-t+kFcRdzL6o=,A4tgQv5cqkc=,8,82
2023-01-29,xIqe+QQIQXQ=,t+kFcRdzL6o=,/M8gHzjxpNU=,t+kFcRdzL6o=-/M8gHzjxpNU=,A4tgQv5cqkc=,7,110
2023-01-29,xIqe+QQIQXQ=,t+kFcRdzL6o=,/M8gHzjxpNU=,xIqe+QQIQXQ=-/M8gHzjxpNU=,A4tgQv5cqkc=,7,91
2023-01-29,xIqe+QQIQXQ=,t+kFcRdzL6o=,/M8gHzjxpNU=,xIqe+QQIQXQ=-t+kFcRdzL6o=,A4tgQv5cqkc=,7,91
2023-01-29,xIqe+QQIQXQ=,t+kFcRdzL6o=,/M8gHzjxpNU=,t+kFcRdzL6o=-/M8gHzjxpNU=,A4tgQv5cqkc=,6,114
2023-01-29,xIqe+QQIQXQ=,t+kFcRdzL6o=,/M8gHzjxpNU=,xIqe+QQIQXQ=-/M8gHzjxpNU=,A4tgQv5cqkc=,6,96
2023-01-29,xIqe+QQIQXQ=,t+kFcRdzL6o=,/M8gHzjxpNU=,xIqe+QQIQXQ=-t+kFcRdzL6o=,A4tgQv5cqkc=,6,96
2023-01-29,xIqe+QQIQXQ=,t+kFcRdzL6o=,/M8gHzjxpNU=,t+kFcRdzL6o=-/M8gHzjxpNU=,A4tgQv5cqkc=,5,118
2023-01-29,xIqe+QQIQXQ=,t+kFcRdzL6o=,/M8gHzjxpNU=,xIqe+QQIQXQ=-/M8gHzjxpNU=,A4tgQv5cqkc=,5,106
2023-01-29,xIqe+QQIQXQ=,t+kFcRdzL6o=,/M8gHzjxpNU=,xIqe+QQIQXQ=-t+kFcRdzL6o=,A4tgQv5cqkc=,5,106
2023-01-29,xIqe+QQIQXQ=,t+kFcRdzL6o=,/M8gHzjxpNU=,t+kFcRdzL6o=-/M8gHzjxpNU=,A4tgQv5cqkc=,4,160
2023-01-29,xIqe+QQIQXQ=,t+kFcRdzL6o=,/M8gHzjxpNU=,xIqe+QQIQXQ=-/M8gHzjxpNU=,A4tgQv5cqkc=,4,132
2023-01-29,xIqe+QQIQXQ=,t+kFcRdzL6o=,/M8gHzjxpNU=,xIqe+QQIQXQ=-t+kFcRdzL6o=,A4tgQv5cqkc=,4,132
2023-01-29,xIqe+QQIQXQ=,t+kFcRdzL6o=,/M8gHzjxpNU=,t+kFcRdzL6o=-/M8gHzjxpNU=,A4tgQv5cqkc=,3,179
2023-01-29,xIqe+QQIQXQ=,t+kFcRdzL6o=,/M8gHzjxpNU=,xIqe+QQIQXQ=-/M8gHzjxpNU=,A4tgQv5cqkc=,3,151
2023-01-29,xIqe+QQIQXQ=,t+kFcRdzL6o=,/M8gHzjxpNU=,xIqe+QQIQXQ=-t+kFcRdzL6o=,A4tgQv5cqkc=,3,151
2023-01-29,xIqe+QQIQXQ=,t+kFcRdzL6o=,/M8gHzjxpNU=,t+kFcRdzL6o=-/M8gHzjxpNU=,A4tgQv5cqkc=,2,179
2023-01-29,xIqe+QQIQXQ=,t+kFcRdzL6o=,/M8gHzjxpNU=,xIqe+QQIQXQ=-/M8gHzjxpNU=,A4tgQv5cqkc=,2,155
2023-01-29,xIqe+QQIQXQ=,t+kFcRdzL6o=,/M8gHzjxpNU=,xIqe+QQIQXQ=-t+kFcRdzL6o=,A4tgQv5cqkc=,2,155
2023-01-29,xIqe+QQIQXQ=,t+kFcRdzL6o=,/M8gHzjxpNU=,t+kFcRdzL6o=-/M8gHzjxpNU=,A4tgQv5cqkc=,1,179
2023-01-29,xIqe+QQIQXQ=,t+kFcRdzL6o=,/M8gHzjxpNU=,xIqe+QQIQXQ=-/M8gHzjxpNU=,A4tgQv5cqkc=,1,157
2023-01-29,xIqe+QQIQXQ=,t+kFcRdzL6o=,/M8gHzjxpNU=,xIqe+QQIQXQ=-t+kFcRdzL6o=,A4tgQv5cqkc=,1,157
2023-01-29,xIqe+QQIQXQ=,t+kFcRdzL6o=,/M8gHzjxpNU=,t+kFcRdzL6o=-/M8gHzjxpNU=,A4tgQv5cqkc=,0,185
2023-01-29,xIqe+QQIQXQ=,t+kFcRdzL6o=,/M8gHzjxpNU=,xIqe+QQIQXQ=-/M8gHzjxpNU=,A4tgQv5cqkc=,0,168
2023-01-29,xIqe+QQIQXQ=,t+kFcRdzL6o=,/M8gHzjxpNU=,xIqe+QQIQXQ=-t+kFcRdzL6o=,A4tgQv5cqkc=,0,168
2023-01-29,xIqe+QQIQXQ=,t+kFcRdzL6o=,/M8gHzjxpNU=,t+kFcRdzL6o=-/M8gHzjxpNU=,A4tgQv5cqkc=,-1,185
2023-01-29,xIqe+QQIQXQ=,t+kFcRdzL6o=,/M8gHzjxpNU=,xIqe+QQIQXQ=-/M8gHzjxpNU=,A4tgQv5cqkc=,-1,168
2023-01-29,xIqe+QQIQXQ=,t+kFcRdzL6o=,/M8gHzjxpNU=,xIqe+QQIQXQ=-t+kFcRdzL6o=,A4tgQv5cqkc=,-1,168
2023-01-30,xIqe+QQIQXQ=,t+kFcRdzL6o=,/M8gHzjxpNU=,t+kFcRdzL6o=-/M8gHzjxpNU=,A4tgQv5cqkc=,29,52
2023-01-30,xIqe+QQIQXQ=,t+kFcRdzL6o=,/M8gHzjxpNU=,xIqe+QQIQXQ=-/M8gHzjxpNU=,A4tgQv5cqkc=,29,41
2023-01-30,xIqe+QQIQXQ=,t+kFcRdzL6o=,/M8gHzjxpNU=,xIqe+QQIQXQ=-t+kFcRdzL6o=,A4tgQv5cqkc=,29,41
2023-01-30,xIqe+QQIQXQ=,t+kFcRdzL6o=,/M8gHzjxpNU=,t+kFcRdzL6o=-/M8gHzjxpNU=,A4tgQv5cqkc=,28,55
2023-01-30,xIqe+QQIQXQ=,t+kFcRdzL6o=,/M8gHzjxpNU=,xIqe+QQIQXQ=-/M8gHzjxpNU=,A4tgQv5cqkc=,28,42
2023-01-30,xIqe+QQIQXQ=,t+kFcRdzL6o=,/M8gHzjxpNU=,xIqe+QQIQXQ=-t+kFcRdzL6o=,A4tgQv5cqkc=,28,42
2023-01-30,xIqe+QQIQXQ=,t+kFcRdzL6o=,/M8gHzjxpNU=,t+kFcRdzL6o=-/M8gHzjxpNU=,A4tgQv5cqkc=,27,57
2023-01-30,xIqe+QQIQXQ=,t+kFcRdzL6o=,/M8gHzjxpNU=,xIqe+QQIQXQ=-/M8gHzjxpNU=,A4tgQv5cqkc=,27,43
2023-01-30,xIqe+QQIQXQ=,t+kFcRdzL6o=,/M8gHzjxpNU=,xIqe+QQIQXQ=-t+kFcRdzL6o=,A4tgQv5cqkc=,27,43
2023-01-30,xIqe+QQIQXQ=,t+kFcRdzL6o=,/M8gHzjxpNU=,t+kFcRdzL6o=-/M8gHzjxpNU=,A4tgQv5cqkc=,26,61
2023-01-30,xIqe+QQIQXQ=,t+kFcRdzL6o=,/M8gHzjxpNU=,xIqe+QQIQXQ=-/M8gHzjxpNU=,A4tgQv5cqkc=,26,43
2023-01-30,xIqe+QQIQXQ=,t+kFcRdzL6o=,/M8gHzjxpNU=,xIqe+QQIQXQ=-t+kFcRdzL6o=,A4tgQv5cqkc=,26,43
2023-01-30,xIqe+QQIQXQ=,t+kFcRdzL6o=,/M8gHzjxpNU=,t+kFcRdzL6o=-/M8gHzjxpNU=,A4tgQv5cqkc=,25,63
2023-01-30,xIqe+QQIQXQ=,t+kFcRdzL6o=,/M8gHzjxpNU=,xIqe+QQIQXQ=-/M8gHzjxpNU=,A4tgQv5cqkc=,25,43
2023-01-30,xIqe+QQIQXQ=,t+kFcRdzL6o=,/M8gHzjxpNU=,xIqe+QQIQXQ=-t+kFcRdzL6o=,A4tgQv5cqkc=,25,43
2023-01-30,xIqe+QQIQXQ=,t+kFcRdzL6o=,/M8gHzjxpNU=,t+kFcRdzL6o=-/M8gHzjxpNU=,A4tgQv5cqkc=,24,68
2023-01-30,xIqe+QQIQXQ=,t+kFcRdzL6o=,/M8gHzjxpNU=,xIqe+QQIQXQ=-/M8gHzjxpNU=,A4tgQv5cqkc=,24,43
2023-01-30,xIqe+QQIQXQ=,t+kFcRdzL6o=,/M8gHzjxpNU=,xIqe+QQIQXQ=-t+kFcRdzL6o=,A4tgQv5cqkc=,24,43
2023-01-30,xIqe+QQIQXQ=,t+kFcRdzL6o=,/M8gHzjxpNU=,t+kFcRdzL6o=-/M8gHzjxpNU=,A4tgQv5cqkc=,23,74
2023-01-30,xIqe+QQIQXQ=,t+kFcRdzL6o=,/M8gHzjxpNU=,xIqe+QQIQXQ=-/M8gHzjxpNU=,A4tgQv5cqkc=,23,44
2023-01-30,xIqe+QQIQXQ=,t+kFcRdzL6o=,/M8gHzjxpNU=,xIqe+QQIQXQ=-t+kFcRdzL6o=,A4tgQv5cqkc=,23,44
2023-01-30,xIqe+QQIQXQ=,t+kFcRdzL6o=,/M8gHzjxpNU=,t+kFcRdzL6o=-/M8gHzjxpNU=,A4tgQv5cqkc=,22,79
2023-01-30,xIqe+QQIQXQ=,t+kFcRdzL6o=,/M8gHzjxpNU=,xIqe+QQIQXQ=-/M8gHzjxpNU=,A4tgQv5cqkc=,22,48
2023-01-30,xIqe+QQIQXQ=,t+kFcRdzL6o=,/M8gHzjxpNU=,xIqe+QQIQXQ=-t+kFcRdzL6o=,A4tgQv5cqkc=,22,48
2023-01-30,xIqe+QQIQXQ=,t+kFcRdzL6o=,/M8gHzjxpNU=,t+kFcRdzL6o=-/M8gHzjxpNU=,A4tgQv5cqkc=,21,81
2023-01-30,xIqe+QQIQXQ=,t+kFcRdzL6o=,/M8gHzjxpNU=,xIqe+QQIQXQ=-/M8gHzjxpNU=,A4tgQv5cqkc=,21,50
2023-01-30,xIqe+QQIQXQ=,t+kFcRdzL6o=,/M8gHzjxpNU=,xIqe+QQIQXQ=-t+kFcRdzL6o=,A4tgQv5cqkc=,21,50
2023-01-30,xIqe+QQIQXQ=,t+kFcRdzL6o=,/M8gHzjxpNU=,t+kFcRdzL6o=-/M8gHzjxpNU=,A4tgQv5cqkc=,20,83
2023-01-30,xIqe+QQIQXQ=,t+kFcRdzL6o=,/M8gHzjxpNU=,xIqe+QQIQXQ=-/M8gHzjxpNU=,A4tgQv5cqkc=,20,52
2023-01-30,xIqe+QQIQXQ=,t+kFcRdzL6o=,/M8gHzjxpNU=,xIqe+QQIQXQ=-t+kFcRdzL6o=,A4tgQv5cqkc=,20,52
2023-01-30,xIqe+QQIQXQ=,t+kFcRdzL6o=,/M8gHzjxpNU=,t+kFcRdzL6o=-/M8gHzjxpNU=,A4tgQv5cqkc=,19,90
2023-01-30,xIqe+QQIQXQ=,t+kFcRdzL6o=,/M8gHzjxpNU=,xIqe+QQIQXQ=-/M8gHzjxpNU=,A4tgQv5cqkc=,19,52
2023-01-30,xIqe+QQIQXQ=,t+kFcRdzL6o=,/M8gHzjxpNU=,xIqe+QQIQXQ=-t+kFcRdzL6o=,A4tgQv5cqkc=,19,52
2023-01-30,xIqe+QQIQXQ=,t+kFcRdzL6o=,/M8gHzjxpNU=,t+kFcRdzL6o=-/M8gHzjxpNU=,A4tgQv5cqkc=,18,90
2023-01-30,xIqe+QQIQXQ=,t+kFcRdzL6o=,/M8gHzjxpNU=,xIqe+QQIQXQ=-/M8gHzjxpNU=,A4tgQv5cqkc=,18,52
2023-01-30,xIqe+QQIQXQ=,t+kFcRdzL6o=,/M8gHzjxpNU=,xIqe+QQIQXQ=-t+kFcRdzL6o=,A4tgQv5cqkc=,18,52
2023-01-30,xIqe+QQIQXQ=,t+kFcRdzL6o=,/M8gHzjxpNU=,t+kFcRdzL6o=-/M8gHzjxpNU=,A4tgQv5cqkc=,17,89
2023-01-30,xIqe+QQIQXQ=,t+kFcRdzL6o=,/M8gHzjxpNU=,xIqe+QQIQXQ=-/M8gHzjxpNU=,A4tgQv5cqkc=,17,51
2023-01-30,xIqe+QQIQXQ=,t+kFcRdzL6o=,/M8gHzjxpNU=,xIqe+QQIQXQ=-t+kFcRdzL6o=,A4tgQv5cqkc=,17,51
2023-01-30,xIqe+QQIQXQ=,t+kFcRdzL6o=,/M8gHzjxpNU=,t+kFcRdzL6o=-/M8gHzjxpNU=,A4tgQv5cqkc=,16,89
2023-01-30,xIqe+QQIQXQ=,t+kFcRdzL6o=,/M8gHzjxpNU=,xIqe+QQIQXQ=-/M8gHzjxpNU=,A4tgQv5cqkc=,16,52
2023-01-30,xIqe+QQIQXQ=,t+kFcRdzL6o=,/M8gHzjxpNU=,xIqe+QQIQXQ=-t+kFcRdzL6o=,A4tgQv5cqkc=,16,52
2023-01-30,xIqe+QQIQXQ=,t+kFcRdzL6o=,/M8gHzjxpNU=,t+kFcRdzL6o=-/M8gHzjxpNU=,A4tgQv5cqkc=,15,89
2023-01-30,xIqe+QQIQXQ=,t+kFcRdzL6o=,/M8gHzjxpNU=,xIqe+QQIQXQ=-/M8gHzjxpNU=,A4tgQv5cqkc=,15,52
2023-01-30,xIqe+QQIQXQ=,t+kFcRdzL6o=,/M8gHzjxpNU=,xIqe+QQIQXQ=-t+kFcRdzL6o=,A4tgQv5cqkc=,15,52
2023-01-30,xIqe+QQIQXQ=,t+kFcRdzL6o=,/M8gHzjxpNU=,t+kFcRdzL6o=-/M8gHzjxpNU=,A4tgQv5cqkc=,14,89
2023-01-30,xIqe+QQIQXQ=,t+kFcRdzL6o=,/M8gHzjxpNU=,xIqe+QQIQXQ=-/M8gHzjxpNU=,A4tgQv5cqkc=,14,53
2023-01-30,xIqe+QQIQXQ=,t+kFcRdzL6o=,/M8gHzjxpNU=,xIqe+QQIQXQ=-t+kFcRdzL6o=,A4tgQv5cqkc=,14,53
2023-01-30,xIqe+QQIQXQ=,t+kFcRdzL6o=,/M8gHzjxpNU=,t+kFcRdzL6o=-/M8gHzjxpNU=,A4tgQv5cqkc=,13,92
2023-01-30,xIqe+QQIQXQ=,t+kFcRdzL6o=,/M8gHzjxpNU=,xIqe+QQIQXQ=-/M8gHzjxpNU=,A4tgQv5cqkc=,13,56
2023-01-30,xIqe+QQIQXQ=,t+kFcRdzL6o=,/M8gHzjxpNU=,xIqe+QQIQXQ=-t+kFcRdzL6o=,A4tgQv5cqkc=,13,56
2023-01-30,xIqe+QQIQXQ=,t+kFcRdzL6o=,/M8gHzjxpNU=,t+kFcRdzL6o=-/M8gHzjxpNU=,A4tgQv5cqkc=,12,98
2023-01-30,xIqe+QQIQXQ=,t+kFcRdzL6o=,/M8gHzjxpNU=,xIqe+QQIQXQ=-/M8gHzjxpNU=,A4tgQv5cqkc=,12,62
2023-01-30,xIqe+QQIQXQ=,t+kFcRdzL6o=,/M8gHzjxpNU=,xIqe+QQIQXQ=-t+kFcRdzL6o=,A4tgQv5cqkc=,12,62
2023-01-30,xIqe+QQIQXQ=,t+kFcRdzL6o=,/M8gHzjxpNU=,t+kFcRdzL6o=-/M8gHzjxpNU=,A4tgQv5cqkc=,11,101
2023-01-30,xIqe+QQIQXQ=,t+kFcRdzL6o=,/M8gHzjxpNU=,xIqe+QQIQXQ=-/M8gHzjxpNU=,A4tgQv5cqkc=,11,65
2023-01-30,xIqe+QQIQXQ=,t+kFcRdzL6o=,/M8gHzjxpNU=,xIqe+QQIQXQ=-t+kFcRdzL6o=,A4tgQv5cqkc=,11,65
2023-01-30,xIqe+QQIQXQ=,t+kFcRdzL6o=,/M8gHzjxpNU=,t+kFcRdzL6o=-/M8gHzjxpNU=,A4tgQv5cqkc=,10,105
2023-01-30,xIqe+QQIQXQ=,t+kFcRdzL6o=,/M8gHzjxpNU=,xIqe+QQIQXQ=-/M8gHzjxpNU=,A4tgQv5cqkc=,10,71
2023-01-30,xIqe+QQIQXQ=,t+kFcRdzL6o=,/M8gHzjxpNU=,xIqe+QQIQXQ=-t+kFcRdzL6o=,A4tgQv5cqkc=,10,71
2023-01-30,xIqe+QQIQXQ=,t+kFcRdzL6o=,/M8gHzjxpNU=,t+kFcRdzL6o=-/M8gHzjxpNU=,A4tgQv5cqkc=,9,107
2023-01-30,xIqe+QQIQXQ=,t+kFcRdzL6o=,/M8gHzjxpNU=,xIqe+QQIQXQ=-/M8gHzjxpNU=,A4tgQv5cqkc=,9,74
2023-01-30,xIqe+QQIQXQ=,t+kFcRdzL6o=,/M8gHzjxpNU=,xIqe+QQIQXQ=-t+kFcRdzL6o=,A4tgQv5cqkc=,9,74
2023-01-30,xIqe+QQIQXQ=,t+kFcRdzL6o=,/M8gHzjxpNU=,t+kFcRdzL6o=-/M8gHzjxpNU=,A4tgQv5cqkc=,8,110
2023-01-30,xIqe+QQIQXQ=,t+kFcRdzL6o=,/M8gHzjxpNU=,xIqe+QQIQXQ=-/M8gHzjxpNU=,A4tgQv5cqkc=,8,77
2023-01-30,xIqe+QQIQXQ=,t+kFcRdzL6o=,/M8gHzjxpNU=,xIqe+QQIQXQ=-t+kFcRdzL6o=,A4tgQv5cqkc=,8,77
2023-01-30,xIqe+QQIQXQ=,t+kFcRdzL6o=,/M8gHzjxpNU=,t+kFcRdzL6o=-/M8gHzjxpNU=,A4tgQv5cqkc=,7,118
2023-01-30,xIqe+QQIQXQ=,t+kFcRdzL6o=,/M8gHzjxpNU=,xIqe+QQIQXQ=-/M8gHzjxpNU=,A4tgQv5cqkc=,7,85
2023-01-30,xIqe+QQIQXQ=,t+kFcRdzL6o=,/M8gHzjxpNU=,xIqe+QQIQXQ=-t+kFcRdzL6o=,A4tgQv5cqkc=,7,85
2023-01-30,xIqe+QQIQXQ=,t+kFcRdzL6o=,/M8gHzjxpNU=,t+kFcRdzL6o=-/M8gHzjxpNU=,A4tgQv5cqkc=,6,119
2023-01-30,xIqe+QQIQXQ=,t+kFcRdzL6o=,/M8gHzjxpNU=,xIqe+QQIQXQ=-/M8gHzjxpNU=,A4tgQv5cqkc=,6,89
2023-01-30,xIqe+QQIQXQ=,t+kFcRdzL6o=,/M8gHzjxpNU=,xIqe+QQIQXQ=-t+kFcRdzL6o=,A4tgQv5cqkc=,6,89
2023-01-30,xIqe+QQIQXQ=,t+kFcRdzL6o=,/M8gHzjxpNU=,t+kFcRdzL6o=-/M8gHzjxpNU=,A4tgQv5cqkc=,5,134
2023-01-30,xIqe+QQIQXQ=,t+kFcRdzL6o=,/M8gHzjxpNU=,xIqe+QQIQXQ=-/M8gHzjxpNU=,A4tgQv5cqkc=,5,108
2023-01-30,xIqe+QQIQXQ=,t+kFcRdzL6o=,/M8gHzjxpNU=,xIqe+QQIQXQ=-t+kFcRdzL6o=,A4tgQv5cqkc=,5,108
2023-01-30,xIqe+QQIQXQ=,t+kFcRdzL6o=,/M8gHzjxpNU=,t+kFcRdzL6o=-/M8gHzjxpNU=,A4tgQv5cqkc=,4,167
2023-01-30,xIqe+QQIQXQ=,t+kFcRdzL6o=,/M8gHzjxpNU=,xIqe+QQIQXQ=-/M8gHzjxpNU=,A4tgQv5cqkc=,4,147
2023-01-30,xIqe+QQIQXQ=,t+kFcRdzL6o=,/M8gHzjxpNU=,xIqe+QQIQXQ=-t+kFcRdzL6o=,A4tgQv5cqkc=,4,147
2023-01-30,xIqe+QQIQXQ=,t+kFcRdzL6o=,/M8gHzjxpNU=,t+kFcRdzL6o=-/M8gHzjxpNU=,A4tgQv5cqkc=,3,170
2023-01-30,xIqe+QQIQXQ=,t+kFcRdzL6o=,/M8gHzjxpNU=,xIqe+QQIQXQ=-/M8gHzjxpNU=,A4tgQv5cqkc=,3,153
2023-01-30,xIqe+QQIQXQ=,t+kFcRdzL6o=,/M8gHzjxpNU=,xIqe+QQIQXQ=-t+kFcRdzL6o=,A4tgQv5cqkc=,3,153
2023-01-30,xIqe+QQIQXQ=,t+kFcRdzL6o=,/M8gHzjxpNU=,t+kFcRdzL6o=-/M8gHzjxpNU=,A4tgQv5cqkc=,2,172
2023-01-30,xIqe+QQIQXQ=,t+kFcRdzL6o=,/M8gHzjxpNU=,xIqe+QQIQXQ=-/M8gHzjxpNU=,A4tgQv5cqkc=,2,155
2023-01-30,xIqe+QQIQXQ=,t+kFcRdzL6o=,/M8gHzjxpNU=,xIqe+QQIQXQ=-t+kFcRdzL6o=,A4tgQv5cqkc=,2,155
2023-01-30,xIqe+QQIQXQ=,t+kFcRdzL6o=,/M8gHzjxpNU=,t+kFcRdzL6o=-/M8gHzjxpNU=,A4tgQv5cqkc=,1,179
2023-01-30,xIqe+QQIQXQ=,t+kFcRdzL6o=,/M8gHzjxpNU=,xIqe+QQIQXQ=-/M8gHzjxpNU=,A4tgQv5cqkc=,1,164
2023-01-30,xIqe+QQIQXQ=,t+kFcRdzL6o=,/M8gHzjxpNU=,xIqe+QQIQXQ=-t+kFcRdzL6o=,A4tgQv5cqkc=,1,164
2023-01-30,xIqe+QQIQXQ=,t+kFcRdzL6o=,/M8gHzjxpNU=,t+kFcRdzL6o=-/M8gHzjxpNU=,A4tgQv5cqkc=,0,179
2023-01-30,xIqe+QQIQXQ=,t+kFcRdzL6o=,/M8gHzjxpNU=,xIqe+QQIQXQ=-/M8gHzjxpNU=,A4tgQv5cqkc=,0,165
2023-01-30,xIqe+QQIQXQ=,t+kFcRdzL6o=,/M8gHzjxpNU=,xIqe+QQIQXQ=-t+kFcRdzL6o=,A4tgQv5cqkc=,0,165
2023-01-30,xIqe+QQIQXQ=,t+kFcRdzL6o=,/M8gHzjxpNU=,t+kFcRdzL6o=-/M8gHzjxpNU=,A4tgQv5cqkc=,-1,179
2023-01-30,xIqe+QQIQXQ=,t+kFcRdzL6o=,/M8gHzjxpNU=,xIqe+QQIQXQ=-/M8gHzjxpNU=,A4tgQv5cqkc=,-1,165
2023-01-30,xIqe+QQIQXQ=,t+kFcRdzL6o=,/M8gHzjxpNU=,xIqe+QQIQXQ=-t+kFcRdzL6o=,A4tgQv5cqkc=,-1,165
2023-02-01,xIqe+QQIQXQ=,t+kFcRdzL6o=,/M8gHzjxpNU=,t+kFcRdzL6o=-/M8gHzjxpNU=,A4tgQv5cqkc=,29,24
2023-02-01,xIqe+QQIQXQ=,t+kFcRdzL6o=,/M8gHzjxpNU=,xIqe+QQIQXQ=-/M8gHzjxpNU=,A4tgQv5cqkc=,29,27
2023-02-01,xIqe+QQIQXQ=,t+kFcRdzL6o=,/M8gHzjxpNU=,xIqe+QQIQXQ=-t+kFcRdzL6o=,A4tgQv5cqkc=,29,27
2023-02-01,xIqe+QQIQXQ=,t+kFcRdzL6o=,/M8gHzjxpNU=,t+kFcRdzL6o=-/M8gHzjxpNU=,A4tgQv5cqkc=,28,24
2023-02-01,xIqe+QQIQXQ=,t+kFcRdzL6o=,/M8gHzjxpNU=,xIqe+QQIQXQ=-/M8gHzjxpNU=,A4tgQv5cqkc=,28,27
2023-02-01,xIqe+QQIQXQ=,t+kFcRdzL6o=,/M8gHzjxpNU=,xIqe+QQIQXQ=-t+kFcRdzL6o=,A4tgQv5cqkc=,28,27
2023-02-01,xIqe+QQIQXQ=,t+kFcRdzL6o=,/M8gHzjxpNU=,t+kFcRdzL6o=-/M8gHzjxpNU=,A4tgQv5cqkc=,27,24
2023-02-01,xIqe+QQIQXQ=,t+kFcRdzL6o=,/M8gHzjxpNU=,xIqe+QQIQXQ=-/M8gHzjxpNU=,A4tgQv5cqkc=,27,27
2023-02-01,xIqe+QQIQXQ=,t+kFcRdzL6o=,/M8gHzjxpNU=,xIqe+QQIQXQ=-t+kFcRdzL6o=,A4tgQv5cqkc=,27,27
2023-02-01,xIqe+QQIQXQ=,t+kFcRdzL6o=,/M8gHzjxpNU=,t+kFcRdzL6o=-/M8gHzjxpNU=,A4tgQv5cqkc=,26,26
2023-02-01,xIqe+QQIQXQ=,t+kFcRdzL6o=,/M8gHzjxpNU=,xIqe+QQIQXQ=-/M8gHzjxpNU=,A4tgQv5cqkc=,26,27
2023-02-01,xIqe+QQIQXQ=,t+kFcRdzL6o=,/M8gHzjxpNU=,xIqe+QQIQXQ=-t+kFcRdzL6o=,A4tgQv5cqkc=,26,27
2023-02-01,xIqe+QQIQXQ=,t+kFcRdzL6o=,/M8gHzjxpNU=,t+kFcRdzL6o=-/M8gHzjxpNU=,A4tgQv5cqkc=,25,26
2023-02-01,xIqe+QQIQXQ=,t+kFcRdzL6o=,/M8gHzjxpNU=,xIqe+QQIQXQ=-/M8gHzjxpNU=,A4tgQv5cqkc=,25,27
2023-02-01,xIqe+QQIQXQ=,t+kFcRdzL6o=,/M8gHzjxpNU=,xIqe+QQIQXQ=-t+kFcRdzL6o=,A4tgQv5cqkc=,25,27
2023-02-01,xIqe+QQIQXQ=,t+kFcRdzL6o=,/M8gHzjxpNU=,t+kFcRdzL6o=-/M8gHzjxpNU=,A4tgQv5cqkc=,24,26
2023-02-01,xIqe+QQIQXQ=,t+kFcRdzL6o=,/M8gHzjxpNU=,xIqe+QQIQXQ=-/M8gHzjxpNU=,A4tgQv5cqkc=,24,27
2023-02-01,xIqe+QQIQXQ=,t+kFcRdzL6o=,/M8gHzjxpNU=,xIqe+QQIQXQ=-t+kFcRdzL6o=,A4tgQv5cqkc=,24,27
2023-02-01,xIqe+QQIQXQ=,t+kFcRdzL6o=,/M8gHzjxpNU=,t+kFcRdzL6o=-/M8gHzjxpNU=,A4tgQv5cqkc=,23,29
2023-02-01,xIqe+QQIQXQ=,t+kFcRdzL6o=,/M8gHzjxpNU=,xIqe+QQIQXQ=-/M8gHzjxpNU=,A4tgQv5cqkc=,23,27
2023-02-01,xIqe+QQIQXQ=,t+kFcRdzL6o=,/M8gHzjxpNU=,xIqe+QQIQXQ=-t+kFcRdzL6o=,A4tgQv5cqkc=,23,27
2023-02-01,xIqe+QQIQXQ=,t+kFcRdzL6o=,/M8gHzjxpNU=,t+kFcRdzL6o=-/M8gHzjxpNU=,A4tgQv5cqkc=,22,33
2023-02-01,xIqe+QQIQXQ=,t+kFcRdzL6o=,/M8gHzjxpNU=,xIqe+QQIQXQ=-/M8gHzjxpNU=,A4tgQv5cqkc=,22,31
2023-02-01,xIqe+QQIQXQ=,t+kFcRdzL6o=,/M8gHzjxpNU=,xIqe+QQIQXQ=-t+kFcRdzL6o=,A4tgQv5cqkc=,22,31
2023-02-01,xIqe+QQIQXQ=,t+kFcRdzL6o=,/M8gHzjxpNU=,t+kFcRdzL6o=-/M8gHzjxpNU=,A4tgQv5cqkc=,21,50
2023-02-01,xIqe+QQIQXQ=,t+kFcRdzL6o=,/M8gHzjxpNU=,xIqe+QQIQXQ=-/M8gHzjxpNU=,A4tgQv5cqkc=,21,44
2023-02-01,xIqe+QQIQXQ=,t+kFcRdzL6o=,/M8gHzjxpNU=,xIqe+QQIQXQ=-t+kFcRdzL6o=,A4tgQv5cqkc=,21,44
2023-02-01,xIqe+QQIQXQ=,t+kFcRdzL6o=,/M8gHzjxpNU=,t+kFcRdzL6o=-/M8gHzjxpNU=,A4tgQv5cqkc=,20,50
2023-02-01,xIqe+QQIQXQ=,t+kFcRdzL6o=,/M8gHzjxpNU=,xIqe+QQIQXQ=-/M8gHzjxpNU=,A4tgQv5cqkc=,20,44
2023-02-01,xIqe+QQIQXQ=,t+kFcRdzL6o=,/M8gHzjxpNU=,xIqe+QQIQXQ=-t+kFcRdzL6o=,A4tgQv5cqkc=,20,44
2023-02-01,xIqe+QQIQXQ=,t+kFcRdzL6o=,/M8gHzjxpNU=,t+kFcRdzL6o=-/M8gHzjxpNU=,A4tgQv5cqkc=,19,50
2023-02-01,xIqe+QQIQXQ=,t+kFcRdzL6o=,/M8gHzjxpNU=,xIqe+QQIQXQ=-/M8gHzjxpNU=,A4tgQv5cqkc=,19,44
2023-02-01,xIqe+QQIQXQ=,t+kFcRdzL6o=,/M8gHzjxpNU=,xIqe+QQIQXQ=-t+kFcRdzL6o=,A4tgQv5cqkc=,19,44
2023-02-01,xIqe+QQIQXQ=,t+kFcRdzL6o=,/M8gHzjxpNU=,t+kFcRdzL6o=-/M8gHzjxpNU=,A4tgQv5cqkc=,18,51
2023-02-01,xIqe+QQIQXQ=,t+kFcRdzL6o=,/M8gHzjxpNU=,xIqe+QQIQXQ=-/M8gHzjxpNU=,A4tgQv5cqkc=,18,44
2023-02-01,xIqe+QQIQXQ=,t+kFcRdzL6o=,/M8gHzjxpNU=,xIqe+QQIQXQ=-t+kFcRdzL6o=,A4tgQv5cqkc=,18,44
2023-02-01,xIqe+QQIQXQ=,t+kFcRdzL6o=,/M8gHzjxpNU=,t+kFcRdzL6o=-/M8gHzjxpNU=,A4tgQv5cqkc=,17,49
2023-02-01,xIqe+QQIQXQ=,t+kFcRdzL6o=,/M8gHzjxpNU=,xIqe+QQIQXQ=-/M8gHzjxpNU=,A4tgQv5cqkc=,17,42
2023-02-01,xIqe+QQIQXQ=,t+kFcRdzL6o=,/M8gHzjxpNU=,xIqe+QQIQXQ=-t+kFcRdzL6o=,A4tgQv5cqkc=,17,42
2023-02-01,xIqe+QQIQXQ=,t+kFcRdzL6o=,/M8gHzjxpNU=,t+kFcRdzL6o=-/M8gHzjxpNU=,A4tgQv5cqkc=,16,51
2023-02-01,xIqe+QQIQXQ=,t+kFcRdzL6o=,/M8gHzjxpNU=,xIqe+QQIQXQ=-/M8gHzjxpNU=,A4tgQv5cqkc=,16,42
2023-02-01,xIqe+QQIQXQ=,t+kFcRdzL6o=,/M8gHzjxpNU=,xIqe+QQIQXQ=-t+kFcRdzL6o=,A4tgQv5cqkc=,16,42
2023-02-01,xIqe+QQIQXQ=,t+kFcRdzL6o=,/M8gHzjxpNU=,t+kFcRdzL6o=-/M8gHzjxpNU=,A4tgQv5cqkc=,15,51
2023-02-01,xIqe+QQIQXQ=,t+kFcRdzL6o=,/M8gHzjxpNU=,xIqe+QQIQXQ=-/M8gHzjxpNU=,A4tgQv5cqkc=,15,42
2023-02-01,xIqe+QQIQXQ=,t+kFcRdzL6o=,/M8gHzjxpNU=,xIqe+QQIQXQ=-t+kFcRdzL6o=,A4tgQv5cqkc=,15,42
2023-02-01,xIqe+QQIQXQ=,t+kFcRdzL6o=,/M8gHzjxpNU=,t+kFcRdzL6o=-/M8gHzjxpNU=,A4tgQv5cqkc=,14,58
2023-02-01,xIqe+QQIQXQ=,t+kFcRdzL6o=,/M8gHzjxpNU=,xIqe+QQIQXQ=-/M8gHzjxpNU=,A4tgQv5cqkc=,14,49
2023-02-01,xIqe+QQIQXQ=,t+kFcRdzL6o=,/M8gHzjxpNU=,xIqe+QQIQXQ=-t+kFcRdzL6o=,A4tgQv5cqkc=,14,49
2023-02-01,xIqe+QQIQXQ=,t+kFcRdzL6o=,/M8gHzjxpNU=,t+kFcRdzL6o=-/M8gHzjxpNU=,A4tgQv5cqkc=,13,80
2023-02-01,xIqe+QQIQXQ=,t+kFcRdzL6o=,/M8gHzjxpNU=,xIqe+QQIQXQ=-/M8gHzjxpNU=,A4tgQv5cqkc=,13,70
2023-02-01,xIqe+QQIQXQ=,t+kFcRdzL6o=,/M8gHzjxpNU=,xIqe+QQIQXQ=-t+kFcRdzL6o=,A4tgQv5cqkc=,13,70
2023-02-01,xIqe+QQIQXQ=,t+kFcRdzL6o=,/M8gHzjxpNU=,t+kFcRdzL6o=-/M8gHzjxpNU=,A4tgQv5cqkc=,12,84
2023-02-01,xIqe+QQIQXQ=,t+kFcRdzL6o=,/M8gHzjxpNU=,xIqe+QQIQXQ=-/M8gHzjxpNU=,A4tgQv5cqkc=,12,74
2023-02-01,xIqe+QQIQXQ=,t+kFcRdzL6o=,/M8gHzjxpNU=,xIqe+QQIQXQ=-t+kFcRdzL6o=,A4tgQv5cqkc=,12,74
2023-02-01,xIqe+QQIQXQ=,t+kFcRdzL6o=,/M8gHzjxpNU=,t+kFcRdzL6o=-/M8gHzjxpNU=,A4tgQv5cqkc=,11,85
2023-02-01,xIqe+QQIQXQ=,t+kFcRdzL6o=,/M8gHzjxpNU=,xIqe+QQIQXQ=-/M8gHzjxpNU=,A4tgQv5cqkc=,11,74
2023-02-01,xIqe+QQIQXQ=,t+kFcRdzL6o=,/M8gHzjxpNU=,xIqe+QQIQXQ=-t+kFcRdzL6o=,A4tgQv5cqkc=,11,74
2023-02-01,xIqe+QQIQXQ=,t+kFcRdzL6o=,/M8gHzjxpNU=,t+kFcRdzL6o=-/M8gHzjxpNU=,A4tgQv5cqkc=,10,99
2023-02-01,xIqe+QQIQXQ=,t+kFcRdzL6o=,/M8gHzjxpNU=,xIqe+QQIQXQ=-/M8gHzjxpNU=,A4tgQv5cqkc=,10,88
2023-02-01,xIqe+QQIQXQ=,t+kFcRdzL6o=,/M8gHzjxpNU=,xIqe+QQIQXQ=-t+kFcRdzL6o=,A4tgQv5cqkc=,10,88
2023-02-01,xIqe+QQIQXQ=,t+kFcRdzL6o=,/M8gHzjxpNU=,t+kFcRdzL6o=-/M8gHzjxpNU=,A4tgQv5cqkc=,9,108
2023-02-01,xIqe+QQIQXQ=,t+kFcRdzL6o=,/M8gHzjxpNU=,xIqe+QQIQXQ=-/M8gHzjxpNU=,A4tgQv5cqkc=,9,98
2023-02-01,xIqe+QQIQXQ=,t+kFcRdzL6o=,/M8gHzjxpNU=,xIqe+QQIQXQ=-t+kFcRdzL6o=,A4tgQv5cqkc=,9,98
2023-02-01,xIqe+QQIQXQ=,t+kFcRdzL6o=,/M8gHzjxpNU=,t+kFcRdzL6o=-/M8gHzjxpNU=,A4tgQv5cqkc=,8,115
2023-02-01,xIqe+QQIQXQ=,t+kFcRdzL6o=,/M8gHzjxpNU=,xIqe+QQIQXQ=-/M8gHzjxpNU=,A4tgQv5cqkc=,8,103
2023-02-01,xIqe+QQIQXQ=,t+kFcRdzL6o=,/M8gHzjxpNU=,xIqe+QQIQXQ=-t+kFcRdzL6o=,A4tgQv5cqkc=,8,103
2023-02-01,xIqe+QQIQXQ=,t+kFcRdzL6o=,/M8gHzjxpNU=,t+kFcRdzL6o=-/M8gHzjxpNU=,A4tgQv5cqkc=,7,118
2023-02-01,xIqe+QQIQXQ=,t+kFcRdzL6o=,/M8gHzjxpNU=,xIqe+QQIQXQ=-/M8gHzjxpNU=,A4tgQv5cqkc=,7,107
2023-02-01,xIqe+QQIQXQ=,t+kFcRdzL6o=,/M8gHzjxpNU=,xIqe+QQIQXQ=-t+kFcRdzL6o=,A4tgQv5cqkc=,7,107
2023-02-01,xIqe+QQIQXQ=,t+kFcRdzL6o=,/M8gHzjxpNU=,t+kFcRdzL6o=-/M8gHzjxpNU=,A4tgQv5cqkc=,6,130
2023-02-01,xIqe+QQIQXQ=,t+kFcRdzL6o=,/M8gHzjxpNU=,xIqe+QQIQXQ=-/M8gHzjxpNU=,A4tgQv5cqkc=,6,119
2023-02-01,xIqe+QQIQXQ=,t+kFcRdzL6o=,/M8gHzjxpNU=,xIqe+QQIQXQ=-t+kFcRdzL6o=,A4tgQv5cqkc=,6,119
2023-02-01,xIqe+QQIQXQ=,t+kFcRdzL6o=,/M8gHzjxpNU=,t+kFcRdzL6o=-/M8gHzjxpNU=,A4tgQv5cqkc=,5,136
2023-02-01,xIqe+QQIQXQ=,t+kFcRdzL6o=,/M8gHzjxpNU=,xIqe+QQIQXQ=-/M8gHzjxpNU=,A4tgQv5cqkc=,5,123
2023-02-01,xIqe+QQIQXQ=,t+kFcRdzL6o=,/M8gHzjxpNU=,xIqe+QQIQXQ=-t+kFcRdzL6o=,A4tgQv5cqkc=,5,123
2023-02-01,xIqe+QQIQXQ=,t+kFcRdzL6o=,/M8gHzjxpNU=,t+kFcRdzL6o=-/M8gHzjxpNU=,A4tgQv5cqkc=,4,136
2023-02-01,xIqe+QQIQXQ=,t+kFcRdzL6o=,/M8gHzjxpNU=,xIqe+QQIQXQ=-/M8gHzjxpNU=,A4tgQv5cqkc=,4,123
2023-02-01,xIqe+QQIQXQ=,t+kFcRdzL6o=,/M8gHzjxpNU=,xIqe+QQIQXQ=-t+kFcRdzL6o=,A4tgQv5cqkc=,4,123
2023-02-01,xIqe+QQIQXQ=,t+kFcRdzL6o=,/M8gHzjxpNU=,t+kFcRdzL6o=-/M8gHzjxpNU=,A4tgQv5cqkc=,3,141
2023-02-01,xIqe+QQIQXQ=,t+kFcRdzL6o=,/M8gHzjxpNU=,xIqe+QQIQXQ=-/M8gHzjxpNU=,A4tgQv5cqkc=,3,128
2023-02-01,xIqe+QQIQXQ=,t+kFcRdzL6o=,/M8gHzjxpNU=,xIqe+QQIQXQ=-t+kFcRdzL6o=,A4tgQv5cqkc=,3,128
2023-02-01,xIqe+QQIQXQ=,t+kFcRdzL6o=,/M8gHzjxpNU=,t+kFcRdzL6o=-/M8gHzjxpNU=,A4tgQv5cqkc=,2,154
2023-02-01,xIqe+QQIQXQ=,t+kFcRdzL6o=,/M8gHzjxpNU=,xIqe+QQIQXQ=-/M8gHzjxpNU=,A4tgQv5cqkc=,2,142
2023-02-01,xIqe+QQIQXQ=,t+kFcRdzL6o=,/M8gHzjxpNU=,xIqe+QQIQXQ=-t+kFcRdzL6o=,A4tgQv5cqkc=,2,142
2023-02-01,xIqe+QQIQXQ=,t+kFcRdzL6o=,/M8gHzjxpNU=,t+kFcRdzL6o=-/M8gHzjxpNU=,A4tgQv5cqkc=,1,164
2023-02-01,xIqe+QQIQXQ=,t+kFcRdzL6o=,/M8gHzjxpNU=,xIqe+QQIQXQ=-/M8gHzjxpNU=,A4tgQv5cqkc=,1,149
2023-02-01,xIqe+QQIQXQ=,t+kFcRdzL6o=,/M8gHzjxpNU=,xIqe+QQIQXQ=-t+kFcRdzL6o=,A4tgQv5cqkc=,1,149
2023-02-01,xIqe+QQIQXQ=,t+kFcRdzL6o=,/M8gHzjxpNU=,t+kFcRdzL6o=-/M8gHzjxpNU=,A4tgQv5cqkc=,0,192
2023-02-01,xIqe+QQIQXQ=,t+kFcRdzL6o=,/M8gHzjxpNU=,xIqe+QQIQXQ=-/M8gHzjxpNU=,A4tgQv5cqkc=,0,174
2023-02-01,xIqe+QQIQXQ=,t+kFcRdzL6o=,/M8gHzjxpNU=,xIqe+QQIQXQ=-t+kFcRdzL6o=,A4tgQv5cqkc=,0,174
2023-02-01,xIqe+QQIQXQ=,t+kFcRdzL6o=,/M8gHzjxpNU=,t+kFcRdzL6o=-/M8gHzjxpNU=,A4tgQv5cqkc=,-1,192
2023-02-01,xIqe+QQIQXQ=,t+kFcRdzL6o=,/M8gHzjxpNU=,xIqe+QQIQXQ=-/M8gHzjxpNU=,A4tgQv5cqkc=,-1,174
2023-02-01,xIqe+QQIQXQ=,t+kFcRdzL6o=,/M8gHzjxpNU=,xIqe+QQIQXQ=-t+kFcRdzL6o=,A4tgQv5cqkc=,-1,174
2023-02-03,xIqe+QQIQXQ=,t+kFcRdzL6o=,/M8gHzjxpNU=,t+kFcRdzL6o=-/M8gHzjxpNU=,A4tgQv5cqkc=,29,18
2023-02-03,xIqe+QQIQXQ=,t+kFcRdzL6o=,/M8gHzjxpNU=,xIqe+QQIQXQ=-/M8gHzjxpNU=,A4tgQv5cqkc=,29,17
2023-02-03,xIqe+QQIQXQ=,t+kFcRdzL6o=,/M8gHzjxpNU=,xIqe+QQIQXQ=-t+kFcRdzL6o=,A4tgQv5cqkc=,29,17
2023-02-03,xIqe+QQIQXQ=,t+kFcRdzL6o=,/M8gHzjxpNU=,t+kFcRdzL6o=-/M8gHzjxpNU=,A4tgQv5cqkc=,28,18
2023-02-03,xIqe+QQIQXQ=,t+kFcRdzL6o=,/M8gHzjxpNU=,xIqe+QQIQXQ=-/M8gHzjxpNU=,A4tgQv5cqkc=,28,17
2023-02-03,xIqe+QQIQXQ=,t+kFcRdzL6o=,/M8gHzjxpNU=,xIqe+QQIQXQ=-t+kFcRdzL6o=,A4tgQv5cqkc=,28,17
2023-02-03,xIqe+QQIQXQ=,t+kFcRdzL6o=,/M8gHzjxpNU=,t+kFcRdzL6o=-/M8gHzjxpNU=,A4tgQv5cqkc=,27,19
2023-02-03,xIqe+QQIQXQ=,t+kFcRdzL6o=,/M8gHzjxpNU=,xIqe+QQIQXQ=-/M8gHzjxpNU=,A4tgQv5cqkc=,27,17
2023-02-03,xIqe+QQIQXQ=,t+kFcRdzL6o=,/M8gHzjxpNU=,xIqe+QQIQXQ=-t+kFcRdzL6o=,A4tgQv5cqkc=,27,17
2023-02-03,xIqe+QQIQXQ=,t+kFcRdzL6o=,/M8gHzjxpNU=,t+kFcRdzL6o=-/M8gHzjxpNU=,A4tgQv5cqkc=,26,20
2023-02-03,xIqe+QQIQXQ=,t+kFcRdzL6o=,/M8gHzjxpNU=,xIqe+QQIQXQ=-/M8gHzjxpNU=,A4tgQv5cqkc=,26,19
2023-02-03,xIqe+QQIQXQ=,t+kFcRdzL6o=,/M8gHzjxpNU=,xIqe+QQIQXQ=-t+kFcRdzL6o=,A4tgQv5cqkc=,26,19
2023-02-03,xIqe+QQIQXQ=,t+kFcRdzL6o=,/M8gHzjxpNU=,t+kFcRdzL6o=-/M8gHzjxpNU=,A4tgQv5cqkc=,25,24
2023-02-03,xIqe+QQIQXQ=,t+kFcRdzL6o=,/M8gHzjxpNU=,xIqe+QQIQXQ=-/M8gHzjxpNU=,A4tgQv5cqkc=,25,23
2023-02-03,xIqe+QQIQXQ=,t+kFcRdzL6o=,/M8gHzjxpNU=,xIqe+QQIQXQ=-t+kFcRdzL6o=,A4tgQv5cqkc=,25,23
2023-02-03,xIqe+QQIQXQ=,t+kFcRdzL6o=,/M8gHzjxpNU=,t+kFcRdzL6o=-/M8gHzjxpNU=,A4tgQv5cqkc=,24,24
2023-02-03,xIqe+QQIQXQ=,t+kFcRdzL6o=,/M8gHzjxpNU=,xIqe+QQIQXQ=-/M8gHzjxpNU=,A4tgQv5cqkc=,24,23
2023-02-03,xIqe+QQIQXQ=,t+kFcRdzL6o=,/M8gHzjxpNU=,xIqe+QQIQXQ=-t+kFcRdzL6o=,A4tgQv5cqkc=,24,23
2023-02-03,xIqe+QQIQXQ=,t+kFcRdzL6o=,/M8gHzjxpNU=,t+kFcRdzL6o=-/M8gHzjxpNU=,A4tgQv5cqkc=,23,28
2023-02-03,xIqe+QQIQXQ=,t+kFcRdzL6o=,/M8gHzjxpNU=,xIqe+QQIQXQ=-/M8gHzjxpNU=,A4tgQv5cqkc=,23,27
2023-02-03,xIqe+QQIQXQ=,t+kFcRdzL6o=,/M8gHzjxpNU=,xIqe+QQIQXQ=-t+kFcRdzL6o=,A4tgQv5cqkc=,23,27
2023-02-03,xIqe+QQIQXQ=,t+kFcRdzL6o=,/M8gHzjxpNU=,t+kFcRdzL6o=-/M8gHzjxpNU=,A4tgQv5cqkc=,22,28
2023-02-03,xIqe+QQIQXQ=,t+kFcRdzL6o=,/M8gHzjxpNU=,xIqe+QQIQXQ=-/M8gHzjxpNU=,A4tgQv5cqkc=,22,27
2023-02-03,xIqe+QQIQXQ=,t+kFcRdzL6o=,/M8gHzjxpNU=,xIqe+QQIQXQ=-t+kFcRdzL6o=,A4tgQv5cqkc=,22,27
2023-02-03,xIqe+QQIQXQ=,t+kFcRdzL6o=,/M8gHzjxpNU=,t+kFcRdzL6o=-/M8gHzjxpNU=,A4tgQv5cqkc=,21,28
2023-02-03,xIqe+QQIQXQ=,t+kFcRdzL6o=,/M8gHzjxpNU=,xIqe+QQIQXQ=-/M8gHzjxpNU=,A4tgQv5cqkc=,21,27
2023-02-03,xIqe+QQIQXQ=,t+kFcRdzL6o=,/M8gHzjxpNU=,xIqe+QQIQXQ=-t+kFcRdzL6o=,A4tgQv5cqkc=,21,27
2023-02-03,xIqe+QQIQXQ=,t+kFcRdzL6o=,/M8gHzjxpNU=,t+kFcRdzL6o=-/M8gHzjxpNU=,A4tgQv5cqkc=,20,32
2023-02-03,xIqe+QQIQXQ=,t+kFcRdzL6o=,/M8gHzjxpNU=,xIqe+QQIQXQ=-/M8gHzjxpNU=,A4tgQv5cqkc=,20,30
2023-02-03,xIqe+QQIQXQ=,t+kFcRdzL6o=,/M8gHzjxpNU=,xIqe+QQIQXQ=-t+kFcRdzL6o=,A4tgQv5cqkc=,20,30
2023-02-03,xIqe+QQIQXQ=,t+kFcRdzL6o=,/M8gHzjxpNU=,t+kFcRdzL6o=-/M8gHzjxpNU=,A4tgQv5cqkc=,19,33
2023-02-03,xIqe+QQIQXQ=,t+kFcRdzL6o=,/M8gHzjxpNU=,xIqe+QQIQXQ=-/M8gHzjxpNU=,A4tgQv5cqkc=,19,30
2023-02-03,xIqe+QQIQXQ=,t+kFcRdzL6o=,/M8gHzjxpNU=,xIqe+QQIQXQ=-t+kFcRdzL6o=,A4tgQv5cqkc=,19,30
2023-02-03,xIqe+QQIQXQ=,t+kFcRdzL6o=,/M8gHzjxpNU=,t+kFcRdzL6o=-/M8gHzjxpNU=,A4tgQv5cqkc=,18,35
2023-02-03,xIqe+QQIQXQ=,t+kFcRdzL6o=,/M8gHzjxpNU=,xIqe+QQIQXQ=-/M8gHzjxpNU=,A4tgQv5cqkc=,18,30
2023-02-03,xIqe+QQIQXQ=,t+kFcRdzL6o=,/M8gHzjxpNU=,xIqe+QQIQXQ=-t+kFcRdzL6o=,A4tgQv5cqkc=,18,30
2023-02-03,xIqe+QQIQXQ=,t+kFcRdzL6o=,/M8gHzjxpNU=,t+kFcRdzL6o=-/M8gHzjxpNU=,A4tgQv5cqkc=,17,40
2023-02-03,xIqe+QQIQXQ=,t+kFcRdzL6o=,/M8gHzjxpNU=,xIqe+QQIQXQ=-/M8gHzjxpNU=,A4tgQv5cqkc=,17,30
2023-02-03,xIqe+QQIQXQ=,t+kFcRdzL6o=,/M8gHzjxpNU=,xIqe+QQIQXQ=-t+kFcRdzL6o=,A4tgQv5cqkc=,17,30
2023-02-03,xIqe+QQIQXQ=,t+kFcRdzL6o=,/M8gHzjxpNU=,t+kFcRdzL6o=-/M8gHzjxpNU=,A4tgQv5cqkc=,16,42
2023-02-03,xIqe+QQIQXQ=,t+kFcRdzL6o=,/M8gHzjxpNU=,xIqe+QQIQXQ=-/M8gHzjxpNU=,A4tgQv5cqkc=,16,32
2023-02-03,xIqe+QQIQXQ=,t+kFcRdzL6o=,/M8gHzjxpNU=,xIqe+QQIQXQ=-t+kFcRdzL6o=,A4tgQv5cqkc=,16,32
2023-02-03,xIqe+QQIQXQ=,t+kFcRdzL6o=,/M8gHzjxpNU=,t+kFcRdzL6o=-/M8gHzjxpNU=,A4tgQv5cqkc=,15,46
2023-02-03,xIqe+QQIQXQ=,t+kFcRdzL6o=,/M8gHzjxpNU=,xIqe+QQIQXQ=-/M8gHzjxpNU=,A4tgQv5cqkc=,15,33
2023-02-03,xIqe+QQIQXQ=,t+kFcRdzL6o=,/M8gHzjxpNU=,xIqe+QQIQXQ=-t+kFcRdzL6o=,A4tgQv5cqkc=,15,33
2023-02-03,xIqe+QQIQXQ=,t+kFcRdzL6o=,/M8gHzjxpNU=,t+kFcRdzL6o=-/M8gHzjxpNU=,A4tgQv5cqkc=,14,47
2023-02-03,xIqe+QQIQXQ=,t+kFcRdzL6o=,/M8gHzjxpNU=,xIqe+QQIQXQ=-/M8gHzjxpNU=,A4tgQv5cqkc=,14,33
2023-02-03,xIqe+QQIQXQ=,t+kFcRdzL6o=,/M8gHzjxpNU=,xIqe+QQIQXQ=-t+kFcRdzL6o=,A4tgQv5cqkc=,14,33
2023-02-03,xIqe+QQIQXQ=,t+kFcRdzL6o=,/M8gHzjxpNU=,t+kFcRdzL6o=-/M8gHzjxpNU=,A4tgQv5cqkc=,13,47
2023-02-03,xIqe+QQIQXQ=,t+kFcRdzL6o=,/M8gHzjxpNU=,xIqe+QQIQXQ=-/M8gHzjxpNU=,A4tgQv5cqkc=,13,33
2023-02-03,xIqe+QQIQXQ=,t+kFcRdzL6o=,/M8gHzjxpNU=,xIqe+QQIQXQ=-t+kFcRdzL6o=,A4tgQv5cqkc=,13,33
2023-02-03,xIqe+QQIQXQ=,t+kFcRdzL6o=,/M8gHzjxpNU=,t+kFcRdzL6o=-/M8gHzjxpNU=,A4tgQv5cqkc=,12,59
2023-02-03,xIqe+QQIQXQ=,t+kFcRdzL6o=,/M8gHzjxpNU=,xIqe+QQIQXQ=-/M8gHzjxpNU=,A4tgQv5cqkc=,12,47
2023-02-03,xIqe+QQIQXQ=,t+kFcRdzL6o=,/M8gHzjxpNU=,xIqe+QQIQXQ=-t+kFcRdzL6o=,A4tgQv5cqkc=,12,47
2023-02-03,xIqe+QQIQXQ=,t+kFcRdzL6o=,/M8gHzjxpNU=,t+kFcRdzL6o=-/M8gHzjxpNU=,A4tgQv5cqkc=,11,62
2023-02-03,xIqe+QQIQXQ=,t+kFcRdzL6o=,/M8gHzjxpNU=,xIqe+QQIQXQ=-/M8gHzjxpNU=,A4tgQv5cqkc=,11,47
2023-02-03,xIqe+QQIQXQ=,t+kFcRdzL6o=,/M8gHzjxpNU=,xIqe+QQIQXQ=-t+kFcRdzL6o=,A4tgQv5cqkc=,11,47
2023-02-03,xIqe+QQIQXQ=,t+kFcRdzL6o=,/M8gHzjxpNU=,t+kFcRdzL6o=-/M8gHzjxpNU=,A4tgQv5cqkc=,10,68
2023-02-03,xIqe+QQIQXQ=,t+kFcRdzL6o=,/M8gHzjxpNU=,xIqe+QQIQXQ=-/M8gHzjxpNU=,A4tgQv5cqkc=,10,53
2023-02-03,xIqe+QQIQXQ=,t+kFcRdzL6o=,/M8gHzjxpNU=,xIqe+QQIQXQ=-t+kFcRdzL6o=,A4tgQv5cqkc=,10,53
2023-02-03,xIqe+QQIQXQ=,t+kFcRdzL6o=,/M8gHzjxpNU=,t+kFcRdzL6o=-/M8gHzjxpNU=,A4tgQv5cqkc=,9,84
2023-02-03,xIqe+QQIQXQ=,t+kFcRdzL6o=,/M8gHzjxpNU=,xIqe+QQIQXQ=-/M8gHzjxpNU=,A4tgQv5cqkc=,9,65
2023-02-03,xIqe+QQIQXQ=,t+kFcRdzL6o=,/M8gHzjxpNU=,xIqe+QQIQXQ=-t+kFcRdzL6o=,A4tgQv5cqkc=,9,65
2023-02-03,xIqe+QQIQXQ=,t+kFcRdzL6o=,/M8gHzjxpNU=,t+kFcRdzL6o=-/M8gHzjxpNU=,A4tgQv5cqkc=,8,113
2023-02-03,xIqe+QQIQXQ=,t+kFcRdzL6o=,/M8gHzjxpNU=,xIqe+QQIQXQ=-/M8gHzjxpNU=,A4tgQv5cqkc=,8,94
2023-02-03,xIqe+QQIQXQ=,t+kFcRdzL6o=,/M8gHzjxpNU=,xIqe+QQIQXQ=-t+kFcRdzL6o=,A4tgQv5cqkc=,8,94
2023-02-03,xIqe+QQIQXQ=,t+kFcRdzL6o=,/M8gHzjxpNU=,t+kFcRdzL6o=-/M8gHzjxpNU=,A4tgQv5cqkc=,7,119
2023-02-03,xIqe+QQIQXQ=,t+kFcRdzL6o=,/M8gHzjxpNU=,xIqe+QQIQXQ=-/M8gHzjxpNU=,A4tgQv5cqkc=,7,100
2023-02-03,xIqe+QQIQXQ=,t+kFcRdzL6o=,/M8gHzjxpNU=,xIqe+QQIQXQ=-t+kFcRdzL6o=,A4tgQv5cqkc=,7,100
2023-02-03,xIqe+QQIQXQ=,t+kFcRdzL6o=,/M8gHzjxpNU=,t+kFcRdzL6o=-/M8gHzjxpNU=,A4tgQv5cqkc=,6,122
2023-02-03,xIqe+QQIQXQ=,t+kFcRdzL6o=,/M8gHzjxpNU=,xIqe+QQIQXQ=-/M8gHzjxpNU=,A4tgQv5cqkc=,6,100
2023-02-03,xIqe+QQIQXQ=,t+kFcRdzL6o=,/M8gHzjxpNU=,xIqe+QQIQXQ=-t+kFcRdzL6o=,A4tgQv5cqkc=,6,100
2023-02-03,xIqe+QQIQXQ=,t+kFcRdzL6o=,/M8gHzjxpNU=,t+kFcRdzL6o=-/M8gHzjxpNU=,A4tgQv5cqkc=,5,125
2023-02-03,xIqe+QQIQXQ=,t+kFcRdzL6o=,/M8gHzjxpNU=,xIqe+QQIQXQ=-/M8gHzjxpNU=,A4tgQv5cqkc=,5,105
2023-02-03,xIqe+QQIQXQ=,t+kFcRdzL6o=,/M8gHzjxpNU=,xIqe+QQIQXQ=-t+kFcRdzL6o=,A4tgQv5cqkc=,5,105
2023-02-03,xIqe+QQIQXQ=,t+kFcRdzL6o=,/M8gHzjxpNU=,t+kFcRdzL6o=-/M8gHzjxpNU=,A4tgQv5cqkc=,4,137
2023-02-03,xIqe+QQIQXQ=,t+kFcRdzL6o=,/M8gHzjxpNU=,xIqe+QQIQXQ=-/M8gHzjxpNU=,A4tgQv5cqkc=,4,113
2023-02-03,xIqe+QQIQXQ=,t+kFcRdzL6o=,/M8gHzjxpNU=,xIqe+QQIQXQ=-t+kFcRdzL6o=,A4tgQv5cqkc=,4,113
2023-02-03,xIqe+QQIQXQ=,t+kFcRdzL6o=,/M8gHzjxpNU=,t+kFcRdzL6o=-/M8gHzjxpNU=,A4tgQv5cqkc=,3,148
2023-02-03,xIqe+QQIQXQ=,t+kFcRdzL6o=,/M8gHzjxpNU=,xIqe+QQIQXQ=-/M8gHzjxpNU=,A4tgQv5cqkc=,3,129
2023-02-03,xIqe+QQIQXQ=,t+kFcRdzL6o=,/M8gHzjxpNU=,xIqe+QQIQXQ=-t+kFcRdzL6o=,A4tgQv5cqkc=,3,129
2023-02-03,xIqe+QQIQXQ=,t+kFcRdzL6o=,/M8gHzjxpNU=,t+kFcRdzL6o=-/M8gHzjxpNU=,A4tgQv5cqkc=,2,159
2023-02-03,xIqe+QQIQXQ=,t+kFcRdzL6o=,/M8gHzjxpNU=,xIqe+QQIQXQ=-/M8gHzjxpNU=,A4tgQv5cqkc=,2,141
2023-02-03,xIqe+QQIQXQ=,t+kFcRdzL6o=,/M8gHzjxpNU=,xIqe+QQIQXQ=-t+kFcRdzL6o=,A4tgQv5cqkc=,2,141
2023-02-03,xIqe+QQIQXQ=,t+kFcRdzL6o=,/M8gHzjxpNU=,t+kFcRdzL6o=-/M8gHzjxpNU=,A4tgQv5cqkc=,1,160
2023-02-03,xIqe+QQIQXQ=,t+kFcRdzL6o=,/M8gHzjxpNU=,xIqe+QQIQXQ=-/M8gHzjxpNU=,A4tgQv5cqkc=,1,143
2023-02-03,xIqe+QQIQXQ=,t+kFcRdzL6o=,/M8gHzjxpNU=,xIqe+QQIQXQ=-t+kFcRdzL6o=,A4tgQv5cqkc=,1,143
2023-02-03,xIqe+QQIQXQ=,t+kFcRdzL6o=,/M8gHzjxpNU=,t+kFcRdzL6o=-/M8gHzjxpNU=,A4tgQv5cqkc=,0,186
2023-02-03,xIqe+QQIQXQ=,t+kFcRdzL6o=,/M8gHzjxpNU=,xIqe+QQIQXQ=-/M8gHzjxpNU=,A4tgQv5cqkc=,0,172
2023-02-03,xIqe+QQIQXQ=,t+kFcRdzL6o=,/M8gHzjxpNU=,xIqe+QQIQXQ=-t+kFcRdzL6o=,A4tgQv5cqkc=,0,172
2023-02-03,xIqe+QQIQXQ=,t+kFcRdzL6o=,/M8gHzjxpNU=,t+kFcRdzL6o=-/M8gHzjxpNU=,A4tgQv5cqkc=,-1,186
2023-02-03,xIqe+QQIQXQ=,t+kFcRdzL6o=,/M8gHzjxpNU=,xIqe+QQIQXQ=-/M8gHzjxpNU=,A4tgQv5cqkc=,-1,172
2023-02-03,xIqe+QQIQXQ=,t+kFcRdzL6o=,/M8gHzjxpNU=,xIqe+QQIQXQ=-t+kFcRdzL6o=,A4tgQv5cqkc=,-1,172
2023-02-05,xIqe+QQIQXQ=,t+kFcRdzL6o=,/M8gHzjxpNU=,t+kFcRdzL6o=-/M8gHzjxpNU=,A4tgQv5cqkc=,29,29
2023-02-05,xIqe+QQIQXQ=,t+kFcRdzL6o=,/M8gHzjxpNU=,xIqe+QQIQXQ=-/M8gHzjxpNU=,A4tgQv5cqkc=,29,25
2023-02-05,xIqe+QQIQXQ=,t+kFcRdzL6o=,/M8gHzjxpNU=,xIqe+QQIQXQ=-t+kFcRdzL6o=,A4tgQv5cqkc=,29,25
2023-02-05,xIqe+QQIQXQ=,t+kFcRdzL6o=,/M8gHzjxpNU=,t+kFcRdzL6o=-/M8gHzjxpNU=,A4tgQv5cqkc=,28,30
2023-02-05,xIqe+QQIQXQ=,t+kFcRdzL6o=,/M8gHzjxpNU=,xIqe+QQIQXQ=-/M8gHzjxpNU=,A4tgQv5cqkc=,28,26
2023-02-05,xIqe+QQIQXQ=,t+kFcRdzL6o=,/M8gHzjxpNU=,xIqe+QQIQXQ=-t+kFcRdzL6o=,A4tgQv5cqkc=,28,26
2023-02-05,xIqe+QQIQXQ=,t+kFcRdzL6o=,/M8gHzjxpNU=,t+kFcRdzL6o=-/M8gHzjxpNU=,A4tgQv5cqkc=,27,30
2023-02-05,xIqe+QQIQXQ=,t+kFcRdzL6o=,/M8gHzjxpNU=,xIqe+QQIQXQ=-/M8gHzjxpNU=,A4tgQv5cqkc=,27,26
2023-02-05,xIqe+QQIQXQ=,t+kFcRdzL6o=,/M8gHzjxpNU=,xIqe+QQIQXQ=-t+kFcRdzL6o=,A4tgQv5cqkc=,27,26
2023-02-05,xIqe+QQIQXQ=,t+kFcRdzL6o=,/M8gHzjxpNU=,t+kFcRdzL6o=-/M8gHzjxpNU=,A4tgQv5cqkc=,26,30
2023-02-05,xIqe+QQIQXQ=,t+kFcRdzL6o=,/M8gHzjxpNU=,xIqe+QQIQXQ=-/M8gHzjxpNU=,A4tgQv5cqkc=,26,26
2023-02-05,xIqe+QQIQXQ=,t+kFcRdzL6o=,/M8gHzjxpNU=,xIqe+QQIQXQ=-t+kFcRdzL6o=,A4tgQv5cqkc=,26,26
2023-02-05,xIqe+QQIQXQ=,t+kFcRdzL6o=,/M8gHzjxpNU=,t+kFcRdzL6o=-/M8gHzjxpNU=,A4tgQv5cqkc=,25,30
2023-02-05,xIqe+QQIQXQ=,t+kFcRdzL6o=,/M8gHzjxpNU=,xIqe+QQIQXQ=-/M8gHzjxpNU=,A4tgQv5cqkc=,25,26
2023-02-05,xIqe+QQIQXQ=,t+kFcRdzL6o=,/M8gHzjxpNU=,xIqe+QQIQXQ=-t+kFcRdzL6o=,A4tgQv5cqkc=,25,26
2023-02-05,xIqe+QQIQXQ=,t+kFcRdzL6o=,/M8gHzjxpNU=,t+kFcRdzL6o=-/M8gHzjxpNU=,A4tgQv5cqkc=,24,30
2023-02-05,xIqe+QQIQXQ=,t+kFcRdzL6o=,/M8gHzjxpNU=,xIqe+QQIQXQ=-/M8gHzjxpNU=,A4tgQv5cqkc=,24,26
2023-02-05,xIqe+QQIQXQ=,t+kFcRdzL6o=,/M8gHzjxpNU=,xIqe+QQIQXQ=-t+kFcRdzL6o=,A4tgQv5cqkc=,24,26
2023-02-05,xIqe+QQIQXQ=,t+kFcRdzL6o=,/M8gHzjxpNU=,t+kFcRdzL6o=-/M8gHzjxpNU=,A4tgQv5cqkc=,23,31
2023-02-05,xIqe+QQIQXQ=,t+kFcRdzL6o=,/M8gHzjxpNU=,xIqe+QQIQXQ=-/M8gHzjxpNU=,A4tgQv5cqkc=,23,27
2023-02-05,xIqe+QQIQXQ=,t+kFcRdzL6o=,/M8gHzjxpNU=,xIqe+QQIQXQ=-t+kFcRdzL6o=,A4tgQv5cqkc=,23,27
2023-02-05,xIqe+QQIQXQ=,t+kFcRdzL6o=,/M8gHzjxpNU=,t+kFcRdzL6o=-/M8gHzjxpNU=,A4tgQv5cqkc=,22,32
2023-02-05,xIqe+QQIQXQ=,t+kFcRdzL6o=,/M8gHzjxpNU=,xIqe+QQIQXQ=-/M8gHzjxpNU=,A4tgQv5cqkc=,22,28
2023-02-05,xIqe+QQIQXQ=,t+kFcRdzL6o=,/M8gHzjxpNU=,xIqe+QQIQXQ=-t+kFcRdzL6o=,A4tgQv5cqkc=,22,28
2023-02-05,xIqe+QQIQXQ=,t+kFcRdzL6o=,/M8gHzjxpNU=,t+kFcRdzL6o=-/M8gHzjxpNU=,A4tgQv5cqkc=,21,32
2023-02-05,xIqe+QQIQXQ=,t+kFcRdzL6o=,/M8gHzjxpNU=,xIqe+QQIQXQ=-/M8gHzjxpNU=,A4tgQv5cqkc=,21,28
2023-02-05,xIqe+QQIQXQ=,t+kFcRdzL6o=,/M8gHzjxpNU=,xIqe+QQIQXQ=-t+kFcRdzL6o=,A4tgQv5cqkc=,21,28
2023-02-05,xIqe+QQIQXQ=,t+kFcRdzL6o=,/M8gHzjxpNU=,t+kFcRdzL6o=-/M8gHzjxpNU=,A4tgQv5cqkc=,20,34
2023-02-05,xIqe+QQIQXQ=,t+kFcRdzL6o=,/M8gHzjxpNU=,xIqe+QQIQXQ=-/M8gHzjxpNU=,A4tgQv5cqkc=,20,30
2023-02-05,xIqe+QQIQXQ=,t+kFcRdzL6o=,/M8gHzjxpNU=,xIqe+QQIQXQ=-t+kFcRdzL6o=,A4tgQv5cqkc=,20,30
2023-02-05,xIqe+QQIQXQ=,t+kFcRdzL6o=,/M8gHzjxpNU=,t+kFcRdzL6o=-/M8gHzjxpNU=,A4tgQv5cqkc=,19,34
2023-02-05,xIqe+QQIQXQ=,t+kFcRdzL6o=,/M8gHzjxpNU=,xIqe+QQIQXQ=-/M8gHzjxpNU=,A4tgQv5cqkc=,19,30
2023-02-05,xIqe+QQIQXQ=,t+kFcRdzL6o=,/M8gHzjxpNU=,xIqe+QQIQXQ=-t+kFcRdzL6o=,A4tgQv5cqkc=,19,30
2023-02-05,xIqe+QQIQXQ=,t+kFcRdzL6o=,/M8gHzjxpNU=,t+kFcRdzL6o=-/M8gHzjxpNU=,A4tgQv5cqkc=,18,32
2023-02-05,xIqe+QQIQXQ=,t+kFcRdzL6o=,/M8gHzjxpNU=,xIqe+QQIQXQ=-/M8gHzjxpNU=,A4tgQv5cqkc=,18,28
2023-02-05,xIqe+QQIQXQ=,t+kFcRdzL6o=,/M8gHzjxpNU=,xIqe+QQIQXQ=-t+kFcRdzL6o=,A4tgQv5cqkc=,18,28
2023-02-05,xIqe+QQIQXQ=,t+kFcRdzL6o=,/M8gHzjxpNU=,t+kFcRdzL6o=-/M8gHzjxpNU=,A4tgQv5cqkc=,17,32
2023-02-05,xIqe+QQIQXQ=,t+kFcRdzL6o=,/M8gHzjxpNU=,xIqe+QQIQXQ=-/M8gHzjxpNU=,A4tgQv5cqkc=,17,28
2023-02-05,xIqe+QQIQXQ=,t+kFcRdzL6o=,/M8gHzjxpNU=,xIqe+QQIQXQ=-t+kFcRdzL6o=,A4tgQv5cqkc=,17,28
2023-02-05,xIqe+QQIQXQ=,t+kFcRdzL6o=,/M8gHzjxpNU=,t+kFcRdzL6o=-/M8gHzjxpNU=,A4tgQv5cqkc=,16,32
2023-02-05,xIqe+QQIQXQ=,t+kFcRdzL6o=,/M8gHzjxpNU=,xIqe+QQIQXQ=-/M8gHzjxpNU=,A4tgQv5cqkc=,16,28
2023-02-05,xIqe+QQIQXQ=,t+kFcRdzL6o=,/M8gHzjxpNU=,xIqe+QQIQXQ=-t+kFcRdzL6o=,A4tgQv5cqkc=,16,28
2023-02-05,xIqe+QQIQXQ=,t+kFcRdzL6o=,/M8gHzjxpNU=,t+kFcRdzL6o=-/M8gHzjxpNU=,A4tgQv5cqkc=,15,32
2023-02-05,xIqe+QQIQXQ=,t+kFcRdzL6o=,/M8gHzjxpNU=,xIqe+QQIQXQ=-/M8gHzjxpNU=,A4tgQv5cqkc=,15,28
2023-02-05,xIqe+QQIQXQ=,t+kFcRdzL6o=,/M8gHzjxpNU=,xIqe+QQIQXQ=-t+kFcRdzL6o=,A4tgQv5cqkc=,15,28
2023-02-05,xIqe+QQIQXQ=,t+kFcRdzL6o=,/M8gHzjxpNU=,t+kFcRdzL6o=-/M8gHzjxpNU=,A4tgQv5cqkc=,14,31
2023-02-05,xIqe+QQIQXQ=,t+kFcRdzL6o=,/M8gHzjxpNU=,xIqe+QQIQXQ=-/M8gHzjxpNU=,A4tgQv5cqkc=,14,27
2023-02-05,xIqe+QQIQXQ=,t+kFcRdzL6o=,/M8gHzjxpNU=,xIqe+QQIQXQ=-t+kFcRdzL6o=,A4tgQv5cqkc=,14,27
2023-02-05,xIqe+QQIQXQ=,t+kFcRdzL6o=,/M8gHzjxpNU=,t+kFcRdzL6o=-/M8gHzjxpNU=,A4tgQv5cqkc=,13,31
2023-02-05,xIqe+QQIQXQ=,t+kFcRdzL6o=,/M8gHzjxpNU=,xIqe+QQIQXQ=-/M8gHzjxpNU=,A4tgQv5cqkc=,13,27
2023-02-05,xIqe+QQIQXQ=,t+kFcRdzL6o=,/M8gHzjxpNU=,xIqe+QQIQXQ=-t+kFcRdzL6o=,A4tgQv5cqkc=,13,27
2023-02-05,xIqe+QQIQXQ=,t+kFcRdzL6o=,/M8gHzjxpNU=,t+kFcRdzL6o=-/M8gHzjxpNU=,A4tgQv5cqkc=,12,31
2023-02-05,xIqe+QQIQXQ=,t+kFcRdzL6o=,/M8gHzjxpNU=,xIqe+QQIQXQ=-/M8gHzjxpNU=,A4tgQv5cqkc=,12,27
2023-02-05,xIqe+QQIQXQ=,t+kFcRdzL6o=,/M8gHzjxpNU=,xIqe+QQIQXQ=-t+kFcRdzL6o=,A4tgQv5cqkc=,12,27
2023-02-05,xIqe+QQIQXQ=,t+kFcRdzL6o=,/M8gHzjxpNU=,t+kFcRdzL6o=-/M8gHzjxpNU=,A4tgQv5cqkc=,11,33
2023-02-05,xIqe+QQIQXQ=,t+kFcRdzL6o=,/M8gHzjxpNU=,xIqe+QQIQXQ=-/M8gHzjxpNU=,A4tgQv5cqkc=,11,28
2023-02-05,xIqe+QQIQXQ=,t+kFcRdzL6o=,/M8gHzjxpNU=,xIqe+QQIQXQ=-t+kFcRdzL6o=,A4tgQv5cqkc=,11,28
2023-02-05,xIqe+QQIQXQ=,t+kFcRdzL6o=,/M8gHzjxpNU=,t+kFcRdzL6o=-/M8gHzjxpNU=,A4tgQv5cqkc=,10,72
2023-02-05,xIqe+QQIQXQ=,t+kFcRdzL6o=,/M8gHzjxpNU=,xIqe+QQIQXQ=-/M8gHzjxpNU=,A4tgQv5cqkc=,10,67
2023-02-05,xIqe+QQIQXQ=,t+kFcRdzL6o=,/M8gHzjxpNU=,xIqe+QQIQXQ=-t+kFcRdzL6o=,A4tgQv5cqkc=,10,67
2023-02-05,xIqe+QQIQXQ=,t+kFcRdzL6o=,/M8gHzjxpNU=,t+kFcRdzL6o=-/M8gHzjxpNU=,A4tgQv5cqkc=,9,81
2023-02-05,xIqe+QQIQXQ=,t+kFcRdzL6o=,/M8gHzjxpNU=,xIqe+QQIQXQ=-/M8gHzjxpNU=,A4tgQv5cqkc=,9,75
2023-02-05,xIqe+QQIQXQ=,t+kFcRdzL6o=,/M8gHzjxpNU=,xIqe+QQIQXQ=-t+kFcRdzL6o=,A4tgQv5cqkc=,9,75
2023-02-05,xIqe+QQIQXQ=,t+kFcRdzL6o=,/M8gHzjxpNU=,t+kFcRdzL6o=-/M8gHzjxpNU=,A4tgQv5cqkc=,8,95
2023-02-05,xIqe+QQIQXQ=,t+kFcRdzL6o=,/M8gHzjxpNU=,xIqe+QQIQXQ=-/M8gHzjxpNU=,A4tgQv5cqkc=,8,86
2023-02-05,xIqe+QQIQXQ=,t+kFcRdzL6o=,/M8gHzjxpNU=,xIqe+QQIQXQ=-t+kFcRdzL6o=,A4tgQv5cqkc=,8,86
2023-02-05,xIqe+QQIQXQ=,t+kFcRdzL6o=,/M8gHzjxpNU=,t+kFcRdzL6o=-/M8gHzjxpNU=,A4tgQv5cqkc=,7,96
2023-02-05,xIqe+QQIQXQ=,t+kFcRdzL6o=,/M8gHzjxpNU=,xIqe+QQIQXQ=-/M8gHzjxpNU=,A4tgQv5cqkc=,7,87
2023-02-05,xIqe+QQIQXQ=,t+kFcRdzL6o=,/M8gHzjxpNU=,xIqe+QQIQXQ=-t+kFcRdzL6o=,A4tgQv5cqkc=,7,87
2023-02-05,xIqe+QQIQXQ=,t+kFcRdzL6o=,/M8gHzjxpNU=,t+kFcRdzL6o=-/M8gHzjxpNU=,A4tgQv5cqkc=,6,96
2023-02-05,xIqe+QQIQXQ=,t+kFcRdzL6o=,/M8gHzjxpNU=,xIqe+QQIQXQ=-/M8gHzjxpNU=,A4tgQv5cqkc=,6,88
2023-02-05,xIqe+QQIQXQ=,t+kFcRdzL6o=,/M8gHzjxpNU=,xIqe+QQIQXQ=-t+kFcRdzL6o=,A4tgQv5cqkc=,6,88
2023-02-05,xIqe+QQIQXQ=,t+kFcRdzL6o=,/M8gHzjxpNU=,t+kFcRdzL6o=-/M8gHzjxpNU=,A4tgQv5cqkc=,5,101
2023-02-05,xIqe+QQIQXQ=,t+kFcRdzL6o=,/M8gHzjxpNU=,xIqe+QQIQXQ=-/M8gHzjxpNU=,A4tgQv5cqkc=,5,97
2023-02-05,xIqe+QQIQXQ=,t+kFcRdzL6o=,/M8gHzjxpNU=,xIqe+QQIQXQ=-t+kFcRdzL6o=,A4tgQv5cqkc=,5,97
2023-02-05,xIqe+QQIQXQ=,t+kFcRdzL6o=,/M8gHzjxpNU=,t+kFcRdzL6o=-/M8gHzjxpNU=,A4tgQv5cqkc=,4,121
2023-02-05,xIqe+QQIQXQ=,t+kFcRdzL6o=,/M8gHzjxpNU=,xIqe+QQIQXQ=-/M8gHzjxpNU=,A4tgQv5cqkc=,4,112
2023-02-05,xIqe+QQIQXQ=,t+kFcRdzL6o=,/M8gHzjxpNU=,xIqe+QQIQXQ=-t+kFcRdzL6o=,A4tgQv5cqkc=,4,112
2023-02-05,xIqe+QQIQXQ=,t+kFcRdzL6o=,/M8gHzjxpNU=,t+kFcRdzL6o=-/M8gHzjxpNU=,A4tgQv5cqkc=,3,133
2023-02-05,xIqe+QQIQXQ=,t+kFcRdzL6o=,/M8gHzjxpNU=,xIqe+QQIQXQ=-/M8gHzjxpNU=,A4tgQv5cqkc=,3,120
2023-02-05,xIqe+QQIQXQ=,t+kFcRdzL6o=,/M8gHzjxpNU=,xIqe+QQIQXQ=-t+kFcRdzL6o=,A4tgQv5cqkc=,3,120
2023-02-05,xIqe+QQIQXQ=,t+kFcRdzL6o=,/M8gHzjxpNU=,t+kFcRdzL6o=-/M8gHzjxpNU=,A4tgQv5cqkc=,2,150
2023-02-05,xIqe+QQIQXQ=,t+kFcRdzL6o=,/M8gHzjxpNU=,xIqe+QQIQXQ=-/M8gHzjxpNU=,A4tgQv5cqkc=,2,137
2023-02-05,xIqe+QQIQXQ=,t+kFcRdzL6o=,/M8gHzjxpNU=,xIqe+QQIQXQ=-t+kFcRdzL6o=,A4tgQv5cqkc=,2,137
2023-02-05,xIqe+QQIQXQ=,t+kFcRdzL6o=,/M8gHzjxpNU=,t+kFcRdzL6o=-/M8gHzjxpNU=,A4tgQv5cqkc=,1,164
2023-02-05,xIqe+QQIQXQ=,t+kFcRdzL6o=,/M8gHzjxpNU=,xIqe+QQIQXQ=-/M8gHzjxpNU=,A4tgQv5cqkc=,1,150
2023-02-05,xIqe+QQIQXQ=,t+kFcRdzL6o=,/M8gHzjxpNU=,xIqe+QQIQXQ=-t+kFcRdzL6o=,A4tgQv5cqkc=,1,150
2023-02-05,xIqe+QQIQXQ=,t+kFcRdzL6o=,/M8gHzjxpNU=,t+kFcRdzL6o=-/M8gHzjxpNU=,A4tgQv5cqkc=,0,188
2023-02-05,xIqe+QQIQXQ=,t+kFcRdzL6o=,/M8gHzjxpNU=,xIqe+QQIQXQ=-/M8gHzjxpNU=,A4tgQv5cqkc=,0,171
2023-02-05,xIqe+QQIQXQ=,t+kFcRdzL6o=,/M8gHzjxpNU=,xIqe+QQIQXQ=-t+kFcRdzL6o=,A4tgQv5cqkc=,0,171
2023-02-05,xIqe+QQIQXQ=,t+kFcRdzL6o=,/M8gHzjxpNU=,t+kFcRdzL6o=-/M8gHzjxpNU=,A4tgQv5cqkc=,-1,188
2023-02-05,xIqe+QQIQXQ=,t+kFcRdzL6o=,/M8gHzjxpNU=,xIqe+QQIQXQ=-/M8gHzjxpNU=,A4tgQv5cqkc=,-1,171
2023-02-05,xIqe+QQIQXQ=,t+kFcRdzL6o=,/M8gHzjxpNU=,xIqe+QQIQXQ=-t+kFcRdzL6o=,A4tgQv5cqkc=,-1,171
2023-02-06,xIqe+QQIQXQ=,t+kFcRdzL6o=,/M8gHzjxpNU=,t+kFcRdzL6o=-/M8gHzjxpNU=,A4tgQv5cqkc=,29,19
2023-02-06,xIqe+QQIQXQ=,t+kFcRdzL6o=,/M8gHzjxpNU=,xIqe+QQIQXQ=-/M8gHzjxpNU=,A4tgQv5cqkc=,29,18
2023-02-06,xIqe+QQIQXQ=,t+kFcRdzL6o=,/M8gHzjxpNU=,xIqe+QQIQXQ=-t+kFcRdzL6o=,A4tgQv5cqkc=,29,18
2023-02-06,xIqe+QQIQXQ=,t+kFcRdzL6o=,/M8gHzjxpNU=,t+kFcRdzL6o=-/M8gHzjxpNU=,A4tgQv5cqkc=,28,19
2023-02-06,xIqe+QQIQXQ=,t+kFcRdzL6o=,/M8gHzjxpNU=,xIqe+QQIQXQ=-/M8gHzjxpNU=,A4tgQv5cqkc=,28,18
2023-02-06,xIqe+QQIQXQ=,t+kFcRdzL6o=,/M8gHzjxpNU=,xIqe+QQIQXQ=-t+kFcRdzL6o=,A4tgQv5cqkc=,28,18
2023-02-06,xIqe+QQIQXQ=,t+kFcRdzL6o=,/M8gHzjxpNU=,t+kFcRdzL6o=-/M8gHzjxpNU=,A4tgQv5cqkc=,27,20
2023-02-06,xIqe+QQIQXQ=,t+kFcRdzL6o=,/M8gHzjxpNU=,xIqe+QQIQXQ=-/M8gHzjxpNU=,A4tgQv5cqkc=,27,19
2023-02-06,xIqe+QQIQXQ=,t+kFcRdzL6o=,/M8gHzjxpNU=,xIqe+QQIQXQ=-t+kFcRdzL6o=,A4tgQv5cqkc=,27,19
2023-02-06,xIqe+QQIQXQ=,t+kFcRdzL6o=,/M8gHzjxpNU=,t+kFcRdzL6o=-/M8gHzjxpNU=,A4tgQv5cqkc=,26,20
2023-02-06,xIqe+QQIQXQ=,t+kFcRdzL6o=,/M8gHzjxpNU=,xIqe+QQIQXQ=-/M8gHzjxpNU=,A4tgQv5cqkc=,26,19
2023-02-06,xIqe+QQIQXQ=,t+kFcRdzL6o=,/M8gHzjxpNU=,xIqe+QQIQXQ=-t+kFcRdzL6o=,A4tgQv5cqkc=,26,19
2023-02-06,xIqe+QQIQXQ=,t+kFcRdzL6o=,/M8gHzjxpNU=,t+kFcRdzL6o=-/M8gHzjxpNU=,A4tgQv5cqkc=,25,21
2023-02-06,xIqe+QQIQXQ=,t+kFcRdzL6o=,/M8gHzjxpNU=,xIqe+QQIQXQ=-/M8gHzjxpNU=,A4tgQv5cqkc=,25,20
2023-02-06,xIqe+QQIQXQ=,t+kFcRdzL6o=,/M8gHzjxpNU=,xIqe+QQIQXQ=-t+kFcRdzL6o=,A4tgQv5cqkc=,25,20
2023-02-06,xIqe+QQIQXQ=,t+kFcRdzL6o=,/M8gHzjxpNU=,t+kFcRdzL6o=-/M8gHzjxpNU=,A4tgQv5cqkc=,24,20
2023-02-06,xIqe+QQIQXQ=,t+kFcRdzL6o=,/M8gHzjxpNU=,xIqe+QQIQXQ=-/M8gHzjxpNU=,A4tgQv5cqkc=,24,19
2023-02-06,xIqe+QQIQXQ=,t+kFcRdzL6o=,/M8gHzjxpNU=,xIqe+QQIQXQ=-t+kFcRdzL6o=,A4tgQv5cqkc=,24,19
2023-02-06,xIqe+QQIQXQ=,t+kFcRdzL6o=,/M8gHzjxpNU=,t+kFcRdzL6o=-/M8gHzjxpNU=,A4tgQv5cqkc=,23,22
2023-02-06,xIqe+QQIQXQ=,t+kFcRdzL6o=,/M8gHzjxpNU=,xIqe+QQIQXQ=-/M8gHzjxpNU=,A4tgQv5cqkc=,23,21
2023-02-06,xIqe+QQIQXQ=,t+kFcRdzL6o=,/M8gHzjxpNU=,xIqe+QQIQXQ=-t+kFcRdzL6o=,A4tgQv5cqkc=,23,21
2023-02-06,xIqe+QQIQXQ=,t+kFcRdzL6o=,/M8gHzjxpNU=,t+kFcRdzL6o=-/M8gHzjxpNU=,A4tgQv5cqkc=,22,22
2023-02-06,xIqe+QQIQXQ=,t+kFcRdzL6o=,/M8gHzjxpNU=,xIqe+QQIQXQ=-/M8gHzjxpNU=,A4tgQv5cqkc=,22,21
2023-02-06,xIqe+QQIQXQ=,t+kFcRdzL6o=,/M8gHzjxpNU=,xIqe+QQIQXQ=-t+kFcRdzL6o=,A4tgQv5cqkc=,22,21
2023-02-06,xIqe+QQIQXQ=,t+kFcRdzL6o=,/M8gHzjxpNU=,t+kFcRdzL6o=-/M8gHzjxpNU=,A4tgQv5cqkc=,21,24
2023-02-06,xIqe+QQIQXQ=,t+kFcRdzL6o=,/M8gHzjxpNU=,xIqe+QQIQXQ=-/M8gHzjxpNU=,A4tgQv5cqkc=,21,23
2023-02-06,xIqe+QQIQXQ=,t+kFcRdzL6o=,/M8gHzjxpNU=,xIqe+QQIQXQ=-t+kFcRdzL6o=,A4tgQv5cqkc=,21,23
2023-02-06,xIqe+QQIQXQ=,t+kFcRdzL6o=,/M8gHzjxpNU=,t+kFcRdzL6o=-/M8gHzjxpNU=,A4tgQv5cqkc=,20,26
2023-02-06,xIqe+QQIQXQ=,t+kFcRdzL6o=,/M8gHzjxpNU=,xIqe+QQIQXQ=-/M8gHzjxpNU=,A4tgQv5cqkc=,20,25
2023-02-06,xIqe+QQIQXQ=,t+kFcRdzL6o=,/M8gHzjxpNU=,xIqe+QQIQXQ=-t+kFcRdzL6o=,A4tgQv5cqkc=,20,25
2023-02-06,xIqe+QQIQXQ=,t+kFcRdzL6o=,/M8gHzjxpNU=,t+kFcRdzL6o=-/M8gHzjxpNU=,A4tgQv5cqkc=,19,27
2023-02-06,xIqe+QQIQXQ=,t+kFcRdzL6o=,/M8gHzjxpNU=,xIqe+QQIQXQ=-/M8gHzjxpNU=,A4tgQv5cqkc=,19,26
2023-02-06,xIqe+QQIQXQ=,t+kFcRdzL6o=,/M8gHzjxpNU=,xIqe+QQIQXQ=-t+kFcRdzL6o=,A4tgQv5cqkc=,19,26
2023-02-06,xIqe+QQIQXQ=,t+kFcRdzL6o=,/M8gHzjxpNU=,t+kFcRdzL6o=-/M8gHzjxpNU=,A4tgQv5cqkc=,18,28
2023-02-06,xIqe+QQIQXQ=,t+kFcRdzL6o=,/M8gHzjxpNU=,xIqe+QQIQXQ=-/M8gHzjxpNU=,A4tgQv5cqkc=,18,27
2023-02-06,xIqe+QQIQXQ=,t+kFcRdzL6o=,/M8gHzjxpNU=,xIqe+QQIQXQ=-t+kFcRdzL6o=,A4tgQv5cqkc=,18,27
2023-02-06,xIqe+QQIQXQ=,t+kFcRdzL6o=,/M8gHzjxpNU=,t+kFcRdzL6o=-/M8gHzjxpNU=,A4tgQv5cqkc=,17,28
2023-02-06,xIqe+QQIQXQ=,t+kFcRdzL6o=,/M8gHzjxpNU=,xIqe+QQIQXQ=-/M8gHzjxpNU=,A4tgQv5cqkc=,17,27
2023-02-06,xIqe+QQIQXQ=,t+kFcRdzL6o=,/M8gHzjxpNU=,xIqe+QQIQXQ=-t+kFcRdzL6o=,A4tgQv5cqkc=,17,27
2023-02-06,xIqe+QQIQXQ=,t+kFcRdzL6o=,/M8gHzjxpNU=,t+kFcRdzL6o=-/M8gHzjxpNU=,A4tgQv5cqkc=,16,29
2023-02-06,xIqe+QQIQXQ=,t+kFcRdzL6o=,/M8gHzjxpNU=,xIqe+QQIQXQ=-/M8gHzjxpNU=,A4tgQv5cqkc=,16,28
2023-02-06,xIqe+QQIQXQ=,t+kFcRdzL6o=,/M8gHzjxpNU=,xIqe+QQIQXQ=-t+kFcRdzL6o=,A4tgQv5cqkc=,16,28
2023-02-06,xIqe+QQIQXQ=,t+kFcRdzL6o=,/M8gHzjxpNU=,t+kFcRdzL6o=-/M8gHzjxpNU=,A4tgQv5cqkc=,15,31
2023-02-06,xIqe+QQIQXQ=,t+kFcRdzL6o=,/M8gHzjxpNU=,xIqe+QQIQXQ=-/M8gHzjxpNU=,A4tgQv5cqkc=,15,29
2023-02-06,xIqe+QQIQXQ=,t+kFcRdzL6o=,/M8gHzjxpNU=,xIqe+QQIQXQ=-t+kFcRdzL6o=,A4tgQv5cqkc=,15,29
2023-02-06,xIqe+QQIQXQ=,t+kFcRdzL6o=,/M8gHzjxpNU=,t+kFcRdzL6o=-/M8gHzjxpNU=,A4tgQv5cqkc=,14,33
2023-02-06,xIqe+QQIQXQ=,t+kFcRdzL6o=,/M8gHzjxpNU=,xIqe+QQIQXQ=-/M8gHzjxpNU=,A4tgQv5cqkc=,14,31
2023-02-06,xIqe+QQIQXQ=,t+kFcRdzL6o=,/M8gHzjxpNU=,xIqe+QQIQXQ=-t+kFcRdzL6o=,A4tgQv5cqkc=,14,31
2023-02-06,xIqe+QQIQXQ=,t+kFcRdzL6o=,/M8gHzjxpNU=,t+kFcRdzL6o=-/M8gHzjxpNU=,A4tgQv5cqkc=,13,38
2023-02-06,xIqe+QQIQXQ=,t+kFcRdzL6o=,/M8gHzjxpNU=,xIqe+QQIQXQ=-/M8gHzjxpNU=,A4tgQv5cqkc=,13,36
2023-02-06,xIqe+QQIQXQ=,t+kFcRdzL6o=,/M8gHzjxpNU=,xIqe+QQIQXQ=-t+kFcRdzL6o=,A4tgQv5cqkc=,13,36
2023-02-06,xIqe+QQIQXQ=,t+kFcRdzL6o=,/M8gHzjxpNU=,t+kFcRdzL6o=-/M8gHzjxpNU=,A4tgQv5cqkc=,12,41
2023-02-06,xIqe+QQIQXQ=,t+kFcRdzL6o=,/M8gHzjxpNU=,xIqe+QQIQXQ=-/M8gHzjxpNU=,A4tgQv5cqkc=,12,40
2023-02-06,xIqe+QQIQXQ=,t+kFcRdzL6o=,/M8gHzjxpNU=,xIqe+QQIQXQ=-t+kFcRdzL6o=,A4tgQv5cqkc=,12,40
2023-02-06,xIqe+QQIQXQ=,t+kFcRdzL6o=,/M8gHzjxpNU=,t+kFcRdzL6o=-/M8gHzjxpNU=,A4tgQv5cqkc=,11,62
2023-02-06,xIqe+QQIQXQ=,t+kFcRdzL6o=,/M8gHzjxpNU=,xIqe+QQIQXQ=-/M8gHzjxpNU=,A4tgQv5cqkc=,11,61
2023-02-06,xIqe+QQIQXQ=,t+kFcRdzL6o=,/M8gHzjxpNU=,xIqe+QQIQXQ=-t+kFcRdzL6o=,A4tgQv5cqkc=,11,61
2023-02-06,xIqe+QQIQXQ=,t+kFcRdzL6o=,/M8gHzjxpNU=,t+kFcRdzL6o=-/M8gHzjxpNU=,A4tgQv5cqkc=,10,75
2023-02-06,xIqe+QQIQXQ=,t+kFcRdzL6o=,/M8gHzjxpNU=,xIqe+QQIQXQ=-/M8gHzjxpNU=,A4tgQv5cqkc=,10,76
2023-02-06,xIqe+QQIQXQ=,t+kFcRdzL6o=,/M8gHzjxpNU=,xIqe+QQIQXQ=-t+kFcRdzL6o=,A4tgQv5cqkc=,10,76
2023-02-06,xIqe+QQIQXQ=,t+kFcRdzL6o=,/M8gHzjxpNU=,t+kFcRdzL6o=-/M8gHzjxpNU=,A4tgQv5cqkc=,9,79
2023-02-06,xIqe+QQIQXQ=,t+kFcRdzL6o=,/M8gHzjxpNU=,xIqe+QQIQXQ=-/M8gHzjxpNU=,A4tgQv5cqkc=,9,80
2023-02-06,xIqe+QQIQXQ=,t+kFcRdzL6o=,/M8gHzjxpNU=,xIqe+QQIQXQ=-t+kFcRdzL6o=,A4tgQv5cqkc=,9,80
2023-02-06,xIqe+QQIQXQ=,t+kFcRdzL6o=,/M8gHzjxpNU=,t+kFcRdzL6o=-/M8gHzjxpNU=,A4tgQv5cqkc=,8,80
2023-02-06,xIqe+QQIQXQ=,t+kFcRdzL6o=,/M8gHzjxpNU=,xIqe+QQIQXQ=-/M8gHzjxpNU=,A4tgQv5cqkc=,8,85
2023-02-06,xIqe+QQIQXQ=,t+kFcRdzL6o=,/M8gHzjxpNU=,xIqe+QQIQXQ=-t+kFcRdzL6o=,A4tgQv5cqkc=,8,85
2023-02-06,xIqe+QQIQXQ=,t+kFcRdzL6o=,/M8gHzjxpNU=,t+kFcRdzL6o=-/M8gHzjxpNU=,A4tgQv5cqkc=,7,81
2023-02-06,xIqe+QQIQXQ=,t+kFcRdzL6o=,/M8gHzjxpNU=,xIqe+QQIQXQ=-/M8gHzjxpNU=,A4tgQv5cqkc=,7,87
2023-02-06,xIqe+QQIQXQ=,t+kFcRdzL6o=,/M8gHzjxpNU=,xIqe+QQIQXQ=-t+kFcRdzL6o=,A4tgQv5cqkc=,7,87
2023-02-06,xIqe+QQIQXQ=,t+kFcRdzL6o=,/M8gHzjxpNU=,t+kFcRdzL6o=-/M8gHzjxpNU=,A4tgQv5cqkc=,6,86
2023-02-06,xIqe+QQIQXQ=,t+kFcRdzL6o=,/M8gHzjxpNU=,xIqe+QQIQXQ=-/M8gHzjxpNU=,A4tgQv5cqkc=,6,95
2023-02-06,xIqe+QQIQXQ=,t+kFcRdzL6o=,/M8gHzjxpNU=,xIqe+QQIQXQ=-t+kFcRdzL6o=,A4tgQv5cqkc=,6,95
2023-02-06,xIqe+QQIQXQ=,t+kFcRdzL6o=,/M8gHzjxpNU=,t+kFcRdzL6o=-/M8gHzjxpNU=,A4tgQv5cqkc=,5,91
2023-02-06,xIqe+QQIQXQ=,t+kFcRdzL6o=,/M8gHzjxpNU=,xIqe+QQIQXQ=-/M8gHzjxpNU=,A4tgQv5cqkc=,5,100
2023-02-06,xIqe+QQIQXQ=,t+kFcRdzL6o=,/M8gHzjxpNU=,xIqe+QQIQXQ=-t+kFcRdzL6o=,A4tgQv5cqkc=,5,100
2023-02-06,xIqe+QQIQXQ=,t+kFcRdzL6o=,/M8gHzjxpNU=,t+kFcRdzL6o=-/M8gHzjxpNU=,A4tgQv5cqkc=,4,118
2023-02-06,xIqe+QQIQXQ=,t+kFcRdzL6o=,/M8gHzjxpNU=,xIqe+QQIQXQ=-/M8gHzjxpNU=,A4tgQv5cqkc=,4,115
2023-02-06,xIqe+QQIQXQ=,t+kFcRdzL6o=,/M8gHzjxpNU=,xIqe+QQIQXQ=-t+kFcRdzL6o=,A4tgQv5cqkc=,4,115
2023-02-06,xIqe+QQIQXQ=,t+kFcRdzL6o=,/M8gHzjxpNU=,t+kFcRdzL6o=-/M8gHzjxpNU=,A4tgQv5cqkc=,3,130
2023-02-06,xIqe+QQIQXQ=,t+kFcRdzL6o=,/M8gHzjxpNU=,xIqe+QQIQXQ=-/M8gHzjxpNU=,A4tgQv5cqkc=,3,126
2023-02-06,xIqe+QQIQXQ=,t+kFcRdzL6o=,/M8gHzjxpNU=,xIqe+QQIQXQ=-t+kFcRdzL6o=,A4tgQv5cqkc=,3,126
2023-02-06,xIqe+QQIQXQ=,t+kFcRdzL6o=,/M8gHzjxpNU=,t+kFcRdzL6o=-/M8gHzjxpNU=,A4tgQv5cqkc=,2,145
2023-02-06,xIqe+QQIQXQ=,t+kFcRdzL6o=,/M8gHzjxpNU=,xIqe+QQIQXQ=-/M8gHzjxpNU=,A4tgQv5cqkc=,2,148
2023-02-06,xIqe+QQIQXQ=,t+kFcRdzL6o=,/M8gHzjxpNU=,xIqe+QQIQXQ=-t+kFcRdzL6o=,A4tgQv5cqkc=,2,148
2023-02-06,xIqe+QQIQXQ=,t+kFcRdzL6o=,/M8gHzjxpNU=,t+kFcRdzL6o=-/M8gHzjxpNU=,A4tgQv5cqkc=,1,159
2023-02-06,xIqe+QQIQXQ=,t+kFcRdzL6o=,/M8gHzjxpNU=,xIqe+QQIQXQ=-/M8gHzjxpNU=,A4tgQv5cqkc=,1,158
2023-02-06,xIqe+QQIQXQ=,t+kFcRdzL6o=,/M8gHzjxpNU=,xIqe+QQIQXQ=-t+kFcRdzL6o=,A4tgQv5cqkc=,1,158
2023-02-06,xIqe+QQIQXQ=,t+kFcRdzL6o=,/M8gHzjxpNU=,t+kFcRdzL6o=-/M8gHzjxpNU=,A4tgQv5cqkc=,0,186
2023-02-06,xIqe+QQIQXQ=,t+kFcRdzL6o=,/M8gHzjxpNU=,xIqe+QQIQXQ=-/M8gHzjxpNU=,A4tgQv5cqkc=,0,179
2023-02-06,xIqe+QQIQXQ=,t+kFcRdzL6o=,/M8gHzjxpNU=,xIqe+QQIQXQ=-t+kFcRdzL6o=,A4tgQv5cqkc=,0,179
2023-02-06,xIqe+QQIQXQ=,t+kFcRdzL6o=,/M8gHzjxpNU=,t+kFcRdzL6o=-/M8gHzjxpNU=,A4tgQv5cqkc=,-1,186
2023-02-06,xIqe+QQIQXQ=,t+kFcRdzL6o=,/M8gHzjxpNU=,xIqe+QQIQXQ=-/M8gHzjxpNU=,A4tgQv5cqkc=,-1,179
2023-02-06,xIqe+QQIQXQ=,t+kFcRdzL6o=,/M8gHzjxpNU=,xIqe+QQIQXQ=-t+kFcRdzL6o=,A4tgQv5cqkc=,-1,179
2023-02-08,xIqe+QQIQXQ=,t+kFcRdzL6o=,/M8gHzjxpNU=,t+kFcRdzL6o=-/M8gHzjxpNU=,A4tgQv5cqkc=,29,4
2023-02-08,xIqe+QQIQXQ=,t+kFcRdzL6o=,/M8gHzjxpNU=,xIqe+QQIQXQ=-/M8gHzjxpNU=,A4tgQv5cqkc=,29,4
2023-02-08,xIqe+QQIQXQ=,t+kFcRdzL6o=,/M8gHzjxpNU=,xIqe+QQIQXQ=-t+kFcRdzL6o=,A4tgQv5cqkc=,29,4
2023-02-08,xIqe+QQIQXQ=,t+kFcRdzL6o=,/M8gHzjxpNU=,t+kFcRdzL6o=-/M8gHzjxpNU=,A4tgQv5cqkc=,28,4
2023-02-08,xIqe+QQIQXQ=,t+kFcRdzL6o=,/M8gHzjxpNU=,xIqe+QQIQXQ=-/M8gHzjxpNU=,A4tgQv5cqkc=,28,4
2023-02-08,xIqe+QQIQXQ=,t+kFcRdzL6o=,/M8gHzjxpNU=,xIqe+QQIQXQ=-t+kFcRdzL6o=,A4tgQv5cqkc=,28,4
2023-02-08,xIqe+QQIQXQ=,t+kFcRdzL6o=,/M8gHzjxpNU=,t+kFcRdzL6o=-/M8gHzjxpNU=,A4tgQv5cqkc=,27,5
2023-02-08,xIqe+QQIQXQ=,t+kFcRdzL6o=,/M8gHzjxpNU=,xIqe+QQIQXQ=-/M8gHzjxpNU=,A4tgQv5cqkc=,27,4
2023-02-08,xIqe+QQIQXQ=,t+kFcRdzL6o=,/M8gHzjxpNU=,xIqe+QQIQXQ=-t+kFcRdzL6o=,A4tgQv5cqkc=,27,4
2023-02-08,xIqe+QQIQXQ=,t+kFcRdzL6o=,/M8gHzjxpNU=,t+kFcRdzL6o=-/M8gHzjxpNU=,A4tgQv5cqkc=,26,5
2023-02-08,xIqe+QQIQXQ=,t+kFcRdzL6o=,/M8gHzjxpNU=,xIqe+QQIQXQ=-/M8gHzjxpNU=,A4tgQv5cqkc=,26,4
2023-02-08,xIqe+QQIQXQ=,t+kFcRdzL6o=,/M8gHzjxpNU=,xIqe+QQIQXQ=-t+kFcRdzL6o=,A4tgQv5cqkc=,26,4
2023-02-08,xIqe+QQIQXQ=,t+kFcRdzL6o=,/M8gHzjxpNU=,t+kFcRdzL6o=-/M8gHzjxpNU=,A4tgQv5cqkc=,25,5
2023-02-08,xIqe+QQIQXQ=,t+kFcRdzL6o=,/M8gHzjxpNU=,xIqe+QQIQXQ=-/M8gHzjxpNU=,A4tgQv5cqkc=,25,4
2023-02-08,xIqe+QQIQXQ=,t+kFcRdzL6o=,/M8gHzjxpNU=,xIqe+QQIQXQ=-t+kFcRdzL6o=,A4tgQv5cqkc=,25,4
2023-02-08,xIqe+QQIQXQ=,t+kFcRdzL6o=,/M8gHzjxpNU=,t+kFcRdzL6o=-/M8gHzjxpNU=,A4tgQv5cqkc=,24,5
2023-02-08,xIqe+QQIQXQ=,t+kFcRdzL6o=,/M8gHzjxpNU=,xIqe+QQIQXQ=-/M8gHzjxpNU=,A4tgQv5cqkc=,24,4
2023-02-08,xIqe+QQIQXQ=,t+kFcRdzL6o=,/M8gHzjxpNU=,xIqe+QQIQXQ=-t+kFcRdzL6o=,A4tgQv5cqkc=,24,4
2023-02-08,xIqe+QQIQXQ=,t+kFcRdzL6o=,/M8gHzjxpNU=,t+kFcRdzL6o=-/M8gHzjxpNU=,A4tgQv5cqkc=,23,5
2023-02-08,xIqe+QQIQXQ=,t+kFcRdzL6o=,/M8gHzjxpNU=,xIqe+QQIQXQ=-/M8gHzjxpNU=,A4tgQv5cqkc=,23,4
2023-02-08,xIqe+QQIQXQ=,t+kFcRdzL6o=,/M8gHzjxpNU=,xIqe+QQIQXQ=-t+kFcRdzL6o=,A4tgQv5cqkc=,23,4
2023-02-08,xIqe+QQIQXQ=,t+kFcRdzL6o=,/M8gHzjxpNU=,t+kFcRdzL6o=-/M8gHzjxpNU=,A4tgQv5cqkc=,22,5
2023-02-08,xIqe+QQIQXQ=,t+kFcRdzL6o=,/M8gHzjxpNU=,xIqe+QQIQXQ=-/M8gHzjxpNU=,A4tgQv5cqkc=,22,4
2023-02-08,xIqe+QQIQXQ=,t+kFcRdzL6o=,/M8gHzjxpNU=,xIqe+QQIQXQ=-t+kFcRdzL6o=,A4tgQv5cqkc=,22,4
2023-02-08,xIqe+QQIQXQ=,t+kFcRdzL6o=,/M8gHzjxpNU=,t+kFcRdzL6o=-/M8gHzjxpNU=,A4tgQv5cqkc=,21,5
2023-02-08,xIqe+QQIQXQ=,t+kFcRdzL6o=,/M8gHzjxpNU=,xIqe+QQIQXQ=-/M8gHzjxpNU=,A4tgQv5cqkc=,21,4
2023-02-08,xIqe+QQIQXQ=,t+kFcRdzL6o=,/M8gHzjxpNU=,xIqe+QQIQXQ=-t+kFcRdzL6o=,A4tgQv5cqkc=,21,4
2023-02-08,xIqe+QQIQXQ=,t+kFcRdzL6o=,/M8gHzjxpNU=,t+kFcRdzL6o=-/M8gHzjxpNU=,A4tgQv5cqkc=,20,5
2023-02-08,xIqe+QQIQXQ=,t+kFcRdzL6o=,/M8gHzjxpNU=,xIqe+QQIQXQ=-/M8gHzjxpNU=,A4tgQv5cqkc=,20,4
2023-02-08,xIqe+QQIQXQ=,t+kFcRdzL6o=,/M8gHzjxpNU=,xIqe+QQIQXQ=-t+kFcRdzL6o=,A4tgQv5cqkc=,20,4
2023-02-08,xIqe+QQIQXQ=,t+kFcRdzL6o=,/M8gHzjxpNU=,t+kFcRdzL6o=-/M8gHzjxpNU=,A4tgQv5cqkc=,19,8
2023-02-08,xIqe+QQIQXQ=,t+kFcRdzL6o=,/M8gHzjxpNU=,xIqe+QQIQXQ=-/M8gHzjxpNU=,A4tgQv5cqkc=,19,7
2023-02-08,xIqe+QQIQXQ=,t+kFcRdzL6o=,/M8gHzjxpNU=,xIqe+QQIQXQ=-t+kFcRdzL6o=,A4tgQv5cqkc=,19,7
2023-02-08,xIqe+QQIQXQ=,t+kFcRdzL6o=,/M8gHzjxpNU=,t+kFcRdzL6o=-/M8gHzjxpNU=,A4tgQv5cqkc=,18,8
2023-02-08,xIqe+QQIQXQ=,t+kFcRdzL6o=,/M8gHzjxpNU=,xIqe+QQIQXQ=-/M8gHzjxpNU=,A4tgQv5cqkc=,18,7
2023-02-08,xIqe+QQIQXQ=,t+kFcRdzL6o=,/M8gHzjxpNU=,xIqe+QQIQXQ=-t+kFcRdzL6o=,A4tgQv5cqkc=,18,7
2023-02-08,xIqe+QQIQXQ=,t+kFcRdzL6o=,/M8gHzjxpNU=,t+kFcRdzL6o=-/M8gHzjxpNU=,A4tgQv5cqkc=,17,8
2023-02-08,xIqe+QQIQXQ=,t+kFcRdzL6o=,/M8gHzjxpNU=,xIqe+QQIQXQ=-/M8gHzjxpNU=,A4tgQv5cqkc=,17,7
2023-02-08,xIqe+QQIQXQ=,t+kFcRdzL6o=,/M8gHzjxpNU=,xIqe+QQIQXQ=-t+kFcRdzL6o=,A4tgQv5cqkc=,17,7
2023-02-08,xIqe+QQIQXQ=,t+kFcRdzL6o=,/M8gHzjxpNU=,t+kFcRdzL6o=-/M8gHzjxpNU=,A4tgQv5cqkc=,16,12
2023-02-08,xIqe+QQIQXQ=,t+kFcRdzL6o=,/M8gHzjxpNU=,xIqe+QQIQXQ=-/M8gHzjxpNU=,A4tgQv5cqkc=,16,11
2023-02-08,xIqe+QQIQXQ=,t+kFcRdzL6o=,/M8gHzjxpNU=,xIqe+QQIQXQ=-t+kFcRdzL6o=,A4tgQv5cqkc=,16,11
2023-02-08,xIqe+QQIQXQ=,t+kFcRdzL6o=,/M8gHzjxpNU=,t+kFcRdzL6o=-/M8gHzjxpNU=,A4tgQv5cqkc=,15,24
2023-02-08,xIqe+QQIQXQ=,t+kFcRdzL6o=,/M8gHzjxpNU=,xIqe+QQIQXQ=-/M8gHzjxpNU=,A4tgQv5cqkc=,15,23
2023-02-08,xIqe+QQIQXQ=,t+kFcRdzL6o=,/M8gHzjxpNU=,xIqe+QQIQXQ=-t+kFcRdzL6o=,A4tgQv5cqkc=,15,23
2023-02-08,xIqe+QQIQXQ=,t+kFcRdzL6o=,/M8gHzjxpNU=,t+kFcRdzL6o=-/M8gHzjxpNU=,A4tgQv5cqkc=,14,27
2023-02-08,xIqe+QQIQXQ=,t+kFcRdzL6o=,/M8gHzjxpNU=,xIqe+QQIQXQ=-/M8gHzjxpNU=,A4tgQv5cqkc=,14,27
2023-02-08,xIqe+QQIQXQ=,t+kFcRdzL6o=,/M8gHzjxpNU=,xIqe+QQIQXQ=-t+kFcRdzL6o=,A4tgQv5cqkc=,14,27
2023-02-08,xIqe+QQIQXQ=,t+kFcRdzL6o=,/M8gHzjxpNU=,t+kFcRdzL6o=-/M8gHzjxpNU=,A4tgQv5cqkc=,13,33
2023-02-08,xIqe+QQIQXQ=,t+kFcRdzL6o=,/M8gHzjxpNU=,xIqe+QQIQXQ=-/M8gHzjxpNU=,A4tgQv5cqkc=,13,33
2023-02-08,xIqe+QQIQXQ=,t+kFcRdzL6o=,/M8gHzjxpNU=,xIqe+QQIQXQ=-t+kFcRdzL6o=,A4tgQv5cqkc=,13,33
2023-02-08,xIqe+QQIQXQ=,t+kFcRdzL6o=,/M8gHzjxpNU=,t+kFcRdzL6o=-/M8gHzjxpNU=,A4tgQv5cqkc=,12,52
2023-02-08,xIqe+QQIQXQ=,t+kFcRdzL6o=,/M8gHzjxpNU=,xIqe+QQIQXQ=-/M8gHzjxpNU=,A4tgQv5cqkc=,12,52
2023-02-08,xIqe+QQIQXQ=,t+kFcRdzL6o=,/M8gHzjxpNU=,xIqe+QQIQXQ=-t+kFcRdzL6o=,A4tgQv5cqkc=,12,52
2023-02-08,xIqe+QQIQXQ=,t+kFcRdzL6o=,/M8gHzjxpNU=,t+kFcRdzL6o=-/M8gHzjxpNU=,A4tgQv5cqkc=,11,70
2023-02-08,xIqe+QQIQXQ=,t+kFcRdzL6o=,/M8gHzjxpNU=,xIqe+QQIQXQ=-/M8gHzjxpNU=,A4tgQv5cqkc=,11,70
2023-02-08,xIqe+QQIQXQ=,t+kFcRdzL6o=,/M8gHzjxpNU=,xIqe+QQIQXQ=-t+kFcRdzL6o=,A4tgQv5cqkc=,11,70
2023-02-08,xIqe+QQIQXQ=,t+kFcRdzL6o=,/M8gHzjxpNU=,t+kFcRdzL6o=-/M8gHzjxpNU=,A4tgQv5cqkc=,10,81
2023-02-08,xIqe+QQIQXQ=,t+kFcRdzL6o=,/M8gHzjxpNU=,xIqe+QQIQXQ=-/M8gHzjxpNU=,A4tgQv5cqkc=,10,80
2023-02-08,xIqe+QQIQXQ=,t+kFcRdzL6o=,/M8gHzjxpNU=,xIqe+QQIQXQ=-t+kFcRdzL6o=,A4tgQv5cqkc=,10,80
2023-02-08,xIqe+QQIQXQ=,t+kFcRdzL6o=,/M8gHzjxpNU=,t+kFcRdzL6o=-/M8gHzjxpNU=,A4tgQv5cqkc=,9,81
2023-02-08,xIqe+QQIQXQ=,t+kFcRdzL6o=,/M8gHzjxpNU=,xIqe+QQIQXQ=-/M8gHzjxpNU=,A4tgQv5cqkc=,9,80
2023-02-08,xIqe+QQIQXQ=,t+kFcRdzL6o=,/M8gHzjxpNU=,xIqe+QQIQXQ=-t+kFcRdzL6o=,A4tgQv5cqkc=,9,80
2023-02-08,xIqe+QQIQXQ=,t+kFcRdzL6o=,/M8gHzjxpNU=,t+kFcRdzL6o=-/M8gHzjxpNU=,A4tgQv5cqkc=,8,86
2023-02-08,xIqe+QQIQXQ=,t+kFcRdzL6o=,/M8gHzjxpNU=,xIqe+QQIQXQ=-/M8gHzjxpNU=,A4tgQv5cqkc=,8,84
2023-02-08,xIqe+QQIQXQ=,t+kFcRdzL6o=,/M8gHzjxpNU=,xIqe+QQIQXQ=-t+kFcRdzL6o=,A4tgQv5cqkc=,8,84
2023-02-08,xIqe+QQIQXQ=,t+kFcRdzL6o=,/M8gHzjxpNU=,t+kFcRdzL6o=-/M8gHzjxpNU=,A4tgQv5cqkc=,7,94
2023-02-08,xIqe+QQIQXQ=,t+kFcRdzL6o=,/M8gHzjxpNU=,xIqe+QQIQXQ=-/M8gHzjxpNU=,A4tgQv5cqkc=,7,93
2023-02-08,xIqe+QQIQXQ=,t+kFcRdzL6o=,/M8gHzjxpNU=,xIqe+QQIQXQ=-t+kFcRdzL6o=,A4tgQv5cqkc=,7,93
2023-02-08,xIqe+QQIQXQ=,t+kFcRdzL6o=,/M8gHzjxpNU=,t+kFcRdzL6o=-/M8gHzjxpNU=,A4tgQv5cqkc=,6,104
2023-02-08,xIqe+QQIQXQ=,t+kFcRdzL6o=,/M8gHzjxpNU=,xIqe+QQIQXQ=-/M8gHzjxpNU=,A4tgQv5cqkc=,6,102
2023-02-08,xIqe+QQIQXQ=,t+kFcRdzL6o=,/M8gHzjxpNU=,xIqe+QQIQXQ=-t+kFcRdzL6o=,A4tgQv5cqkc=,6,102
2023-02-08,xIqe+QQIQXQ=,t+kFcRdzL6o=,/M8gHzjxpNU=,t+kFcRdzL6o=-/M8gHzjxpNU=,A4tgQv5cqkc=,5,106
2023-02-08,xIqe+QQIQXQ=,t+kFcRdzL6o=,/M8gHzjxpNU=,xIqe+QQIQXQ=-/M8gHzjxpNU=,A4tgQv5cqkc=,5,102
2023-02-08,xIqe+QQIQXQ=,t+kFcRdzL6o=,/M8gHzjxpNU=,xIqe+QQIQXQ=-t+kFcRdzL6o=,A4tgQv5cqkc=,5,102
2023-02-08,xIqe+QQIQXQ=,t+kFcRdzL6o=,/M8gHzjxpNU=,t+kFcRdzL6o=-/M8gHzjxpNU=,A4tgQv5cqkc=,4,132
2023-02-08,xIqe+QQIQXQ=,t+kFcRdzL6o=,/M8gHzjxpNU=,xIqe+QQIQXQ=-/M8gHzjxpNU=,A4tgQv5cqkc=,4,127
2023-02-08,xIqe+QQIQXQ=,t+kFcRdzL6o=,/M8gHzjxpNU=,xIqe+QQIQXQ=-t+kFcRdzL6o=,A4tgQv5cqkc=,4,127
2023-02-08,xIqe+QQIQXQ=,t+kFcRdzL6o=,/M8gHzjxpNU=,t+kFcRdzL6o=-/M8gHzjxpNU=,A4tgQv5cqkc=,3,135
2023-02-08,xIqe+QQIQXQ=,t+kFcRdzL6o=,/M8gHzjxpNU=,xIqe+QQIQXQ=-/M8gHzjxpNU=,A4tgQv5cqkc=,3,130
2023-02-08,xIqe+QQIQXQ=,t+kFcRdzL6o=,/M8gHzjxpNU=,xIqe+QQIQXQ=-t+kFcRdzL6o=,A4tgQv5cqkc=,3,130
2023-02-08,xIqe+QQIQXQ=,t+kFcRdzL6o=,/M8gHzjxpNU=,t+kFcRdzL6o=-/M8gHzjxpNU=,A4tgQv5cqkc=,2,156
2023-02-08,xIqe+QQIQXQ=,t+kFcRdzL6o=,/M8gHzjxpNU=,xIqe+QQIQXQ=-/M8gHzjxpNU=,A4tgQv5cqkc=,2,148
2023-02-08,xIqe+QQIQXQ=,t+kFcRdzL6o=,/M8gHzjxpNU=,xIqe+QQIQXQ=-t+kFcRdzL6o=,A4tgQv5cqkc=,2,148
2023-02-08,xIqe+QQIQXQ=,t+kFcRdzL6o=,/M8gHzjxpNU=,t+kFcRdzL6o=-/M8gHzjxpNU=,A4tgQv5cqkc=,1,167
2023-02-08,xIqe+QQIQXQ=,t+kFcRdzL6o=,/M8gHzjxpNU=,xIqe+QQIQXQ=-/M8gHzjxpNU=,A4tgQv5cqkc=,1,156
2023-02-08,xIqe+QQIQXQ=,t+kFcRdzL6o=,/M8gHzjxpNU=,xIqe+QQIQXQ=-t+kFcRdzL6o=,A4tgQv5cqkc=,1,156
2023-02-08,xIqe+QQIQXQ=,t+kFcRdzL6o=,/M8gHzjxpNU=,t+kFcRdzL6o=-/M8gHzjxpNU=,A4tgQv5cqkc=,0,176
2023-02-08,xIqe+QQIQXQ=,t+kFcRdzL6o=,/M8gHzjxpNU=,xIqe+QQIQXQ=-/M8gHzjxpNU=,A4tgQv5cqkc=,0,163
2023-02-08,xIqe+QQIQXQ=,t+kFcRdzL6o=,/M8gHzjxpNU=,xIqe+QQIQXQ=-t+kFcRdzL6o=,A4tgQv5cqkc=,0,163
2023-02-08,xIqe+QQIQXQ=,t+kFcRdzL6o=,/M8gHzjxpNU=,t+kFcRdzL6o=-/M8gHzjxpNU=,A4tgQv5cqkc=,-1,176
2023-02-08,xIqe+QQIQXQ=,t+kFcRdzL6o=,/M8gHzjxpNU=,xIqe+QQIQXQ=-/M8gHzjxpNU=,A4tgQv5cqkc=,-1,163
2023-02-08,xIqe+QQIQXQ=,t+kFcRdzL6o=,/M8gHzjxpNU=,xIqe+QQIQXQ=-t+kFcRdzL6o=,A4tgQv5cqkc=,-1,163
2023-02-10,xIqe+QQIQXQ=,t+kFcRdzL6o=,/M8gHzjxpNU=,t+kFcRdzL6o=-/M8gHzjxpNU=,A4tgQv5cqkc=,29,5
2023-02-10,xIqe+QQIQXQ=,t+kFcRdzL6o=,/M8gHzjxpNU=,xIqe+QQIQXQ=-/M8gHzjxpNU=,A4tgQv5cqkc=,29,5
2023-02-10,xIqe+QQIQXQ=,t+kFcRdzL6o=,/M8gHzjxpNU=,xIqe+QQIQXQ=-t+kFcRdzL6o=,A4tgQv5cqkc=,29,5
2023-02-10,xIqe+QQIQXQ=,t+kFcRdzL6o=,/M8gHzjxpNU=,t+kFcRdzL6o=-/M8gHzjxpNU=,A4tgQv5cqkc=,28,5
2023-02-10,xIqe+QQIQXQ=,t+kFcRdzL6o=,/M8gHzjxpNU=,xIqe+QQIQXQ=-/M8gHzjxpNU=,A4tgQv5cqkc=,28,5
2023-02-10,xIqe+QQIQXQ=,t+kFcRdzL6o=,/M8gHzjxpNU=,xIqe+QQIQXQ=-t+kFcRdzL6o=,A4tgQv5cqkc=,28,5
2023-02-10,xIqe+QQIQXQ=,t+kFcRdzL6o=,/M8gHzjxpNU=,t+kFcRdzL6o=-/M8gHzjxpNU=,A4tgQv5cqkc=,27,5
2023-02-10,xIqe+QQIQXQ=,t+kFcRdzL6o=,/M8gHzjxpNU=,xIqe+QQIQXQ=-/M8gHzjxpNU=,A4tgQv5cqkc=,27,5
2023-02-10,xIqe+QQIQXQ=,t+kFcRdzL6o=,/M8gHzjxpNU=,xIqe+QQIQXQ=-t+kFcRdzL6o=,A4tgQv5cqkc=,27,5
2023-02-10,xIqe+QQIQXQ=,t+kFcRdzL6o=,/M8gHzjxpNU=,t+kFcRdzL6o=-/M8gHzjxpNU=,A4tgQv5cqkc=,26,5
2023-02-10,xIqe+QQIQXQ=,t+kFcRdzL6o=,/M8gHzjxpNU=,xIqe+QQIQXQ=-/M8gHzjxpNU=,A4tgQv5cqkc=,26,5
2023-02-10,xIqe+QQIQXQ=,t+kFcRdzL6o=,/M8gHzjxpNU=,xIqe+QQIQXQ=-t+kFcRdzL6o=,A4tgQv5cqkc=,26,5
2023-02-10,xIqe+QQIQXQ=,t+kFcRdzL6o=,/M8gHzjxpNU=,t+kFcRdzL6o=-/M8gHzjxpNU=,A4tgQv5cqkc=,25,6
2023-02-10,xIqe+QQIQXQ=,t+kFcRdzL6o=,/M8gHzjxpNU=,xIqe+QQIQXQ=-/M8gHzjxpNU=,A4tgQv5cqkc=,25,6
2023-02-10,xIqe+QQIQXQ=,t+kFcRdzL6o=,/M8gHzjxpNU=,xIqe+QQIQXQ=-t+kFcRdzL6o=,A4tgQv5cqkc=,25,6
2023-02-10,xIqe+QQIQXQ=,t+kFcRdzL6o=,/M8gHzjxpNU=,t+kFcRdzL6o=-/M8gHzjxpNU=,A4tgQv5cqkc=,24,6
2023-02-10,xIqe+QQIQXQ=,t+kFcRdzL6o=,/M8gHzjxpNU=,xIqe+QQIQXQ=-/M8gHzjxpNU=,A4tgQv5cqkc=,24,6
2023-02-10,xIqe+QQIQXQ=,t+kFcRdzL6o=,/M8gHzjxpNU=,xIqe+QQIQXQ=-t+kFcRdzL6o=,A4tgQv5cqkc=,24,6
2023-02-10,xIqe+QQIQXQ=,t+kFcRdzL6o=,/M8gHzjxpNU=,t+kFcRdzL6o=-/M8gHzjxpNU=,A4tgQv5cqkc=,23,6
2023-02-10,xIqe+QQIQXQ=,t+kFcRdzL6o=,/M8gHzjxpNU=,xIqe+QQIQXQ=-/M8gHzjxpNU=,A4tgQv5cqkc=,23,6
2023-02-10,xIqe+QQIQXQ=,t+kFcRdzL6o=,/M8gHzjxpNU=,xIqe+QQIQXQ=-t+kFcRdzL6o=,A4tgQv5cqkc=,23,6
2023-02-10,xIqe+QQIQXQ=,t+kFcRdzL6o=,/M8gHzjxpNU=,t+kFcRdzL6o=-/M8gHzjxpNU=,A4tgQv5cqkc=,22,6
2023-02-10,xIqe+QQIQXQ=,t+kFcRdzL6o=,/M8gHzjxpNU=,xIqe+QQIQXQ=-/M8gHzjxpNU=,A4tgQv5cqkc=,22,6
2023-02-10,xIqe+QQIQXQ=,t+kFcRdzL6o=,/M8gHzjxpNU=,xIqe+QQIQXQ=-t+kFcRdzL6o=,A4tgQv5cqkc=,22,6
2023-02-10,xIqe+QQIQXQ=,t+kFcRdzL6o=,/M8gHzjxpNU=,t+kFcRdzL6o=-/M8gHzjxpNU=,A4tgQv5cqkc=,21,6
2023-02-10,xIqe+QQIQXQ=,t+kFcRdzL6o=,/M8gHzjxpNU=,xIqe+QQIQXQ=-/M8gHzjxpNU=,A4tgQv5cqkc=,21,6
2023-02-10,xIqe+QQIQXQ=,t+kFcRdzL6o=,/M8gHzjxpNU=,xIqe+QQIQXQ=-t+kFcRdzL6o=,A4tgQv5cqkc=,21,6
2023-02-10,xIqe+QQIQXQ=,t+kFcRdzL6o=,/M8gHzjxpNU=,t+kFcRdzL6o=-/M8gHzjxpNU=,A4tgQv5cqkc=,20,6
2023-02-10,xIqe+QQIQXQ=,t+kFcRdzL6o=,/M8gHzjxpNU=,xIqe+QQIQXQ=-/M8gHzjxpNU=,A4tgQv5cqkc=,20,6
2023-02-10,xIqe+QQIQXQ=,t+kFcRdzL6o=,/M8gHzjxpNU=,xIqe+QQIQXQ=-t+kFcRdzL6o=,A4tgQv5cqkc=,20,6
2023-02-10,xIqe+QQIQXQ=,t+kFcRdzL6o=,/M8gHzjxpNU=,t+kFcRdzL6o=-/M8gHzjxpNU=,A4tgQv5cqkc=,19,6
2023-02-10,xIqe+QQIQXQ=,t+kFcRdzL6o=,/M8gHzjxpNU=,xIqe+QQIQXQ=-/M8gHzjxpNU=,A4tgQv5cqkc=,19,6
2023-02-10,xIqe+QQIQXQ=,t+kFcRdzL6o=,/M8gHzjxpNU=,xIqe+QQIQXQ=-t+kFcRdzL6o=,A4tgQv5cqkc=,19,6
2023-02-10,xIqe+QQIQXQ=,t+kFcRdzL6o=,/M8gHzjxpNU=,t+kFcRdzL6o=-/M8gHzjxpNU=,A4tgQv5cqkc=,18,8
2023-02-10,xIqe+QQIQXQ=,t+kFcRdzL6o=,/M8gHzjxpNU=,xIqe+QQIQXQ=-/M8gHzjxpNU=,A4tgQv5cqkc=,18,8
2023-02-10,xIqe+QQIQXQ=,t+kFcRdzL6o=,/M8gHzjxpNU=,xIqe+QQIQXQ=-t+kFcRdzL6o=,A4tgQv5cqkc=,18,8
2023-02-10,xIqe+QQIQXQ=,t+kFcRdzL6o=,/M8gHzjxpNU=,t+kFcRdzL6o=-/M8gHzjxpNU=,A4tgQv5cqkc=,17,11
2023-02-10,xIqe+QQIQXQ=,t+kFcRdzL6o=,/M8gHzjxpNU=,xIqe+QQIQXQ=-/M8gHzjxpNU=,A4tgQv5cqkc=,17,11
2023-02-10,xIqe+QQIQXQ=,t+kFcRdzL6o=,/M8gHzjxpNU=,xIqe+QQIQXQ=-t+kFcRdzL6o=,A4tgQv5cqkc=,17,11
2023-02-10,xIqe+QQIQXQ=,t+kFcRdzL6o=,/M8gHzjxpNU=,t+kFcRdzL6o=-/M8gHzjxpNU=,A4tgQv5cqkc=,16,16
2023-02-10,xIqe+QQIQXQ=,t+kFcRdzL6o=,/M8gHzjxpNU=,xIqe+QQIQXQ=-/M8gHzjxpNU=,A4tgQv5cqkc=,16,16
2023-02-10,xIqe+QQIQXQ=,t+kFcRdzL6o=,/M8gHzjxpNU=,xIqe+QQIQXQ=-t+kFcRdzL6o=,A4tgQv5cqkc=,16,16
2023-02-10,xIqe+QQIQXQ=,t+kFcRdzL6o=,/M8gHzjxpNU=,t+kFcRdzL6o=-/M8gHzjxpNU=,A4tgQv5cqkc=,15,17
2023-02-10,xIqe+QQIQXQ=,t+kFcRdzL6o=,/M8gHzjxpNU=,xIqe+QQIQXQ=-/M8gHzjxpNU=,A4tgQv5cqkc=,15,17
2023-02-10,xIqe+QQIQXQ=,t+kFcRdzL6o=,/M8gHzjxpNU=,xIqe+QQIQXQ=-t+kFcRdzL6o=,A4tgQv5cqkc=,15,17
2023-02-10,xIqe+QQIQXQ=,t+kFcRdzL6o=,/M8gHzjxpNU=,t+kFcRdzL6o=-/M8gHzjxpNU=,A4tgQv5cqkc=,14,28
2023-02-10,xIqe+QQIQXQ=,t+kFcRdzL6o=,/M8gHzjxpNU=,xIqe+QQIQXQ=-/M8gHzjxpNU=,A4tgQv5cqkc=,14,28
2023-02-10,xIqe+QQIQXQ=,t+kFcRdzL6o=,/M8gHzjxpNU=,xIqe+QQIQXQ=-t+kFcRdzL6o=,A4tgQv5cqkc=,14,28
2023-02-10,xIqe+QQIQXQ=,t+kFcRdzL6o=,/M8gHzjxpNU=,t+kFcRdzL6o=-/M8gHzjxpNU=,A4tgQv5cqkc=,13,30
2023-02-10,xIqe+QQIQXQ=,t+kFcRdzL6o=,/M8gHzjxpNU=,xIqe+QQIQXQ=-/M8gHzjxpNU=,A4tgQv5cqkc=,13,30
2023-02-10,xIqe+QQIQXQ=,t+kFcRdzL6o=,/M8gHzjxpNU=,xIqe+QQIQXQ=-t+kFcRdzL6o=,A4tgQv5cqkc=,13,30
2023-02-10,xIqe+QQIQXQ=,t+kFcRdzL6o=,/M8gHzjxpNU=,t+kFcRdzL6o=-/M8gHzjxpNU=,A4tgQv5cqkc=,12,36
2023-02-10,xIqe+QQIQXQ=,t+kFcRdzL6o=,/M8gHzjxpNU=,xIqe+QQIQXQ=-/M8gHzjxpNU=,A4tgQv5cqkc=,12,36
2023-02-10,xIqe+QQIQXQ=,t+kFcRdzL6o=,/M8gHzjxpNU=,xIqe+QQIQXQ=-t+kFcRdzL6o=,A4tgQv5cqkc=,12,36
2023-02-10,xIqe+QQIQXQ=,t+kFcRdzL6o=,/M8gHzjxpNU=,t+kFcRdzL6o=-/M8gHzjxpNU=,A4tgQv5cqkc=,11,48
2023-02-10,xIqe+QQIQXQ=,t+kFcRdzL6o=,/M8gHzjxpNU=,xIqe+QQIQXQ=-/M8gHzjxpNU=,A4tgQv5cqkc=,11,48
2023-02-10,xIqe+QQIQXQ=,t+kFcRdzL6o=,/M8gHzjxpNU=,xIqe+QQIQXQ=-t+kFcRdzL6o=,A4tgQv5cqkc=,11,48
2023-02-10,xIqe+QQIQXQ=,t+kFcRdzL6o=,/M8gHzjxpNU=,t+kFcRdzL6o=-/M8gHzjxpNU=,A4tgQv5cqkc=,10,59
2023-02-10,xIqe+QQIQXQ=,t+kFcRdzL6o=,/M8gHzjxpNU=,xIqe+QQIQXQ=-/M8gHzjxpNU=,A4tgQv5cqkc=,10,59
2023-02-10,xIqe+QQIQXQ=,t+kFcRdzL6o=,/M8gHzjxpNU=,xIqe+QQIQXQ=-t+kFcRdzL6o=,A4tgQv5cqkc=,10,59
2023-02-10,xIqe+QQIQXQ=,t+kFcRdzL6o=,/M8gHzjxpNU=,t+kFcRdzL6o=-/M8gHzjxpNU=,A4tgQv5cqkc=,9,64
2023-02-10,xIqe+QQIQXQ=,t+kFcRdzL6o=,/M8gHzjxpNU=,xIqe+QQIQXQ=-/M8gHzjxpNU=,A4tgQv5cqkc=,9,63
2023-02-10,xIqe+QQIQXQ=,t+kFcRdzL6o=,/M8gHzjxpNU=,xIqe+QQIQXQ=-t+kFcRdzL6o=,A4tgQv5cqkc=,9,63
2023-02-10,xIqe+QQIQXQ=,t+kFcRdzL6o=,/M8gHzjxpNU=,t+kFcRdzL6o=-/M8gHzjxpNU=,A4tgQv5cqkc=,8,72
2023-02-10,xIqe+QQIQXQ=,t+kFcRdzL6o=,/M8gHzjxpNU=,xIqe+QQIQXQ=-/M8gHzjxpNU=,A4tgQv5cqkc=,8,71
2023-02-10,xIqe+QQIQXQ=,t+kFcRdzL6o=,/M8gHzjxpNU=,xIqe+QQIQXQ=-t+kFcRdzL6o=,A4tgQv5cqkc=,8,71
2023-02-10,xIqe+QQIQXQ=,t+kFcRdzL6o=,/M8gHzjxpNU=,t+kFcRdzL6o=-/M8gHzjxpNU=,A4tgQv5cqkc=,7,74
2023-02-10,xIqe+QQIQXQ=,t+kFcRdzL6o=,/M8gHzjxpNU=,xIqe+QQIQXQ=-/M8gHzjxpNU=,A4tgQv5cqkc=,7,73
2023-02-10,xIqe+QQIQXQ=,t+kFcRdzL6o=,/M8gHzjxpNU=,xIqe+QQIQXQ=-t+kFcRdzL6o=,A4tgQv5cqkc=,7,73
2023-02-10,xIqe+QQIQXQ=,t+kFcRdzL6o=,/M8gHzjxpNU=,t+kFcRdzL6o=-/M8gHzjxpNU=,A4tgQv5cqkc=,6,81
2023-02-10,xIqe+QQIQXQ=,t+kFcRdzL6o=,/M8gHzjxpNU=,xIqe+QQIQXQ=-/M8gHzjxpNU=,A4tgQv5cqkc=,6,81
2023-02-10,xIqe+QQIQXQ=,t+kFcRdzL6o=,/M8gHzjxpNU=,xIqe+QQIQXQ=-t+kFcRdzL6o=,A4tgQv5cqkc=,6,81
2023-02-10,xIqe+QQIQXQ=,t+kFcRdzL6o=,/M8gHzjxpNU=,t+kFcRdzL6o=-/M8gHzjxpNU=,A4tgQv5cqkc=,5,88
2023-02-10,xIqe+QQIQXQ=,t+kFcRdzL6o=,/M8gHzjxpNU=,xIqe+QQIQXQ=-/M8gHzjxpNU=,A4tgQv5cqkc=,5,88
2023-02-10,xIqe+QQIQXQ=,t+kFcRdzL6o=,/M8gHzjxpNU=,xIqe+QQIQXQ=-t+kFcRdzL6o=,A4tgQv5cqkc=,5,88
2023-02-10,xIqe+QQIQXQ=,t+kFcRdzL6o=,/M8gHzjxpNU=,t+kFcRdzL6o=-/M8gHzjxpNU=,A4tgQv5cqkc=,4,123
2023-02-10,xIqe+QQIQXQ=,t+kFcRdzL6o=,/M8gHzjxpNU=,xIqe+QQIQXQ=-/M8gHzjxpNU=,A4tgQv5cqkc=,4,122
2023-02-10,xIqe+QQIQXQ=,t+kFcRdzL6o=,/M8gHzjxpNU=,xIqe+QQIQXQ=-t+kFcRdzL6o=,A4tgQv5cqkc=,4,122
2023-02-10,xIqe+QQIQXQ=,t+kFcRdzL6o=,/M8gHzjxpNU=,t+kFcRdzL6o=-/M8gHzjxpNU=,A4tgQv5cqkc=,3,139
2023-02-10,xIqe+QQIQXQ=,t+kFcRdzL6o=,/M8gHzjxpNU=,xIqe+QQIQXQ=-/M8gHzjxpNU=,A4tgQv5cqkc=,3,136
2023-02-10,xIqe+QQIQXQ=,t+kFcRdzL6o=,/M8gHzjxpNU=,xIqe+QQIQXQ=-t+kFcRdzL6o=,A4tgQv5cqkc=,3,136
2023-02-10,xIqe+QQIQXQ=,t+kFcRdzL6o=,/M8gHzjxpNU=,t+kFcRdzL6o=-/M8gHzjxpNU=,A4tgQv5cqkc=,2,146
2023-02-10,xIqe+QQIQXQ=,t+kFcRdzL6o=,/M8gHzjxpNU=,xIqe+QQIQXQ=-/M8gHzjxpNU=,A4tgQv5cqkc=,2,142
2023-02-10,xIqe+QQIQXQ=,t+kFcRdzL6o=,/M8gHzjxpNU=,xIqe+QQIQXQ=-t+kFcRdzL6o=,A4tgQv5cqkc=,2,142
2023-02-10,xIqe+QQIQXQ=,t+kFcRdzL6o=,/M8gHzjxpNU=,t+kFcRdzL6o=-/M8gHzjxpNU=,A4tgQv5cqkc=,1,155
2023-02-10,xIqe+QQIQXQ=,t+kFcRdzL6o=,/M8gHzjxpNU=,xIqe+QQIQXQ=-/M8gHzjxpNU=,A4tgQv5cqkc=,1,150
2023-02-10,xIqe+QQIQXQ=,t+kFcRdzL6o=,/M8gHzjxpNU=,xIqe+QQIQXQ=-t+kFcRdzL6o=,A4tgQv5cqkc=,1,150
2023-02-10,xIqe+QQIQXQ=,t+kFcRdzL6o=,/M8gHzjxpNU=,t+kFcRdzL6o=-/M8gHzjxpNU=,A4tgQv5cqkc=,0,161
2023-02-10,xIqe+QQIQXQ=,t+kFcRdzL6o=,/M8gHzjxpNU=,xIqe+QQIQXQ=-/M8gHzjxpNU=,A4tgQv5cqkc=,0,156
2023-02-10,xIqe+QQIQXQ=,t+kFcRdzL6o=,/M8gHzjxpNU=,xIqe+QQIQXQ=-t+kFcRdzL6o=,A4tgQv5cqkc=,0,156
2023-02-10,xIqe+QQIQXQ=,t+kFcRdzL6o=,/M8gHzjxpNU=,t+kFcRdzL6o=-/M8gHzjxpNU=,A4tgQv5cqkc=,-1,161
2023-02-10,xIqe+QQIQXQ=,t+kFcRdzL6o=,/M8gHzjxpNU=,xIqe+QQIQXQ=-/M8gHzjxpNU=,A4tgQv5cqkc=,-1,156
2023-02-10,xIqe+QQIQXQ=,t+kFcRdzL6o=,/M8gHzjxpNU=,xIqe+QQIQXQ=-t+kFcRdzL6o=,A4tgQv5cqkc=,-1,156
2023-02-12,xIqe+QQIQXQ=,t+kFcRdzL6o=,/M8gHzjxpNU=,t+kFcRdzL6o=-/M8gHzjxpNU=,A4tgQv5cqkc=,29,1
2023-02-12,xIqe+QQIQXQ=,t+kFcRdzL6o=,/M8gHzjxpNU=,xIqe+QQIQXQ=-/M8gHzjxpNU=,A4tgQv5cqkc=,29,0
2023-02-12,xIqe+QQIQXQ=,t+kFcRdzL6o=,/M8gHzjxpNU=,xIqe+QQIQXQ=-t+kFcRdzL6o=,A4tgQv5cqkc=,29,0
2023-02-12,xIqe+QQIQXQ=,t+kFcRdzL6o=,/M8gHzjxpNU=,t+kFcRdzL6o=-/M8gHzjxpNU=,A4tgQv5cqkc=,28,1
2023-02-12,xIqe+QQIQXQ=,t+kFcRdzL6o=,/M8gHzjxpNU=,xIqe+QQIQXQ=-/M8gHzjxpNU=,A4tgQv5cqkc=,28,0
2023-02-12,xIqe+QQIQXQ=,t+kFcRdzL6o=,/M8gHzjxpNU=,xIqe+QQIQXQ=-t+kFcRdzL6o=,A4tgQv5cqkc=,28,0
2023-02-12,xIqe+QQIQXQ=,t+kFcRdzL6o=,/M8gHzjxpNU=,t+kFcRdzL6o=-/M8gHzjxpNU=,A4tgQv5cqkc=,27,1
2023-02-12,xIqe+QQIQXQ=,t+kFcRdzL6o=,/M8gHzjxpNU=,xIqe+QQIQXQ=-/M8gHzjxpNU=,A4tgQv5cqkc=,27,0
2023-02-12,xIqe+QQIQXQ=,t+kFcRdzL6o=,/M8gHzjxpNU=,xIqe+QQIQXQ=-t+kFcRdzL6o=,A4tgQv5cqkc=,27,0
2023-02-12,xIqe+QQIQXQ=,t+kFcRdzL6o=,/M8gHzjxpNU=,t+kFcRdzL6o=-/M8gHzjxpNU=,A4tgQv5cqkc=,26,1
2023-02-12,xIqe+QQIQXQ=,t+kFcRdzL6o=,/M8gHzjxpNU=,xIqe+QQIQXQ=-/M8gHzjxpNU=,A4tgQv5cqkc=,26,0
2023-02-12,xIqe+QQIQXQ=,t+kFcRdzL6o=,/M8gHzjxpNU=,xIqe+QQIQXQ=-t+kFcRdzL6o=,A4tgQv5cqkc=,26,0
2023-02-12,xIqe+QQIQXQ=,t+kFcRdzL6o=,/M8gHzjxpNU=,t+kFcRdzL6o=-/M8gHzjxpNU=,A4tgQv5cqkc=,25,1
2023-02-12,xIqe+QQIQXQ=,t+kFcRdzL6o=,/M8gHzjxpNU=,xIqe+QQIQXQ=-/M8gHzjxpNU=,A4tgQv5cqkc=,25,0
2023-02-12,xIqe+QQIQXQ=,t+kFcRdzL6o=,/M8gHzjxpNU=,xIqe+QQIQXQ=-t+kFcRdzL6o=,A4tgQv5cqkc=,25,0
2023-02-12,xIqe+QQIQXQ=,t+kFcRdzL6o=,/M8gHzjxpNU=,t+kFcRdzL6o=-/M8gHzjxpNU=,A4tgQv5cqkc=,24,1
2023-02-12,xIqe+QQIQXQ=,t+kFcRdzL6o=,/M8gHzjxpNU=,xIqe+QQIQXQ=-/M8gHzjxpNU=,A4tgQv5cqkc=,24,0
2023-02-12,xIqe+QQIQXQ=,t+kFcRdzL6o=,/M8gHzjxpNU=,xIqe+QQIQXQ=-t+kFcRdzL6o=,A4tgQv5cqkc=,24,0
2023-02-12,xIqe+QQIQXQ=,t+kFcRdzL6o=,/M8gHzjxpNU=,t+kFcRdzL6o=-/M8gHzjxpNU=,A4tgQv5cqkc=,23,1
2023-02-12,xIqe+QQIQXQ=,t+kFcRdzL6o=,/M8gHzjxpNU=,xIqe+QQIQXQ=-/M8gHzjxpNU=,A4tgQv5cqkc=,23,0
2023-02-12,xIqe+QQIQXQ=,t+kFcRdzL6o=,/M8gHzjxpNU=,xIqe+QQIQXQ=-t+kFcRdzL6o=,A4tgQv5cqkc=,23,0
2023-02-12,xIqe+QQIQXQ=,t+kFcRdzL6o=,/M8gHzjxpNU=,t+kFcRdzL6o=-/M8gHzjxpNU=,A4tgQv5cqkc=,22,1
2023-02-12,xIqe+QQIQXQ=,t+kFcRdzL6o=,/M8gHzjxpNU=,xIqe+QQIQXQ=-/M8gHzjxpNU=,A4tgQv5cqkc=,22,0
2023-02-12,xIqe+QQIQXQ=,t+kFcRdzL6o=,/M8gHzjxpNU=,xIqe+QQIQXQ=-t+kFcRdzL6o=,A4tgQv5cqkc=,22,0
2023-02-12,xIqe+QQIQXQ=,t+kFcRdzL6o=,/M8gHzjxpNU=,t+kFcRdzL6o=-/M8gHzjxpNU=,A4tgQv5cqkc=,21,1
2023-02-12,xIqe+QQIQXQ=,t+kFcRdzL6o=,/M8gHzjxpNU=,xIqe+QQIQXQ=-/M8gHzjxpNU=,A4tgQv5cqkc=,21,0
2023-02-12,xIqe+QQIQXQ=,t+kFcRdzL6o=,/M8gHzjxpNU=,xIqe+QQIQXQ=-t+kFcRdzL6o=,A4tgQv5cqkc=,21,0
2023-02-12,xIqe+QQIQXQ=,t+kFcRdzL6o=,/M8gHzjxpNU=,t+kFcRdzL6o=-/M8gHzjxpNU=,A4tgQv5cqkc=,20,3
2023-02-12,xIqe+QQIQXQ=,t+kFcRdzL6o=,/M8gHzjxpNU=,xIqe+QQIQXQ=-/M8gHzjxpNU=,A4tgQv5cqkc=,20,2
2023-02-12,xIqe+QQIQXQ=,t+kFcRdzL6o=,/M8gHzjxpNU=,xIqe+QQIQXQ=-t+kFcRdzL6o=,A4tgQv5cqkc=,20,2
2023-02-12,xIqe+QQIQXQ=,t+kFcRdzL6o=,/M8gHzjxpNU=,t+kFcRdzL6o=-/M8gHzjxpNU=,A4tgQv5cqkc=,19,3
2023-02-12,xIqe+QQIQXQ=,t+kFcRdzL6o=,/M8gHzjxpNU=,xIqe+QQIQXQ=-/M8gHzjxpNU=,A4tgQv5cqkc=,19,2
2023-02-12,xIqe+QQIQXQ=,t+kFcRdzL6o=,/M8gHzjxpNU=,xIqe+QQIQXQ=-t+kFcRdzL6o=,A4tgQv5cqkc=,19,2
2023-02-12,xIqe+QQIQXQ=,t+kFcRdzL6o=,/M8gHzjxpNU=,t+kFcRdzL6o=-/M8gHzjxpNU=,A4tgQv5cqkc=,18,4
2023-02-12,xIqe+QQIQXQ=,t+kFcRdzL6o=,/M8gHzjxpNU=,xIqe+QQIQXQ=-/M8gHzjxpNU=,A4tgQv5cqkc=,18,3
2023-02-12,xIqe+QQIQXQ=,t+kFcRdzL6o=,/M8gHzjxpNU=,xIqe+QQIQXQ=-t+kFcRdzL6o=,A4tgQv5cqkc=,18,3
2023-02-12,xIqe+QQIQXQ=,t+kFcRdzL6o=,/M8gHzjxpNU=,t+kFcRdzL6o=-/M8gHzjxpNU=,A4tgQv5cqkc=,17,5
2023-02-12,xIqe+QQIQXQ=,t+kFcRdzL6o=,/M8gHzjxpNU=,xIqe+QQIQXQ=-/M8gHzjxpNU=,A4tgQv5cqkc=,17,4
2023-02-12,xIqe+QQIQXQ=,t+kFcRdzL6o=,/M8gHzjxpNU=,xIqe+QQIQXQ=-t+kFcRdzL6o=,A4tgQv5cqkc=,17,4
2023-02-12,xIqe+QQIQXQ=,t+kFcRdzL6o=,/M8gHzjxpNU=,t+kFcRdzL6o=-/M8gHzjxpNU=,A4tgQv5cqkc=,16,8
2023-02-12,xIqe+QQIQXQ=,t+kFcRdzL6o=,/M8gHzjxpNU=,xIqe+QQIQXQ=-/M8gHzjxpNU=,A4tgQv5cqkc=,16,7
2023-02-12,xIqe+QQIQXQ=,t+kFcRdzL6o=,/M8gHzjxpNU=,xIqe+QQIQXQ=-t+kFcRdzL6o=,A4tgQv5cqkc=,16,7
2023-02-12,xIqe+QQIQXQ=,t+kFcRdzL6o=,/M8gHzjxpNU=,t+kFcRdzL6o=-/M8gHzjxpNU=,A4tgQv5cqkc=,15,14
2023-02-12,xIqe+QQIQXQ=,t+kFcRdzL6o=,/M8gHzjxpNU=,xIqe+QQIQXQ=-/M8gHzjxpNU=,A4tgQv5cqkc=,15,13
2023-02-12,xIqe+QQIQXQ=,t+kFcRdzL6o=,/M8gHzjxpNU=,xIqe+QQIQXQ=-t+kFcRdzL6o=,A4tgQv5cqkc=,15,13
2023-02-12,xIqe+QQIQXQ=,t+kFcRdzL6o=,/M8gHzjxpNU=,t+kFcRdzL6o=-/M8gHzjxpNU=,A4tgQv5cqkc=,14,14
2023-02-12,xIqe+QQIQXQ=,t+kFcRdzL6o=,/M8gHzjxpNU=,xIqe+QQIQXQ=-/M8gHzjxpNU=,A4tgQv5cqkc=,14,13
2023-02-12,xIqe+QQIQXQ=,t+kFcRdzL6o=,/M8gHzjxpNU=,xIqe+QQIQXQ=-t+kFcRdzL6o=,A4tgQv5cqkc=,14,13
2023-02-12,xIqe+QQIQXQ=,t+kFcRdzL6o=,/M8gHzjxpNU=,t+kFcRdzL6o=-/M8gHzjxpNU=,A4tgQv5cqkc=,13,17
2023-02-12,xIqe+QQIQXQ=,t+kFcRdzL6o=,/M8gHzjxpNU=,xIqe+QQIQXQ=-/M8gHzjxpNU=,A4tgQv5cqkc=,13,16
2023-02-12,xIqe+QQIQXQ=,t+kFcRdzL6o=,/M8gHzjxpNU=,xIqe+QQIQXQ=-t+kFcRdzL6o=,A4tgQv5cqkc=,13,16
2023-02-12,xIqe+QQIQXQ=,t+kFcRdzL6o=,/M8gHzjxpNU=,t+kFcRdzL6o=-/M8gHzjxpNU=,A4tgQv5cqkc=,12,17
2023-02-12,xIqe+QQIQXQ=,t+kFcRdzL6o=,/M8gHzjxpNU=,xIqe+QQIQXQ=-/M8gHzjxpNU=,A4tgQv5cqkc=,12,16
2023-02-12,xIqe+QQIQXQ=,t+kFcRdzL6o=,/M8gHzjxpNU=,xIqe+QQIQXQ=-t+kFcRdzL6o=,A4tgQv5cqkc=,12,16
2023-02-12,xIqe+QQIQXQ=,t+kFcRdzL6o=,/M8gHzjxpNU=,t+kFcRdzL6o=-/M8gHzjxpNU=,A4tgQv5cqkc=,11,27
2023-02-12,xIqe+QQIQXQ=,t+kFcRdzL6o=,/M8gHzjxpNU=,xIqe+QQIQXQ=-/M8gHzjxpNU=,A4tgQv5cqkc=,11,26
2023-02-12,xIqe+QQIQXQ=,t+kFcRdzL6o=,/M8gHzjxpNU=,xIqe+QQIQXQ=-t+kFcRdzL6o=,A4tgQv5cqkc=,11,26
2023-02-12,xIqe+QQIQXQ=,t+kFcRdzL6o=,/M8gHzjxpNU=,t+kFcRdzL6o=-/M8gHzjxpNU=,A4tgQv5cqkc=,10,33
2023-02-12,xIqe+QQIQXQ=,t+kFcRdzL6o=,/M8gHzjxpNU=,xIqe+QQIQXQ=-/M8gHzjxpNU=,A4tgQv5cqkc=,10,32
2023-02-12,xIqe+QQIQXQ=,t+kFcRdzL6o=,/M8gHzjxpNU=,xIqe+QQIQXQ=-t+kFcRdzL6o=,A4tgQv5cqkc=,10,32
2023-02-12,xIqe+QQIQXQ=,t+kFcRdzL6o=,/M8gHzjxpNU=,t+kFcRdzL6o=-/M8gHzjxpNU=,A4tgQv5cqkc=,9,38
2023-02-12,xIqe+QQIQXQ=,t+kFcRdzL6o=,/M8gHzjxpNU=,xIqe+QQIQXQ=-/M8gHzjxpNU=,A4tgQv5cqkc=,9,37
2023-02-12,xIqe+QQIQXQ=,t+kFcRdzL6o=,/M8gHzjxpNU=,xIqe+QQIQXQ=-t+kFcRdzL6o=,A4tgQv5cqkc=,9,37
2023-02-12,xIqe+QQIQXQ=,t+kFcRdzL6o=,/M8gHzjxpNU=,t+kFcRdzL6o=-/M8gHzjxpNU=,A4tgQv5cqkc=,8,42
2023-02-12,xIqe+QQIQXQ=,t+kFcRdzL6o=,/M8gHzjxpNU=,xIqe+QQIQXQ=-/M8gHzjxpNU=,A4tgQv5cqkc=,8,41
2023-02-12,xIqe+QQIQXQ=,t+kFcRdzL6o=,/M8gHzjxpNU=,xIqe+QQIQXQ=-t+kFcRdzL6o=,A4tgQv5cqkc=,8,41
2023-02-12,xIqe+QQIQXQ=,t+kFcRdzL6o=,/M8gHzjxpNU=,t+kFcRdzL6o=-/M8gHzjxpNU=,A4tgQv5cqkc=,7,48
2023-02-12,xIqe+QQIQXQ=,t+kFcRdzL6o=,/M8gHzjxpNU=,xIqe+QQIQXQ=-/M8gHzjxpNU=,A4tgQv5cqkc=,7,45
2023-02-12,xIqe+QQIQXQ=,t+kFcRdzL6o=,/M8gHzjxpNU=,xIqe+QQIQXQ=-t+kFcRdzL6o=,A4tgQv5cqkc=,7,45
2023-02-12,xIqe+QQIQXQ=,t+kFcRdzL6o=,/M8gHzjxpNU=,t+kFcRdzL6o=-/M8gHzjxpNU=,A4tgQv5cqkc=,6,68
2023-02-12,xIqe+QQIQXQ=,t+kFcRdzL6o=,/M8gHzjxpNU=,xIqe+QQIQXQ=-/M8gHzjxpNU=,A4tgQv5cqkc=,6,64
2023-02-12,xIqe+QQIQXQ=,t+kFcRdzL6o=,/M8gHzjxpNU=,xIqe+QQIQXQ=-t+kFcRdzL6o=,A4tgQv5cqkc=,6,64
2023-02-12,xIqe+QQIQXQ=,t+kFcRdzL6o=,/M8gHzjxpNU=,t+kFcRdzL6o=-/M8gHzjxpNU=,A4tgQv5cqkc=,5,73
2023-02-12,xIqe+QQIQXQ=,t+kFcRdzL6o=,/M8gHzjxpNU=,xIqe+QQIQXQ=-/M8gHzjxpNU=,A4tgQv5cqkc=,5,69
2023-02-12,xIqe+QQIQXQ=,t+kFcRdzL6o=,/M8gHzjxpNU=,xIqe+QQIQXQ=-t+kFcRdzL6o=,A4tgQv5cqkc=,5,69
2023-02-12,xIqe+QQIQXQ=,t+kFcRdzL6o=,/M8gHzjxpNU=,t+kFcRdzL6o=-/M8gHzjxpNU=,A4tgQv5cqkc=,4,105
2023-02-12,xIqe+QQIQXQ=,t+kFcRdzL6o=,/M8gHzjxpNU=,xIqe+QQIQXQ=-/M8gHzjxpNU=,A4tgQv5cqkc=,4,101
2023-02-12,xIqe+QQIQXQ=,t+kFcRdzL6o=,/M8gHzjxpNU=,xIqe+QQIQXQ=-t+kFcRdzL6o=,A4tgQv5cqkc=,4,101
2023-02-12,xIqe+QQIQXQ=,t+kFcRdzL6o=,/M8gHzjxpNU=,t+kFcRdzL6o=-/M8gHzjxpNU=,A4tgQv5cqkc=,3,127
2023-02-12,xIqe+QQIQXQ=,t+kFcRdzL6o=,/M8gHzjxpNU=,xIqe+QQIQXQ=-/M8gHzjxpNU=,A4tgQv5cqkc=,3,123
2023-02-12,xIqe+QQIQXQ=,t+kFcRdzL6o=,/M8gHzjxpNU=,xIqe+QQIQXQ=-t+kFcRdzL6o=,A4tgQv5cqkc=,3,123
2023-02-12,xIqe+QQIQXQ=,t+kFcRdzL6o=,/M8gHzjxpNU=,t+kFcRdzL6o=-/M8gHzjxpNU=,A4tgQv5cqkc=,2,128
2023-02-12,xIqe+QQIQXQ=,t+kFcRdzL6o=,/M8gHzjxpNU=,xIqe+QQIQXQ=-/M8gHzjxpNU=,A4tgQv5cqkc=,2,123
2023-02-12,xIqe+QQIQXQ=,t+kFcRdzL6o=,/M8gHzjxpNU=,xIqe+QQIQXQ=-t+kFcRdzL6o=,A4tgQv5cqkc=,2,123
2023-02-12,xIqe+QQIQXQ=,t+kFcRdzL6o=,/M8gHzjxpNU=,t+kFcRdzL6o=-/M8gHzjxpNU=,A4tgQv5cqkc=,1,150
2023-02-12,xIqe+QQIQXQ=,t+kFcRdzL6o=,/M8gHzjxpNU=,xIqe+QQIQXQ=-/M8gHzjxpNU=,A4tgQv5cqkc=,1,148
2023-02-12,xIqe+QQIQXQ=,t+kFcRdzL6o=,/M8gHzjxpNU=,xIqe+QQIQXQ=-t+kFcRdzL6o=,A4tgQv5cqkc=,1,148
2023-02-12,xIqe+QQIQXQ=,t+kFcRdzL6o=,/M8gHzjxpNU=,t+kFcRdzL6o=-/M8gHzjxpNU=,A4tgQv5cqkc=,0,180
2023-02-12,xIqe+QQIQXQ=,t+kFcRdzL6o=,/M8gHzjxpNU=,xIqe+QQIQXQ=-/M8gHzjxpNU=,A4tgQv5cqkc=,0,177
2023-02-12,xIqe+QQIQXQ=,t+kFcRdzL6o=,/M8gHzjxpNU=,xIqe+QQIQXQ=-t+kFcRdzL6o=,A4tgQv5cqkc=,0,177
2023-02-12,xIqe+QQIQXQ=,t+kFcRdzL6o=,/M8gHzjxpNU=,t+kFcRdzL6o=-/M8gHzjxpNU=,A4tgQv5cqkc=,-1,180
2023-02-12,xIqe+QQIQXQ=,t+kFcRdzL6o=,/M8gHzjxpNU=,xIqe+QQIQXQ=-/M8gHzjxpNU=,A4tgQv5cqkc=,-1,177
2023-02-12,xIqe+QQIQXQ=,t+kFcRdzL6o=,/M8gHzjxpNU=,xIqe+QQIQXQ=-t+kFcRdzL6o=,A4tgQv5cqkc=,-1,177
2023-02-13,xIqe+QQIQXQ=,t+kFcRdzL6o=,/M8gHzjxpNU=,t+kFcRdzL6o=-/M8gHzjxpNU=,A4tgQv5cqkc=,29,10
2023-02-13,xIqe+QQIQXQ=,t+kFcRdzL6o=,/M8gHzjxpNU=,xIqe+QQIQXQ=-/M8gHzjxpNU=,A4tgQv5cqkc=,29,10
2023-02-13,xIqe+QQIQXQ=,t+kFcRdzL6o=,/M8gHzjxpNU=,xIqe+QQIQXQ=-t+kFcRdzL6o=,A4tgQv5cqkc=,29,10
2023-02-13,xIqe+QQIQXQ=,t+kFcRdzL6o=,/M8gHzjxpNU=,t+kFcRdzL6o=-/M8gHzjxpNU=,A4tgQv5cqkc=,28,10
2023-02-13,xIqe+QQIQXQ=,t+kFcRdzL6o=,/M8gHzjxpNU=,xIqe+QQIQXQ=-/M8gHzjxpNU=,A4tgQv5cqkc=,28,10
2023-02-13,xIqe+QQIQXQ=,t+kFcRdzL6o=,/M8gHzjxpNU=,xIqe+QQIQXQ=-t+kFcRdzL6o=,A4tgQv5cqkc=,28,10
2023-02-13,xIqe+QQIQXQ=,t+kFcRdzL6o=,/M8gHzjxpNU=,t+kFcRdzL6o=-/M8gHzjxpNU=,A4tgQv5cqkc=,27,11
2023-02-13,xIqe+QQIQXQ=,t+kFcRdzL6o=,/M8gHzjxpNU=,xIqe+QQIQXQ=-/M8gHzjxpNU=,A4tgQv5cqkc=,27,11
2023-02-13,xIqe+QQIQXQ=,t+kFcRdzL6o=,/M8gHzjxpNU=,xIqe+QQIQXQ=-t+kFcRdzL6o=,A4tgQv5cqkc=,27,11
2023-02-13,xIqe+QQIQXQ=,t+kFcRdzL6o=,/M8gHzjxpNU=,t+kFcRdzL6o=-/M8gHzjxpNU=,A4tgQv5cqkc=,26,11
2023-02-13,xIqe+QQIQXQ=,t+kFcRdzL6o=,/M8gHzjxpNU=,xIqe+QQIQXQ=-/M8gHzjxpNU=,A4tgQv5cqkc=,26,11
2023-02-13,xIqe+QQIQXQ=,t+kFcRdzL6o=,/M8gHzjxpNU=,xIqe+QQIQXQ=-t+kFcRdzL6o=,A4tgQv5cqkc=,26,11
2023-02-13,xIqe+QQIQXQ=,t+kFcRdzL6o=,/M8gHzjxpNU=,t+kFcRdzL6o=-/M8gHzjxpNU=,A4tgQv5cqkc=,25,11
2023-02-13,xIqe+QQIQXQ=,t+kFcRdzL6o=,/M8gHzjxpNU=,xIqe+QQIQXQ=-/M8gHzjxpNU=,A4tgQv5cqkc=,25,11
2023-02-13,xIqe+QQIQXQ=,t+kFcRdzL6o=,/M8gHzjxpNU=,xIqe+QQIQXQ=-t+kFcRdzL6o=,A4tgQv5cqkc=,25,11
2023-02-13,xIqe+QQIQXQ=,t+kFcRdzL6o=,/M8gHzjxpNU=,t+kFcRdzL6o=-/M8gHzjxpNU=,A4tgQv5cqkc=,24,11
2023-02-13,xIqe+QQIQXQ=,t+kFcRdzL6o=,/M8gHzjxpNU=,xIqe+QQIQXQ=-/M8gHzjxpNU=,A4tgQv5cqkc=,24,11
2023-02-13,xIqe+QQIQXQ=,t+kFcRdzL6o=,/M8gHzjxpNU=,xIqe+QQIQXQ=-t+kFcRdzL6o=,A4tgQv5cqkc=,24,11
2023-02-13,xIqe+QQIQXQ=,t+kFcRdzL6o=,/M8gHzjxpNU=,t+kFcRdzL6o=-/M8gHzjxpNU=,A4tgQv5cqkc=,23,11
2023-02-13,xIqe+QQIQXQ=,t+kFcRdzL6o=,/M8gHzjxpNU=,xIqe+QQIQXQ=-/M8gHzjxpNU=,A4tgQv5cqkc=,23,11
2023-02-13,xIqe+QQIQXQ=,t+kFcRdzL6o=,/M8gHzjxpNU=,xIqe+QQIQXQ=-t+kFcRdzL6o=,A4tgQv5cqkc=,23,11
2023-02-13,xIqe+QQIQXQ=,t+kFcRdzL6o=,/M8gHzjxpNU=,t+kFcRdzL6o=-/M8gHzjxpNU=,A4tgQv5cqkc=,22,11
2023-02-13,xIqe+QQIQXQ=,t+kFcRdzL6o=,/M8gHzjxpNU=,xIqe+QQIQXQ=-/M8gHzjxpNU=,A4tgQv5cqkc=,22,11
2023-02-13,xIqe+QQIQXQ=,t+kFcRdzL6o=,/M8gHzjxpNU=,xIqe+QQIQXQ=-t+kFcRdzL6o=,A4tgQv5cqkc=,22,11
2023-02-13,xIqe+QQIQXQ=,t+kFcRdzL6o=,/M8gHzjxpNU=,t+kFcRdzL6o=-/M8gHzjxpNU=,A4tgQv5cqkc=,21,11
2023-02-13,xIqe+QQIQXQ=,t+kFcRdzL6o=,/M8gHzjxpNU=,xIqe+QQIQXQ=-/M8gHzjxpNU=,A4tgQv5cqkc=,21,11
2023-02-13,xIqe+QQIQXQ=,t+kFcRdzL6o=,/M8gHzjxpNU=,xIqe+QQIQXQ=-t+kFcRdzL6o=,A4tgQv5cqkc=,21,11
2023-02-13,xIqe+QQIQXQ=,t+kFcRdzL6o=,/M8gHzjxpNU=,t+kFcRdzL6o=-/M8gHzjxpNU=,A4tgQv5cqkc=,20,11
2023-02-13,xIqe+QQIQXQ=,t+kFcRdzL6o=,/M8gHzjxpNU=,xIqe+QQIQXQ=-/M8gHzjxpNU=,A4tgQv5cqkc=,20,11
2023-02-13,xIqe+QQIQXQ=,t+kFcRdzL6o=,/M8gHzjxpNU=,xIqe+QQIQXQ=-t+kFcRdzL6o=,A4tgQv5cqkc=,20,11
2023-02-13,xIqe+QQIQXQ=,t+kFcRdzL6o=,/M8gHzjxpNU=,t+kFcRdzL6o=-/M8gHzjxpNU=,A4tgQv5cqkc=,19,11
2023-02-13,xIqe+QQIQXQ=,t+kFcRdzL6o=,/M8gHzjxpNU=,xIqe+QQIQXQ=-/M8gHzjxpNU=,A4tgQv5cqkc=,19,11
2023-02-13,xIqe+QQIQXQ=,t+kFcRdzL6o=,/M8gHzjxpNU=,xIqe+QQIQXQ=-t+kFcRdzL6o=,A4tgQv5cqkc=,19,11
2023-02-13,xIqe+QQIQXQ=,t+kFcRdzL6o=,/M8gHzjxpNU=,t+kFcRdzL6o=-/M8gHzjxpNU=,A4tgQv5cqkc=,18,11
2023-02-13,xIqe+QQIQXQ=,t+kFcRdzL6o=,/M8gHzjxpNU=,xIqe+QQIQXQ=-/M8gHzjxpNU=,A4tgQv5cqkc=,18,11
2023-02-13,xIqe+QQIQXQ=,t+kFcRdzL6o=,/M8gHzjxpNU=,xIqe+QQIQXQ=-t+kFcRdzL6o=,A4tgQv5cqkc=,18,11
2023-02-13,xIqe+QQIQXQ=,t+kFcRdzL6o=,/M8gHzjxpNU=,t+kFcRdzL6o=-/M8gHzjxpNU=,A4tgQv5cqkc=,17,11
2023-02-13,xIqe+QQIQXQ=,t+kFcRdzL6o=,/M8gHzjxpNU=,xIqe+QQIQXQ=-/M8gHzjxpNU=,A4tgQv5cqkc=,17,11
2023-02-13,xIqe+QQIQXQ=,t+kFcRdzL6o=,/M8gHzjxpNU=,xIqe+QQIQXQ=-t+kFcRdzL6o=,A4tgQv5cqkc=,17,11
2023-02-13,xIqe+QQIQXQ=,t+kFcRdzL6o=,/M8gHzjxpNU=,t+kFcRdzL6o=-/M8gHzjxpNU=,A4tgQv5cqkc=,16,11
2023-02-13,xIqe+QQIQXQ=,t+kFcRdzL6o=,/M8gHzjxpNU=,xIqe+QQIQXQ=-/M8gHzjxpNU=,A4tgQv5cqkc=,16,11
2023-02-13,xIqe+QQIQXQ=,t+kFcRdzL6o=,/M8gHzjxpNU=,xIqe+QQIQXQ=-t+kFcRdzL6o=,A4tgQv5cqkc=,16,11
2023-02-13,xIqe+QQIQXQ=,t+kFcRdzL6o=,/M8gHzjxpNU=,t+kFcRdzL6o=-/M8gHzjxpNU=,A4tgQv5cqkc=,15,11
2023-02-13,xIqe+QQIQXQ=,t+kFcRdzL6o=,/M8gHzjxpNU=,xIqe+QQIQXQ=-/M8gHzjxpNU=,A4tgQv5cqkc=,15,11
2023-02-13,xIqe+QQIQXQ=,t+kFcRdzL6o=,/M8gHzjxpNU=,xIqe+QQIQXQ=-t+kFcRdzL6o=,A4tgQv5cqkc=,15,11
2023-02-13,xIqe+QQIQXQ=,t+kFcRdzL6o=,/M8gHzjxpNU=,t+kFcRdzL6o=-/M8gHzjxpNU=,A4tgQv5cqkc=,14,11
2023-02-13,xIqe+QQIQXQ=,t+kFcRdzL6o=,/M8gHzjxpNU=,xIqe+QQIQXQ=-/M8gHzjxpNU=,A4tgQv5cqkc=,14,11
2023-02-13,xIqe+QQIQXQ=,t+kFcRdzL6o=,/M8gHzjxpNU=,xIqe+QQIQXQ=-t+kFcRdzL6o=,A4tgQv5cqkc=,14,11
2023-02-13,xIqe+QQIQXQ=,t+kFcRdzL6o=,/M8gHzjxpNU=,t+kFcRdzL6o=-/M8gHzjxpNU=,A4tgQv5cqkc=,13,11
2023-02-13,xIqe+QQIQXQ=,t+kFcRdzL6o=,/M8gHzjxpNU=,xIqe+QQIQXQ=-/M8gHzjxpNU=,A4tgQv5cqkc=,13,11
2023-02-13,xIqe+QQIQXQ=,t+kFcRdzL6o=,/M8gHzjxpNU=,xIqe+QQIQXQ=-t+kFcRdzL6o=,A4tgQv5cqkc=,13,11
2023-02-13,xIqe+QQIQXQ=,t+kFcRdzL6o=,/M8gHzjxpNU=,t+kFcRdzL6o=-/M8gHzjxpNU=,A4tgQv5cqkc=,12,15
2023-02-13,xIqe+QQIQXQ=,t+kFcRdzL6o=,/M8gHzjxpNU=,xIqe+QQIQXQ=-/M8gHzjxpNU=,A4tgQv5cqkc=,12,15
2023-02-13,xIqe+QQIQXQ=,t+kFcRdzL6o=,/M8gHzjxpNU=,xIqe+QQIQXQ=-t+kFcRdzL6o=,A4tgQv5cqkc=,12,15
2023-02-13,xIqe+QQIQXQ=,t+kFcRdzL6o=,/M8gHzjxpNU=,t+kFcRdzL6o=-/M8gHzjxpNU=,A4tgQv5cqkc=,11,18
2023-02-13,xIqe+QQIQXQ=,t+kFcRdzL6o=,/M8gHzjxpNU=,xIqe+QQIQXQ=-/M8gHzjxpNU=,A4tgQv5cqkc=,11,18
2023-02-13,xIqe+QQIQXQ=,t+kFcRdzL6o=,/M8gHzjxpNU=,xIqe+QQIQXQ=-t+kFcRdzL6o=,A4tgQv5cqkc=,11,18
2023-02-13,xIqe+QQIQXQ=,t+kFcRdzL6o=,/M8gHzjxpNU=,t+kFcRdzL6o=-/M8gHzjxpNU=,A4tgQv5cqkc=,10,29
2023-02-13,xIqe+QQIQXQ=,t+kFcRdzL6o=,/M8gHzjxpNU=,xIqe+QQIQXQ=-/M8gHzjxpNU=,A4tgQv5cqkc=,10,29
2023-02-13,xIqe+QQIQXQ=,t+kFcRdzL6o=,/M8gHzjxpNU=,xIqe+QQIQXQ=-t+kFcRdzL6o=,A4tgQv5cqkc=,10,29
2023-02-13,xIqe+QQIQXQ=,t+kFcRdzL6o=,/M8gHzjxpNU=,t+kFcRdzL6o=-/M8gHzjxpNU=,A4tgQv5cqkc=,9,31
2023-02-13,xIqe+QQIQXQ=,t+kFcRdzL6o=,/M8gHzjxpNU=,xIqe+QQIQXQ=-/M8gHzjxpNU=,A4tgQv5cqkc=,9,31
2023-02-13,xIqe+QQIQXQ=,t+kFcRdzL6o=,/M8gHzjxpNU=,xIqe+QQIQXQ=-t+kFcRdzL6o=,A4tgQv5cqkc=,9,31
2023-02-13,xIqe+QQIQXQ=,t+kFcRdzL6o=,/M8gHzjxpNU=,t+kFcRdzL6o=-/M8gHzjxpNU=,A4tgQv5cqkc=,8,31
2023-02-13,xIqe+QQIQXQ=,t+kFcRdzL6o=,/M8gHzjxpNU=,xIqe+QQIQXQ=-/M8gHzjxpNU=,A4tgQv5cqkc=,8,31
2023-02-13,xIqe+QQIQXQ=,t+kFcRdzL6o=,/M8gHzjxpNU=,xIqe+QQIQXQ=-t+kFcRdzL6o=,A4tgQv5cqkc=,8,31
2023-02-13,xIqe+QQIQXQ=,t+kFcRdzL6o=,/M8gHzjxpNU=,t+kFcRdzL6o=-/M8gHzjxpNU=,A4tgQv5cqkc=,7,31
2023-02-13,xIqe+QQIQXQ=,t+kFcRdzL6o=,/M8gHzjxpNU=,xIqe+QQIQXQ=-/M8gHzjxpNU=,A4tgQv5cqkc=,7,31
2023-02-13,xIqe+QQIQXQ=,t+kFcRdzL6o=,/M8gHzjxpNU=,xIqe+QQIQXQ=-t+kFcRdzL6o=,A4tgQv5cqkc=,7,31
2023-02-13,xIqe+QQIQXQ=,t+kFcRdzL6o=,/M8gHzjxpNU=,t+kFcRdzL6o=-/M8gHzjxpNU=,A4tgQv5cqkc=,6,50
2023-02-13,xIqe+QQIQXQ=,t+kFcRdzL6o=,/M8gHzjxpNU=,xIqe+QQIQXQ=-/M8gHzjxpNU=,A4tgQv5cqkc=,6,50
2023-02-13,xIqe+QQIQXQ=,t+kFcRdzL6o=,/M8gHzjxpNU=,xIqe+QQIQXQ=-t+kFcRdzL6o=,A4tgQv5cqkc=,6,50
2023-02-13,xIqe+QQIQXQ=,t+kFcRdzL6o=,/M8gHzjxpNU=,t+kFcRdzL6o=-/M8gHzjxpNU=,A4tgQv5cqkc=,5,61
2023-02-13,xIqe+QQIQXQ=,t+kFcRdzL6o=,/M8gHzjxpNU=,xIqe+QQIQXQ=-/M8gHzjxpNU=,A4tgQv5cqkc=,5,62
2023-02-13,xIqe+QQIQXQ=,t+kFcRdzL6o=,/M8gHzjxpNU=,xIqe+QQIQXQ=-t+kFcRdzL6o=,A4tgQv5cqkc=,5,62
2023-02-13,xIqe+QQIQXQ=,t+kFcRdzL6o=,/M8gHzjxpNU=,t+kFcRdzL6o=-/M8gHzjxpNU=,A4tgQv5cqkc=,4,70
2023-02-13,xIqe+QQIQXQ=,t+kFcRdzL6o=,/M8gHzjxpNU=,xIqe+QQIQXQ=-/M8gHzjxpNU=,A4tgQv5cqkc=,4,71
2023-02-13,xIqe+QQIQXQ=,t+kFcRdzL6o=,/M8gHzjxpNU=,xIqe+QQIQXQ=-t+kFcRdzL6o=,A4tgQv5cqkc=,4,71
2023-02-13,xIqe+QQIQXQ=,t+kFcRdzL6o=,/M8gHzjxpNU=,t+kFcRdzL6o=-/M8gHzjxpNU=,A4tgQv5cqkc=,3,109
2023-02-13,xIqe+QQIQXQ=,t+kFcRdzL6o=,/M8gHzjxpNU=,xIqe+QQIQXQ=-/M8gHzjxpNU=,A4tgQv5cqkc=,3,111
2023-02-13,xIqe+QQIQXQ=,t+kFcRdzL6o=,/M8gHzjxpNU=,xIqe+QQIQXQ=-t+kFcRdzL6o=,A4tgQv5cqkc=,3,111
2023-02-13,xIqe+QQIQXQ=,t+kFcRdzL6o=,/M8gHzjxpNU=,t+kFcRdzL6o=-/M8gHzjxpNU=,A4tgQv5cqkc=,2,133
2023-02-13,xIqe+QQIQXQ=,t+kFcRdzL6o=,/M8gHzjxpNU=,xIqe+QQIQXQ=-/M8gHzjxpNU=,A4tgQv5cqkc=,2,135
2023-02-13,xIqe+QQIQXQ=,t+kFcRdzL6o=,/M8gHzjxpNU=,xIqe+QQIQXQ=-t+kFcRdzL6o=,A4tgQv5cqkc=,2,135
2023-02-13,xIqe+QQIQXQ=,t+kFcRdzL6o=,/M8gHzjxpNU=,t+kFcRdzL6o=-/M8gHzjxpNU=,A4tgQv5cqkc=,1,149
2023-02-13,xIqe+QQIQXQ=,t+kFcRdzL6o=,/M8gHzjxpNU=,xIqe+QQIQXQ=-/M8gHzjxpNU=,A4tgQv5cqkc=,1,153
2023-02-13,xIqe+QQIQXQ=,t+kFcRdzL6o=,/M8gHzjxpNU=,xIqe+QQIQXQ=-t+kFcRdzL6o=,A4tgQv5cqkc=,1,153
2023-02-13,xIqe+QQIQXQ=,t+kFcRdzL6o=,/M8gHzjxpNU=,t+kFcRdzL6o=-/M8gHzjxpNU=,A4tgQv5cqkc=,0,171
2023-02-13,xIqe+QQIQXQ=,t+kFcRdzL6o=,/M8gHzjxpNU=,xIqe+QQIQXQ=-/M8gHzjxpNU=,A4tgQv5cqkc=,0,174
2023-02-13,xIqe+QQIQXQ=,t+kFcRdzL6o=,/M8gHzjxpNU=,xIqe+QQIQXQ=-t+kFcRdzL6o=,A4tgQv5cqkc=,0,174
2023-02-13,xIqe+QQIQXQ=,t+kFcRdzL6o=,/M8gHzjxpNU=,t+kFcRdzL6o=-/M8gHzjxpNU=,A4tgQv5cqkc=,-1,171
2023-02-13,xIqe+QQIQXQ=,t+kFcRdzL6o=,/M8gHzjxpNU=,xIqe+QQIQXQ=-/M8gHzjxpNU=,A4tgQv5cqkc=,-1,174
2023-02-13,xIqe+QQIQXQ=,t+kFcRdzL6o=,/M8gHzjxpNU=,xIqe+QQIQXQ=-t+kFcRdzL6o=,A4tgQv5cqkc=,-1,174
2023-02-15,xIqe+QQIQXQ=,t+kFcRdzL6o=,/M8gHzjxpNU=,t+kFcRdzL6o=-/M8gHzjxpNU=,A4tgQv5cqkc=,29,0
2023-02-15,xIqe+QQIQXQ=,t+kFcRdzL6o=,/M8gHzjxpNU=,xIqe+QQIQXQ=-/M8gHzjxpNU=,A4tgQv5cqkc=,29,0
2023-02-15,xIqe+QQIQXQ=,t+kFcRdzL6o=,/M8gHzjxpNU=,xIqe+QQIQXQ=-t+kFcRdzL6o=,A4tgQv5cqkc=,29,0
2023-02-15,xIqe+QQIQXQ=,t+kFcRdzL6o=,/M8gHzjxpNU=,t+kFcRdzL6o=-/M8gHzjxpNU=,A4tgQv5cqkc=,28,0
2023-02-15,xIqe+QQIQXQ=,t+kFcRdzL6o=,/M8gHzjxpNU=,xIqe+QQIQXQ=-/M8gHzjxpNU=,A4tgQv5cqkc=,28,0
2023-02-15,xIqe+QQIQXQ=,t+kFcRdzL6o=,/M8gHzjxpNU=,xIqe+QQIQXQ=-t+kFcRdzL6o=,A4tgQv5cqkc=,28,0
2023-02-15,xIqe+QQIQXQ=,t+kFcRdzL6o=,/M8gHzjxpNU=,t+kFcRdzL6o=-/M8gHzjxpNU=,A4tgQv5cqkc=,27,0
2023-02-15,xIqe+QQIQXQ=,t+kFcRdzL6o=,/M8gHzjxpNU=,xIqe+QQIQXQ=-/M8gHzjxpNU=,A4tgQv5cqkc=,27,0
2023-02-15,xIqe+QQIQXQ=,t+kFcRdzL6o=,/M8gHzjxpNU=,xIqe+QQIQXQ=-t+kFcRdzL6o=,A4tgQv5cqkc=,27,0
2023-02-15,xIqe+QQIQXQ=,t+kFcRdzL6o=,/M8gHzjxpNU=,t+kFcRdzL6o=-/M8gHzjxpNU=,A4tgQv5cqkc=,26,0
2023-02-15,xIqe+QQIQXQ=,t+kFcRdzL6o=,/M8gHzjxpNU=,xIqe+QQIQXQ=-/M8gHzjxpNU=,A4tgQv5cqkc=,26,0
2023-02-15,xIqe+QQIQXQ=,t+kFcRdzL6o=,/M8gHzjxpNU=,xIqe+QQIQXQ=-t+kFcRdzL6o=,A4tgQv5cqkc=,26,0
2023-02-15,xIqe+QQIQXQ=,t+kFcRdzL6o=,/M8gHzjxpNU=,t+kFcRdzL6o=-/M8gHzjxpNU=,A4tgQv5cqkc=,25,0
2023-02-15,xIqe+QQIQXQ=,t+kFcRdzL6o=,/M8gHzjxpNU=,xIqe+QQIQXQ=-/M8gHzjxpNU=,A4tgQv5cqkc=,25,0
2023-02-15,xIqe+QQIQXQ=,t+kFcRdzL6o=,/M8gHzjxpNU=,xIqe+QQIQXQ=-t+kFcRdzL6o=,A4tgQv5cqkc=,25,0
2023-02-15,xIqe+QQIQXQ=,t+kFcRdzL6o=,/M8gHzjxpNU=,t+kFcRdzL6o=-/M8gHzjxpNU=,A4tgQv5cqkc=,24,0
2023-02-15,xIqe+QQIQXQ=,t+kFcRdzL6o=,/M8gHzjxpNU=,xIqe+QQIQXQ=-/M8gHzjxpNU=,A4tgQv5cqkc=,24,0
2023-02-15,xIqe+QQIQXQ=,t+kFcRdzL6o=,/M8gHzjxpNU=,xIqe+QQIQXQ=-t+kFcRdzL6o=,A4tgQv5cqkc=,24,0
2023-02-15,xIqe+QQIQXQ=,t+kFcRdzL6o=,/M8gHzjxpNU=,t+kFcRdzL6o=-/M8gHzjxpNU=,A4tgQv5cqkc=,23,0
2023-02-15,xIqe+QQIQXQ=,t+kFcRdzL6o=,/M8gHzjxpNU=,xIqe+QQIQXQ=-/M8gHzjxpNU=,A4tgQv5cqkc=,23,0
2023-02-15,xIqe+QQIQXQ=,t+kFcRdzL6o=,/M8gHzjxpNU=,xIqe+QQIQXQ=-t+kFcRdzL6o=,A4tgQv5cqkc=,23,0
2023-02-15,xIqe+QQIQXQ=,t+kFcRdzL6o=,/M8gHzjxpNU=,t+kFcRdzL6o=-/M8gHzjxpNU=,A4tgQv5cqkc=,22,0
2023-02-15,xIqe+QQIQXQ=,t+kFcRdzL6o=,/M8gHzjxpNU=,xIqe+QQIQXQ=-/M8gHzjxpNU=,A4tgQv5cqkc=,22,0
2023-02-15,xIqe+QQIQXQ=,t+kFcRdzL6o=,/M8gHzjxpNU=,xIqe+QQIQXQ=-t+kFcRdzL6o=,A4tgQv5cqkc=,22,0
2023-02-15,xIqe+QQIQXQ=,t+kFcRdzL6o=,/M8gHzjxpNU=,t+kFcRdzL6o=-/M8gHzjxpNU=,A4tgQv5cqkc=,21,0
2023-02-15,xIqe+QQIQXQ=,t+kFcRdzL6o=,/M8gHzjxpNU=,xIqe+QQIQXQ=-/M8gHzjxpNU=,A4tgQv5cqkc=,21,0
2023-02-15,xIqe+QQIQXQ=,t+kFcRdzL6o=,/M8gHzjxpNU=,xIqe+QQIQXQ=-t+kFcRdzL6o=,A4tgQv5cqkc=,21,0
2023-02-15,xIqe+QQIQXQ=,t+kFcRdzL6o=,/M8gHzjxpNU=,t+kFcRdzL6o=-/M8gHzjxpNU=,A4tgQv5cqkc=,20,0
2023-02-15,xIqe+QQIQXQ=,t+kFcRdzL6o=,/M8gHzjxpNU=,xIqe+QQIQXQ=-/M8gHzjxpNU=,A4tgQv5cqkc=,20,0
2023-02-15,xIqe+QQIQXQ=,t+kFcRdzL6o=,/M8gHzjxpNU=,xIqe+QQIQXQ=-t+kFcRdzL6o=,A4tgQv5cqkc=,20,0
2023-02-15,xIqe+QQIQXQ=,t+kFcRdzL6o=,/M8gHzjxpNU=,t+kFcRdzL6o=-/M8gHzjxpNU=,A4tgQv5cqkc=,19,0
2023-02-15,xIqe+QQIQXQ=,t+kFcRdzL6o=,/M8gHzjxpNU=,xIqe+QQIQXQ=-/M8gHzjxpNU=,A4tgQv5cqkc=,19,0
2023-02-15,xIqe+QQIQXQ=,t+kFcRdzL6o=,/M8gHzjxpNU=,xIqe+QQIQXQ=-t+kFcRdzL6o=,A4tgQv5cqkc=,19,0
2023-02-15,xIqe+QQIQXQ=,t+kFcRdzL6o=,/M8gHzjxpNU=,t+kFcRdzL6o=-/M8gHzjxpNU=,A4tgQv5cqkc=,18,0
2023-02-15,xIqe+QQIQXQ=,t+kFcRdzL6o=,/M8gHzjxpNU=,xIqe+QQIQXQ=-/M8gHzjxpNU=,A4tgQv5cqkc=,18,0
2023-02-15,xIqe+QQIQXQ=,t+kFcRdzL6o=,/M8gHzjxpNU=,xIqe+QQIQXQ=-t+kFcRdzL6o=,A4tgQv5cqkc=,18,0
2023-02-15,xIqe+QQIQXQ=,t+kFcRdzL6o=,/M8gHzjxpNU=,t+kFcRdzL6o=-/M8gHzjxpNU=,A4tgQv5cqkc=,17,0
2023-02-15,xIqe+QQIQXQ=,t+kFcRdzL6o=,/M8gHzjxpNU=,xIqe+QQIQXQ=-/M8gHzjxpNU=,A4tgQv5cqkc=,17,0
2023-02-15,xIqe+QQIQXQ=,t+kFcRdzL6o=,/M8gHzjxpNU=,xIqe+QQIQXQ=-t+kFcRdzL6o=,A4tgQv5cqkc=,17,0
2023-02-15,xIqe+QQIQXQ=,t+kFcRdzL6o=,/M8gHzjxpNU=,t+kFcRdzL6o=-/M8gHzjxpNU=,A4tgQv5cqkc=,16,0
2023-02-15,xIqe+QQIQXQ=,t+kFcRdzL6o=,/M8gHzjxpNU=,xIqe+QQIQXQ=-/M8gHzjxpNU=,A4tgQv5cqkc=,16,0
2023-02-15,xIqe+QQIQXQ=,t+kFcRdzL6o=,/M8gHzjxpNU=,xIqe+QQIQXQ=-t+kFcRdzL6o=,A4tgQv5cqkc=,16,0
2023-02-15,xIqe+QQIQXQ=,t+kFcRdzL6o=,/M8gHzjxpNU=,t+kFcRdzL6o=-/M8gHzjxpNU=,A4tgQv5cqkc=,15,0
2023-02-15,xIqe+QQIQXQ=,t+kFcRdzL6o=,/M8gHzjxpNU=,xIqe+QQIQXQ=-/M8gHzjxpNU=,A4tgQv5cqkc=,15,0
2023-02-15,xIqe+QQIQXQ=,t+kFcRdzL6o=,/M8gHzjxpNU=,xIqe+QQIQXQ=-t+kFcRdzL6o=,A4tgQv5cqkc=,15,0
2023-02-15,xIqe+QQIQXQ=,t+kFcRdzL6o=,/M8gHzjxpNU=,t+kFcRdzL6o=-/M8gHzjxpNU=,A4tgQv5cqkc=,14,1
2023-02-15,xIqe+QQIQXQ=,t+kFcRdzL6o=,/M8gHzjxpNU=,xIqe+QQIQXQ=-/M8gHzjxpNU=,A4tgQv5cqkc=,14,1
2023-02-15,xIqe+QQIQXQ=,t+kFcRdzL6o=,/M8gHzjxpNU=,xIqe+QQIQXQ=-t+kFcRdzL6o=,A4tgQv5cqkc=,14,1
2023-02-15,xIqe+QQIQXQ=,t+kFcRdzL6o=,/M8gHzjxpNU=,t+kFcRdzL6o=-/M8gHzjxpNU=,A4tgQv5cqkc=,13,1
2023-02-15,xIqe+QQIQXQ=,t+kFcRdzL6o=,/M8gHzjxpNU=,xIqe+QQIQXQ=-/M8gHzjxpNU=,A4tgQv5cqkc=,13,1
2023-02-15,xIqe+QQIQXQ=,t+kFcRdzL6o=,/M8gHzjxpNU=,xIqe+QQIQXQ=-t+kFcRdzL6o=,A4tgQv5cqkc=,13,1
2023-02-15,xIqe+QQIQXQ=,t+kFcRdzL6o=,/M8gHzjxpNU=,t+kFcRdzL6o=-/M8gHzjxpNU=,A4tgQv5cqkc=,12,3
2023-02-15,xIqe+QQIQXQ=,t+kFcRdzL6o=,/M8gHzjxpNU=,xIqe+QQIQXQ=-/M8gHzjxpNU=,A4tgQv5cqkc=,12,3
2023-02-15,xIqe+QQIQXQ=,t+kFcRdzL6o=,/M8gHzjxpNU=,xIqe+QQIQXQ=-t+kFcRdzL6o=,A4tgQv5cqkc=,12,3
2023-02-15,xIqe+QQIQXQ=,t+kFcRdzL6o=,/M8gHzjxpNU=,t+kFcRdzL6o=-/M8gHzjxpNU=,A4tgQv5cqkc=,11,9
2023-02-15,xIqe+QQIQXQ=,t+kFcRdzL6o=,/M8gHzjxpNU=,xIqe+QQIQXQ=-/M8gHzjxpNU=,A4tgQv5cqkc=,11,12
2023-02-15,xIqe+QQIQXQ=,t+kFcRdzL6o=,/M8gHzjxpNU=,xIqe+QQIQXQ=-t+kFcRdzL6o=,A4tgQv5cqkc=,11,12
2023-02-15,xIqe+QQIQXQ=,t+kFcRdzL6o=,/M8gHzjxpNU=,t+kFcRdzL6o=-/M8gHzjxpNU=,A4tgQv5cqkc=,10,14
2023-02-15,xIqe+QQIQXQ=,t+kFcRdzL6o=,/M8gHzjxpNU=,xIqe+QQIQXQ=-/M8gHzjxpNU=,A4tgQv5cqkc=,10,17
2023-02-15,xIqe+QQIQXQ=,t+kFcRdzL6o=,/M8gHzjxpNU=,xIqe+QQIQXQ=-t+kFcRdzL6o=,A4tgQv5cqkc=,10,17
2023-02-15,xIqe+QQIQXQ=,t+kFcRdzL6o=,/M8gHzjxpNU=,t+kFcRdzL6o=-/M8gHzjxpNU=,A4tgQv5cqkc=,9,15
2023-02-15,xIqe+QQIQXQ=,t+kFcRdzL6o=,/M8gHzjxpNU=,xIqe+QQIQXQ=-/M8gHzjxpNU=,A4tgQv5cqkc=,9,18
2023-02-15,xIqe+QQIQXQ=,t+kFcRdzL6o=,/M8gHzjxpNU=,xIqe+QQIQXQ=-t+kFcRdzL6o=,A4tgQv5cqkc=,9,18
2023-02-15,xIqe+QQIQXQ=,t+kFcRdzL6o=,/M8gHzjxpNU=,t+kFcRdzL6o=-/M8gHzjxpNU=,A4tgQv5cqkc=,8,23
2023-02-15,xIqe+QQIQXQ=,t+kFcRdzL6o=,/M8gHzjxpNU=,xIqe+QQIQXQ=-/M8gHzjxpNU=,A4tgQv5cqkc=,8,26
2023-02-15,xIqe+QQIQXQ=,t+kFcRdzL6o=,/M8gHzjxpNU=,xIqe+QQIQXQ=-t+kFcRdzL6o=,A4tgQv5cqkc=,8,26
2023-02-15,xIqe+QQIQXQ=,t+kFcRdzL6o=,/M8gHzjxpNU=,t+kFcRdzL6o=-/M8gHzjxpNU=,A4tgQv5cqkc=,7,27
2023-02-15,xIqe+QQIQXQ=,t+kFcRdzL6o=,/M8gHzjxpNU=,xIqe+QQIQXQ=-/M8gHzjxpNU=,A4tgQv5cqkc=,7,29
2023-02-15,xIqe+QQIQXQ=,t+kFcRdzL6o=,/M8gHzjxpNU=,xIqe+QQIQXQ=-t+kFcRdzL6o=,A4tgQv5cqkc=,7,29
2023-02-15,xIqe+QQIQXQ=,t+kFcRdzL6o=,/M8gHzjxpNU=,t+kFcRdzL6o=-/M8gHzjxpNU=,A4tgQv5cqkc=,6,41
2023-02-15,xIqe+QQIQXQ=,t+kFcRdzL6o=,/M8gHzjxpNU=,xIqe+QQIQXQ=-/M8gHzjxpNU=,A4tgQv5cqkc=,6,42
2023-02-15,xIqe+QQIQXQ=,t+kFcRdzL6o=,/M8gHzjxpNU=,xIqe+QQIQXQ=-t+kFcRdzL6o=,A4tgQv5cqkc=,6,42
2023-02-15,xIqe+QQIQXQ=,t+kFcRdzL6o=,/M8gHzjxpNU=,t+kFcRdzL6o=-/M8gHzjxpNU=,A4tgQv5cqkc=,5,57
2023-02-15,xIqe+QQIQXQ=,t+kFcRdzL6o=,/M8gHzjxpNU=,xIqe+QQIQXQ=-/M8gHzjxpNU=,A4tgQv5cqkc=,5,58
2023-02-15,xIqe+QQIQXQ=,t+kFcRdzL6o=,/M8gHzjxpNU=,xIqe+QQIQXQ=-t+kFcRdzL6o=,A4tgQv5cqkc=,5,58
2023-02-15,xIqe+QQIQXQ=,t+kFcRdzL6o=,/M8gHzjxpNU=,t+kFcRdzL6o=-/M8gHzjxpNU=,A4tgQv5cqkc=,4,90
2023-02-15,xIqe+QQIQXQ=,t+kFcRdzL6o=,/M8gHzjxpNU=,xIqe+QQIQXQ=-/M8gHzjxpNU=,A4tgQv5cqkc=,4,92
2023-02-15,xIqe+QQIQXQ=,t+kFcRdzL6o=,/M8gHzjxpNU=,xIqe+QQIQXQ=-t+kFcRdzL6o=,A4tgQv5cqkc=,4,92
2023-02-15,xIqe+QQIQXQ=,t+kFcRdzL6o=,/M8gHzjxpNU=,t+kFcRdzL6o=-/M8gHzjxpNU=,A4tgQv5cqkc=,3,108
2023-02-15,xIqe+QQIQXQ=,t+kFcRdzL6o=,/M8gHzjxpNU=,xIqe+QQIQXQ=-/M8gHzjxpNU=,A4tgQv5cqkc=,3,107
2023-02-15,xIqe+QQIQXQ=,t+kFcRdzL6o=,/M8gHzjxpNU=,xIqe+QQIQXQ=-t+kFcRdzL6o=,A4tgQv5cqkc=,3,107
2023-02-15,xIqe+QQIQXQ=,t+kFcRdzL6o=,/M8gHzjxpNU=,t+kFcRdzL6o=-/M8gHzjxpNU=,A4tgQv5cqkc=,2,124
2023-02-15,xIqe+QQIQXQ=,t+kFcRdzL6o=,/M8gHzjxpNU=,xIqe+QQIQXQ=-/M8gHzjxpNU=,A4tgQv5cqkc=,2,128
2023-02-15,xIqe+QQIQXQ=,t+kFcRdzL6o=,/M8gHzjxpNU=,xIqe+QQIQXQ=-t+kFcRdzL6o=,A4tgQv5cqkc=,2,128
2023-02-15,xIqe+QQIQXQ=,t+kFcRdzL6o=,/M8gHzjxpNU=,t+kFcRdzL6o=-/M8gHzjxpNU=,A4tgQv5cqkc=,1,132
2023-02-15,xIqe+QQIQXQ=,t+kFcRdzL6o=,/M8gHzjxpNU=,xIqe+QQIQXQ=-/M8gHzjxpNU=,A4tgQv5cqkc=,1,139
2023-02-15,xIqe+QQIQXQ=,t+kFcRdzL6o=,/M8gHzjxpNU=,xIqe+QQIQXQ=-t+kFcRdzL6o=,A4tgQv5cqkc=,1,139
2023-02-15,xIqe+QQIQXQ=,t+kFcRdzL6o=,/M8gHzjxpNU=,t+kFcRdzL6o=-/M8gHzjxpNU=,A4tgQv5cqkc=,0,146
2023-02-15,xIqe+QQIQXQ=,t+kFcRdzL6o=,/M8gHzjxpNU=,xIqe+QQIQXQ=-/M8gHzjxpNU=,A4tgQv5cqkc=,0,152
2023-02-15,xIqe+QQIQXQ=,t+kFcRdzL6o=,/M8gHzjxpNU=,xIqe+QQIQXQ=-t+kFcRdzL6o=,A4tgQv5cqkc=,0,152
2023-02-15,xIqe+QQIQXQ=,t+kFcRdzL6o=,/M8gHzjxpNU=,t+kFcRdzL6o=-/M8gHzjxpNU=,A4tgQv5cqkc=,-1,146
2023-02-15,xIqe+QQIQXQ=,t+kFcRdzL6o=,/M8gHzjxpNU=,xIqe+QQIQXQ=-/M8gHzjxpNU=,A4tgQv5cqkc=,-1,152
2023-02-15,xIqe+QQIQXQ=,t+kFcRdzL6o=,/M8gHzjxpNU=,xIqe+QQIQXQ=-t+kFcRdzL6o=,A4tgQv5cqkc=,-1,152
2023-02-17,xIqe+QQIQXQ=,t+kFcRdzL6o=,/M8gHzjxpNU=,t+kFcRdzL6o=-/M8gHzjxpNU=,A4tgQv5cqkc=,29,4
2023-02-17,xIqe+QQIQXQ=,t+kFcRdzL6o=,/M8gHzjxpNU=,xIqe+QQIQXQ=-/M8gHzjxpNU=,A4tgQv5cqkc=,29,4
2023-02-17,xIqe+QQIQXQ=,t+kFcRdzL6o=,/M8gHzjxpNU=,xIqe+QQIQXQ=-t+kFcRdzL6o=,A4tgQv5cqkc=,29,4
2023-02-17,xIqe+QQIQXQ=,t+kFcRdzL6o=,/M8gHzjxpNU=,t+kFcRdzL6o=-/M8gHzjxpNU=,A4tgQv5cqkc=,28,4
2023-02-17,xIqe+QQIQXQ=,t+kFcRdzL6o=,/M8gHzjxpNU=,xIqe+QQIQXQ=-/M8gHzjxpNU=,A4tgQv5cqkc=,28,4
2023-02-17,xIqe+QQIQXQ=,t+kFcRdzL6o=,/M8gHzjxpNU=,xIqe+QQIQXQ=-t+kFcRdzL6o=,A4tgQv5cqkc=,28,4
2023-02-17,xIqe+QQIQXQ=,t+kFcRdzL6o=,/M8gHzjxpNU=,t+kFcRdzL6o=-/M8gHzjxpNU=,A4tgQv5cqkc=,27,4
2023-02-17,xIqe+QQIQXQ=,t+kFcRdzL6o=,/M8gHzjxpNU=,xIqe+QQIQXQ=-/M8gHzjxpNU=,A4tgQv5cqkc=,27,4
2023-02-17,xIqe+QQIQXQ=,t+kFcRdzL6o=,/M8gHzjxpNU=,xIqe+QQIQXQ=-t+kFcRdzL6o=,A4tgQv5cqkc=,27,4
2023-02-17,xIqe+QQIQXQ=,t+kFcRdzL6o=,/M8gHzjxpNU=,t+kFcRdzL6o=-/M8gHzjxpNU=,A4tgQv5cqkc=,26,4
2023-02-17,xIqe+QQIQXQ=,t+kFcRdzL6o=,/M8gHzjxpNU=,xIqe+QQIQXQ=-/M8gHzjxpNU=,A4tgQv5cqkc=,26,4
2023-02-17,xIqe+QQIQXQ=,t+kFcRdzL6o=,/M8gHzjxpNU=,xIqe+QQIQXQ=-t+kFcRdzL6o=,A4tgQv5cqkc=,26,4
2023-02-17,xIqe+QQIQXQ=,t+kFcRdzL6o=,/M8gHzjxpNU=,t+kFcRdzL6o=-/M8gHzjxpNU=,A4tgQv5cqkc=,25,4
2023-02-17,xIqe+QQIQXQ=,t+kFcRdzL6o=,/M8gHzjxpNU=,xIqe+QQIQXQ=-/M8gHzjxpNU=,A4tgQv5cqkc=,25,4
2023-02-17,xIqe+QQIQXQ=,t+kFcRdzL6o=,/M8gHzjxpNU=,xIqe+QQIQXQ=-t+kFcRdzL6o=,A4tgQv5cqkc=,25,4
2023-02-17,xIqe+QQIQXQ=,t+kFcRdzL6o=,/M8gHzjxpNU=,t+kFcRdzL6o=-/M8gHzjxpNU=,A4tgQv5cqkc=,24,4
2023-02-17,xIqe+QQIQXQ=,t+kFcRdzL6o=,/M8gHzjxpNU=,xIqe+QQIQXQ=-/M8gHzjxpNU=,A4tgQv5cqkc=,24,4
2023-02-17,xIqe+QQIQXQ=,t+kFcRdzL6o=,/M8gHzjxpNU=,xIqe+QQIQXQ=-t+kFcRdzL6o=,A4tgQv5cqkc=,24,4
2023-02-17,xIqe+QQIQXQ=,t+kFcRdzL6o=,/M8gHzjxpNU=,t+kFcRdzL6o=-/M8gHzjxpNU=,A4tgQv5cqkc=,23,4
2023-02-17,xIqe+QQIQXQ=,t+kFcRdzL6o=,/M8gHzjxpNU=,xIqe+QQIQXQ=-/M8gHzjxpNU=,A4tgQv5cqkc=,23,4
2023-02-17,xIqe+QQIQXQ=,t+kFcRdzL6o=,/M8gHzjxpNU=,xIqe+QQIQXQ=-t+kFcRdzL6o=,A4tgQv5cqkc=,23,4
2023-02-17,xIqe+QQIQXQ=,t+kFcRdzL6o=,/M8gHzjxpNU=,t+kFcRdzL6o=-/M8gHzjxpNU=,A4tgQv5cqkc=,22,4
2023-02-17,xIqe+QQIQXQ=,t+kFcRdzL6o=,/M8gHzjxpNU=,xIqe+QQIQXQ=-/M8gHzjxpNU=,A4tgQv5cqkc=,22,4
2023-02-17,xIqe+QQIQXQ=,t+kFcRdzL6o=,/M8gHzjxpNU=,xIqe+QQIQXQ=-t+kFcRdzL6o=,A4tgQv5cqkc=,22,4
2023-02-17,xIqe+QQIQXQ=,t+kFcRdzL6o=,/M8gHzjxpNU=,t+kFcRdzL6o=-/M8gHzjxpNU=,A4tgQv5cqkc=,21,4
2023-02-17,xIqe+QQIQXQ=,t+kFcRdzL6o=,/M8gHzjxpNU=,xIqe+QQIQXQ=-/M8gHzjxpNU=,A4tgQv5cqkc=,21,4
2023-02-17,xIqe+QQIQXQ=,t+kFcRdzL6o=,/M8gHzjxpNU=,xIqe+QQIQXQ=-t+kFcRdzL6o=,A4tgQv5cqkc=,21,4
2023-02-17,xIqe+QQIQXQ=,t+kFcRdzL6o=,/M8gHzjxpNU=,t+kFcRdzL6o=-/M8gHzjxpNU=,A4tgQv5cqkc=,20,4
2023-02-17,xIqe+QQIQXQ=,t+kFcRdzL6o=,/M8gHzjxpNU=,xIqe+QQIQXQ=-/M8gHzjxpNU=,A4tgQv5cqkc=,20,4
2023-02-17,xIqe+QQIQXQ=,t+kFcRdzL6o=,/M8gHzjxpNU=,xIqe+QQIQXQ=-t+kFcRdzL6o=,A4tgQv5cqkc=,20,4
2023-02-17,xIqe+QQIQXQ=,t+kFcRdzL6o=,/M8gHzjxpNU=,t+kFcRdzL6o=-/M8gHzjxpNU=,A4tgQv5cqkc=,19,4
2023-02-17,xIqe+QQIQXQ=,t+kFcRdzL6o=,/M8gHzjxpNU=,xIqe+QQIQXQ=-/M8gHzjxpNU=,A4tgQv5cqkc=,19,4
2023-02-17,xIqe+QQIQXQ=,t+kFcRdzL6o=,/M8gHzjxpNU=,xIqe+QQIQXQ=-t+kFcRdzL6o=,A4tgQv5cqkc=,19,4
2023-02-17,xIqe+QQIQXQ=,t+kFcRdzL6o=,/M8gHzjxpNU=,t+kFcRdzL6o=-/M8gHzjxpNU=,A4tgQv5cqkc=,18,4
2023-02-17,xIqe+QQIQXQ=,t+kFcRdzL6o=,/M8gHzjxpNU=,xIqe+QQIQXQ=-/M8gHzjxpNU=,A4tgQv5cqkc=,18,5
2023-02-17,xIqe+QQIQXQ=,t+kFcRdzL6o=,/M8gHzjxpNU=,xIqe+QQIQXQ=-t+kFcRdzL6o=,A4tgQv5cqkc=,18,5
2023-02-17,xIqe+QQIQXQ=,t+kFcRdzL6o=,/M8gHzjxpNU=,t+kFcRdzL6o=-/M8gHzjxpNU=,A4tgQv5cqkc=,17,5
2023-02-17,xIqe+QQIQXQ=,t+kFcRdzL6o=,/M8gHzjxpNU=,xIqe+QQIQXQ=-/M8gHzjxpNU=,A4tgQv5cqkc=,17,5
2023-02-17,xIqe+QQIQXQ=,t+kFcRdzL6o=,/M8gHzjxpNU=,xIqe+QQIQXQ=-t+kFcRdzL6o=,A4tgQv5cqkc=,17,5
2023-02-17,xIqe+QQIQXQ=,t+kFcRdzL6o=,/M8gHzjxpNU=,t+kFcRdzL6o=-/M8gHzjxpNU=,A4tgQv5cqkc=,16,5
2023-02-17,xIqe+QQIQXQ=,t+kFcRdzL6o=,/M8gHzjxpNU=,xIqe+QQIQXQ=-/M8gHzjxpNU=,A4tgQv5cqkc=,16,5
2023-02-17,xIqe+QQIQXQ=,t+kFcRdzL6o=,/M8gHzjxpNU=,xIqe+QQIQXQ=-t+kFcRdzL6o=,A4tgQv5cqkc=,16,5
2023-02-17,xIqe+QQIQXQ=,t+kFcRdzL6o=,/M8gHzjxpNU=,t+kFcRdzL6o=-/M8gHzjxpNU=,A4tgQv5cqkc=,15,6
2023-02-17,xIqe+QQIQXQ=,t+kFcRdzL6o=,/M8gHzjxpNU=,xIqe+QQIQXQ=-/M8gHzjxpNU=,A4tgQv5cqkc=,15,6
2023-02-17,xIqe+QQIQXQ=,t+kFcRdzL6o=,/M8gHzjxpNU=,xIqe+QQIQXQ=-t+kFcRdzL6o=,A4tgQv5cqkc=,15,6
2023-02-17,xIqe+QQIQXQ=,t+kFcRdzL6o=,/M8gHzjxpNU=,t+kFcRdzL6o=-/M8gHzjxpNU=,A4tgQv5cqkc=,14,6
2023-02-17,xIqe+QQIQXQ=,t+kFcRdzL6o=,/M8gHzjxpNU=,xIqe+QQIQXQ=-/M8gHzjxpNU=,A4tgQv5cqkc=,14,6
2023-02-17,xIqe+QQIQXQ=,t+kFcRdzL6o=,/M8gHzjxpNU=,xIqe+QQIQXQ=-t+kFcRdzL6o=,A4tgQv5cqkc=,14,6
2023-02-17,xIqe+QQIQXQ=,t+kFcRdzL6o=,/M8gHzjxpNU=,t+kFcRdzL6o=-/M8gHzjxpNU=,A4tgQv5cqkc=,13,11
2023-02-17,xIqe+QQIQXQ=,t+kFcRdzL6o=,/M8gHzjxpNU=,xIqe+QQIQXQ=-/M8gHzjxpNU=,A4tgQv5cqkc=,13,11
2023-02-17,xIqe+QQIQXQ=,t+kFcRdzL6o=,/M8gHzjxpNU=,xIqe+QQIQXQ=-t+kFcRdzL6o=,A4tgQv5cqkc=,13,11
2023-02-17,xIqe+QQIQXQ=,t+kFcRdzL6o=,/M8gHzjxpNU=,t+kFcRdzL6o=-/M8gHzjxpNU=,A4tgQv5cqkc=,12,11
2023-02-17,xIqe+QQIQXQ=,t+kFcRdzL6o=,/M8gHzjxpNU=,xIqe+QQIQXQ=-/M8gHzjxpNU=,A4tgQv5cqkc=,12,11
2023-02-17,xIqe+QQIQXQ=,t+kFcRdzL6o=,/M8gHzjxpNU=,xIqe+QQIQXQ=-t+kFcRdzL6o=,A4tgQv5cqkc=,12,11
2023-02-17,xIqe+QQIQXQ=,t+kFcRdzL6o=,/M8gHzjxpNU=,t+kFcRdzL6o=-/M8gHzjxpNU=,A4tgQv5cqkc=,11,11
2023-02-17,xIqe+QQIQXQ=,t+kFcRdzL6o=,/M8gHzjxpNU=,xIqe+QQIQXQ=-/M8gHzjxpNU=,A4tgQv5cqkc=,11,11
2023-02-17,xIqe+QQIQXQ=,t+kFcRdzL6o=,/M8gHzjxpNU=,xIqe+QQIQXQ=-t+kFcRdzL6o=,A4tgQv5cqkc=,11,11
2023-02-17,xIqe+QQIQXQ=,t+kFcRdzL6o=,/M8gHzjxpNU=,t+kFcRdzL6o=-/M8gHzjxpNU=,A4tgQv5cqkc=,10,11
2023-02-17,xIqe+QQIQXQ=,t+kFcRdzL6o=,/M8gHzjxpNU=,xIqe+QQIQXQ=-/M8gHzjxpNU=,A4tgQv5cqkc=,10,11
2023-02-17,xIqe+QQIQXQ=,t+kFcRdzL6o=,/M8gHzjxpNU=,xIqe+QQIQXQ=-t+kFcRdzL6o=,A4tgQv5cqkc=,10,11
2023-02-17,xIqe+QQIQXQ=,t+kFcRdzL6o=,/M8gHzjxpNU=,t+kFcRdzL6o=-/M8gHzjxpNU=,A4tgQv5cqkc=,9,15
2023-02-17,xIqe+QQIQXQ=,t+kFcRdzL6o=,/M8gHzjxpNU=,xIqe+QQIQXQ=-/M8gHzjxpNU=,A4tgQv5cqkc=,9,15
2023-02-17,xIqe+QQIQXQ=,t+kFcRdzL6o=,/M8gHzjxpNU=,xIqe+QQIQXQ=-t+kFcRdzL6o=,A4tgQv5cqkc=,9,15
2023-02-17,xIqe+QQIQXQ=,t+kFcRdzL6o=,/M8gHzjxpNU=,t+kFcRdzL6o=-/M8gHzjxpNU=,A4tgQv5cqkc=,8,15
2023-02-17,xIqe+QQIQXQ=,t+kFcRdzL6o=,/M8gHzjxpNU=,xIqe+QQIQXQ=-/M8gHzjxpNU=,A4tgQv5cqkc=,8,15
2023-02-17,xIqe+QQIQXQ=,t+kFcRdzL6o=,/M8gHzjxpNU=,xIqe+QQIQXQ=-t+kFcRdzL6o=,A4tgQv5cqkc=,8,15
2023-02-17,xIqe+QQIQXQ=,t+kFcRdzL6o=,/M8gHzjxpNU=,t+kFcRdzL6o=-/M8gHzjxpNU=,A4tgQv5cqkc=,7,17
2023-02-17,xIqe+QQIQXQ=,t+kFcRdzL6o=,/M8gHzjxpNU=,xIqe+QQIQXQ=-/M8gHzjxpNU=,A4tgQv5cqkc=,7,17
2023-02-17,xIqe+QQIQXQ=,t+kFcRdzL6o=,/M8gHzjxpNU=,xIqe+QQIQXQ=-t+kFcRdzL6o=,A4tgQv5cqkc=,7,17
2023-02-17,xIqe+QQIQXQ=,t+kFcRdzL6o=,/M8gHzjxpNU=,t+kFcRdzL6o=-/M8gHzjxpNU=,A4tgQv5cqkc=,6,46
2023-02-17,xIqe+QQIQXQ=,t+kFcRdzL6o=,/M8gHzjxpNU=,xIqe+QQIQXQ=-/M8gHzjxpNU=,A4tgQv5cqkc=,6,41
2023-02-17,xIqe+QQIQXQ=,t+kFcRdzL6o=,/M8gHzjxpNU=,xIqe+QQIQXQ=-t+kFcRdzL6o=,A4tgQv5cqkc=,6,41
2023-02-17,xIqe+QQIQXQ=,t+kFcRdzL6o=,/M8gHzjxpNU=,t+kFcRdzL6o=-/M8gHzjxpNU=,A4tgQv5cqkc=,5,58
2023-02-17,xIqe+QQIQXQ=,t+kFcRdzL6o=,/M8gHzjxpNU=,xIqe+QQIQXQ=-/M8gHzjxpNU=,A4tgQv5cqkc=,5,52
2023-02-17,xIqe+QQIQXQ=,t+kFcRdzL6o=,/M8gHzjxpNU=,xIqe+QQIQXQ=-t+kFcRdzL6o=,A4tgQv5cqkc=,5,52
2023-02-17,xIqe+QQIQXQ=,t+kFcRdzL6o=,/M8gHzjxpNU=,t+kFcRdzL6o=-/M8gHzjxpNU=,A4tgQv5cqkc=,4,64
2023-02-17,xIqe+QQIQXQ=,t+kFcRdzL6o=,/M8gHzjxpNU=,xIqe+QQIQXQ=-/M8gHzjxpNU=,A4tgQv5cqkc=,4,58
2023-02-17,xIqe+QQIQXQ=,t+kFcRdzL6o=,/M8gHzjxpNU=,xIqe+QQIQXQ=-t+kFcRdzL6o=,A4tgQv5cqkc=,4,58
2023-02-17,xIqe+QQIQXQ=,t+kFcRdzL6o=,/M8gHzjxpNU=,t+kFcRdzL6o=-/M8gHzjxpNU=,A4tgQv5cqkc=,3,65
2023-02-17,xIqe+QQIQXQ=,t+kFcRdzL6o=,/M8gHzjxpNU=,xIqe+QQIQXQ=-/M8gHzjxpNU=,A4tgQv5cqkc=,3,59
2023-02-17,xIqe+QQIQXQ=,t+kFcRdzL6o=,/M8gHzjxpNU=,xIqe+QQIQXQ=-t+kFcRdzL6o=,A4tgQv5cqkc=,3,59
2023-02-17,xIqe+QQIQXQ=,t+kFcRdzL6o=,/M8gHzjxpNU=,t+kFcRdzL6o=-/M8gHzjxpNU=,A4tgQv5cqkc=,2,73
2023-02-17,xIqe+QQIQXQ=,t+kFcRdzL6o=,/M8gHzjxpNU=,xIqe+QQIQXQ=-/M8gHzjxpNU=,A4tgQv5cqkc=,2,62
2023-02-17,xIqe+QQIQXQ=,t+kFcRdzL6o=,/M8gHzjxpNU=,xIqe+QQIQXQ=-t+kFcRdzL6o=,A4tgQv5cqkc=,2,62
2023-02-17,xIqe+QQIQXQ=,t+kFcRdzL6o=,/M8gHzjxpNU=,t+kFcRdzL6o=-/M8gHzjxpNU=,A4tgQv5cqkc=,1,114
2023-02-17,xIqe+QQIQXQ=,t+kFcRdzL6o=,/M8gHzjxpNU=,xIqe+QQIQXQ=-/M8gHzjxpNU=,A4tgQv5cqkc=,1,107
2023-02-17,xIqe+QQIQXQ=,t+kFcRdzL6o=,/M8gHzjxpNU=,xIqe+QQIQXQ=-t+kFcRdzL6o=,A4tgQv5cqkc=,1,107
2023-02-17,xIqe+QQIQXQ=,t+kFcRdzL6o=,/M8gHzjxpNU=,t+kFcRdzL6o=-/M8gHzjxpNU=,A4tgQv5cqkc=,0,173
2023-02-17,xIqe+QQIQXQ=,t+kFcRdzL6o=,/M8gHzjxpNU=,xIqe+QQIQXQ=-/M8gHzjxpNU=,A4tgQv5cqkc=,0,168
2023-02-17,xIqe+QQIQXQ=,t+kFcRdzL6o=,/M8gHzjxpNU=,xIqe+QQIQXQ=-t+kFcRdzL6o=,A4tgQv5cqkc=,0,168
2023-02-17,xIqe+QQIQXQ=,t+kFcRdzL6o=,/M8gHzjxpNU=,t+kFcRdzL6o=-/M8gHzjxpNU=,A4tgQv5cqkc=,-1,173
2023-02-17,xIqe+QQIQXQ=,t+kFcRdzL6o=,/M8gHzjxpNU=,xIqe+QQIQXQ=-/M8gHzjxpNU=,A4tgQv5cqkc=,-1,168
2023-02-17,xIqe+QQIQXQ=,t+kFcRdzL6o=,/M8gHzjxpNU=,xIqe+QQIQXQ=-t+kFcRdzL6o=,A4tgQv5cqkc=,-1,168
2023-02-19,xIqe+QQIQXQ=,t+kFcRdzL6o=,/M8gHzjxpNU=,t+kFcRdzL6o=-/M8gHzjxpNU=,A4tgQv5cqkc=,29,1
2023-02-19,xIqe+QQIQXQ=,t+kFcRdzL6o=,/M8gHzjxpNU=,xIqe+QQIQXQ=-/M8gHzjxpNU=,A4tgQv5cqkc=,29,1
2023-02-19,xIqe+QQIQXQ=,t+kFcRdzL6o=,/M8gHzjxpNU=,xIqe+QQIQXQ=-t+kFcRdzL6o=,A4tgQv5cqkc=,29,1
2023-02-19,xIqe+QQIQXQ=,t+kFcRdzL6o=,/M8gHzjxpNU=,t+kFcRdzL6o=-/M8gHzjxpNU=,A4tgQv5cqkc=,28,1
2023-02-19,xIqe+QQIQXQ=,t+kFcRdzL6o=,/M8gHzjxpNU=,xIqe+QQIQXQ=-/M8gHzjxpNU=,A4tgQv5cqkc=,28,1
2023-02-19,xIqe+QQIQXQ=,t+kFcRdzL6o=,/M8gHzjxpNU=,xIqe+QQIQXQ=-t+kFcRdzL6o=,A4tgQv5cqkc=,28,1
2023-02-19,xIqe+QQIQXQ=,t+kFcRdzL6o=,/M8gHzjxpNU=,t+kFcRdzL6o=-/M8gHzjxpNU=,A4tgQv5cqkc=,27,1
2023-02-19,xIqe+QQIQXQ=,t+kFcRdzL6o=,/M8gHzjxpNU=,xIqe+QQIQXQ=-/M8gHzjxpNU=,A4tgQv5cqkc=,27,1
2023-02-19,xIqe+QQIQXQ=,t+kFcRdzL6o=,/M8gHzjxpNU=,xIqe+QQIQXQ=-t+kFcRdzL6o=,A4tgQv5cqkc=,27,1
2023-02-19,xIqe+QQIQXQ=,t+kFcRdzL6o=,/M8gHzjxpNU=,t+kFcRdzL6o=-/M8gHzjxpNU=,A4tgQv5cqkc=,26,1
2023-02-19,xIqe+QQIQXQ=,t+kFcRdzL6o=,/M8gHzjxpNU=,xIqe+QQIQXQ=-/M8gHzjxpNU=,A4tgQv5cqkc=,26,1
2023-02-19,xIqe+QQIQXQ=,t+kFcRdzL6o=,/M8gHzjxpNU=,xIqe+QQIQXQ=-t+kFcRdzL6o=,A4tgQv5cqkc=,26,1
2023-02-19,xIqe+QQIQXQ=,t+kFcRdzL6o=,/M8gHzjxpNU=,t+kFcRdzL6o=-/M8gHzjxpNU=,A4tgQv5cqkc=,25,1
2023-02-19,xIqe+QQIQXQ=,t+kFcRdzL6o=,/M8gHzjxpNU=,xIqe+QQIQXQ=-/M8gHzjxpNU=,A4tgQv5cqkc=,25,1
2023-02-19,xIqe+QQIQXQ=,t+kFcRdzL6o=,/M8gHzjxpNU=,xIqe+QQIQXQ=-t+kFcRdzL6o=,A4tgQv5cqkc=,25,1
2023-02-19,xIqe+QQIQXQ=,t+kFcRdzL6o=,/M8gHzjxpNU=,t+kFcRdzL6o=-/M8gHzjxpNU=,A4tgQv5cqkc=,24,1
2023-02-19,xIqe+QQIQXQ=,t+kFcRdzL6o=,/M8gHzjxpNU=,xIqe+QQIQXQ=-/M8gHzjxpNU=,A4tgQv5cqkc=,24,1
2023-02-19,xIqe+QQIQXQ=,t+kFcRdzL6o=,/M8gHzjxpNU=,xIqe+QQIQXQ=-t+kFcRdzL6o=,A4tgQv5cqkc=,24,1
2023-02-19,xIqe+QQIQXQ=,t+kFcRdzL6o=,/M8gHzjxpNU=,t+kFcRdzL6o=-/M8gHzjxpNU=,A4tgQv5cqkc=,23,1
2023-02-19,xIqe+QQIQXQ=,t+kFcRdzL6o=,/M8gHzjxpNU=,xIqe+QQIQXQ=-/M8gHzjxpNU=,A4tgQv5cqkc=,23,1
2023-02-19,xIqe+QQIQXQ=,t+kFcRdzL6o=,/M8gHzjxpNU=,xIqe+QQIQXQ=-t+kFcRdzL6o=,A4tgQv5cqkc=,23,1
2023-02-19,xIqe+QQIQXQ=,t+kFcRdzL6o=,/M8gHzjxpNU=,t+kFcRdzL6o=-/M8gHzjxpNU=,A4tgQv5cqkc=,22,1
2023-02-19,xIqe+QQIQXQ=,t+kFcRdzL6o=,/M8gHzjxpNU=,xIqe+QQIQXQ=-/M8gHzjxpNU=,A4tgQv5cqkc=,22,1
2023-02-19,xIqe+QQIQXQ=,t+kFcRdzL6o=,/M8gHzjxpNU=,xIqe+QQIQXQ=-t+kFcRdzL6o=,A4tgQv5cqkc=,22,1
2023-02-19,xIqe+QQIQXQ=,t+kFcRdzL6o=,/M8gHzjxpNU=,t+kFcRdzL6o=-/M8gHzjxpNU=,A4tgQv5cqkc=,21,1
2023-02-19,xIqe+QQIQXQ=,t+kFcRdzL6o=,/M8gHzjxpNU=,xIqe+QQIQXQ=-/M8gHzjxpNU=,A4tgQv5cqkc=,21,1
2023-02-19,xIqe+QQIQXQ=,t+kFcRdzL6o=,/M8gHzjxpNU=,xIqe+QQIQXQ=-t+kFcRdzL6o=,A4tgQv5cqkc=,21,1
2023-02-19,xIqe+QQIQXQ=,t+kFcRdzL6o=,/M8gHzjxpNU=,t+kFcRdzL6o=-/M8gHzjxpNU=,A4tgQv5cqkc=,20,1
2023-02-19,xIqe+QQIQXQ=,t+kFcRdzL6o=,/M8gHzjxpNU=,xIqe+QQIQXQ=-/M8gHzjxpNU=,A4tgQv5cqkc=,20,1
2023-02-19,xIqe+QQIQXQ=,t+kFcRdzL6o=,/M8gHzjxpNU=,xIqe+QQIQXQ=-t+kFcRdzL6o=,A4tgQv5cqkc=,20,1
2023-02-19,xIqe+QQIQXQ=,t+kFcRdzL6o=,/M8gHzjxpNU=,t+kFcRdzL6o=-/M8gHzjxpNU=,A4tgQv5cqkc=,19,1
2023-02-19,xIqe+QQIQXQ=,t+kFcRdzL6o=,/M8gHzjxpNU=,xIqe+QQIQXQ=-/M8gHzjxpNU=,A4tgQv5cqkc=,19,1
2023-02-19,xIqe+QQIQXQ=,t+kFcRdzL6o=,/M8gHzjxpNU=,xIqe+QQIQXQ=-t+kFcRdzL6o=,A4tgQv5cqkc=,19,1
2023-02-19,xIqe+QQIQXQ=,t+kFcRdzL6o=,/M8gHzjxpNU=,t+kFcRdzL6o=-/M8gHzjxpNU=,A4tgQv5cqkc=,18,1
2023-02-19,xIqe+QQIQXQ=,t+kFcRdzL6o=,/M8gHzjxpNU=,xIqe+QQIQXQ=-/M8gHzjxpNU=,A4tgQv5cqkc=,18,1
2023-02-19,xIqe+QQIQXQ=,t+kFcRdzL6o=,/M8gHzjxpNU=,xIqe+QQIQXQ=-t+kFcRdzL6o=,A4tgQv5cqkc=,18,1
2023-02-19,xIqe+QQIQXQ=,t+kFcRdzL6o=,/M8gHzjxpNU=,t+kFcRdzL6o=-/M8gHzjxpNU=,A4tgQv5cqkc=,17,1
2023-02-19,xIqe+QQIQXQ=,t+kFcRdzL6o=,/M8gHzjxpNU=,xIqe+QQIQXQ=-/M8gHzjxpNU=,A4tgQv5cqkc=,17,3
2023-02-19,xIqe+QQIQXQ=,t+kFcRdzL6o=,/M8gHzjxpNU=,xIqe+QQIQXQ=-t+kFcRdzL6o=,A4tgQv5cqkc=,17,3
2023-02-19,xIqe+QQIQXQ=,t+kFcRdzL6o=,/M8gHzjxpNU=,t+kFcRdzL6o=-/M8gHzjxpNU=,A4tgQv5cqkc=,16,1
2023-02-19,xIqe+QQIQXQ=,t+kFcRdzL6o=,/M8gHzjxpNU=,xIqe+QQIQXQ=-/M8gHzjxpNU=,A4tgQv5cqkc=,16,3
2023-02-19,xIqe+QQIQXQ=,t+kFcRdzL6o=,/M8gHzjxpNU=,xIqe+QQIQXQ=-t+kFcRdzL6o=,A4tgQv5cqkc=,16,3
2023-02-19,xIqe+QQIQXQ=,t+kFcRdzL6o=,/M8gHzjxpNU=,t+kFcRdzL6o=-/M8gHzjxpNU=,A4tgQv5cqkc=,15,1
2023-02-19,xIqe+QQIQXQ=,t+kFcRdzL6o=,/M8gHzjxpNU=,xIqe+QQIQXQ=-/M8gHzjxpNU=,A4tgQv5cqkc=,15,3
2023-02-19,xIqe+QQIQXQ=,t+kFcRdzL6o=,/M8gHzjxpNU=,xIqe+QQIQXQ=-t+kFcRdzL6o=,A4tgQv5cqkc=,15,3
2023-02-19,xIqe+QQIQXQ=,t+kFcRdzL6o=,/M8gHzjxpNU=,t+kFcRdzL6o=-/M8gHzjxpNU=,A4tgQv5cqkc=,14,1
2023-02-19,xIqe+QQIQXQ=,t+kFcRdzL6o=,/M8gHzjxpNU=,xIqe+QQIQXQ=-/M8gHzjxpNU=,A4tgQv5cqkc=,14,3
2023-02-19,xIqe+QQIQXQ=,t+kFcRdzL6o=,/M8gHzjxpNU=,xIqe+QQIQXQ=-t+kFcRdzL6o=,A4tgQv5cqkc=,14,3
2023-02-19,xIqe+QQIQXQ=,t+kFcRdzL6o=,/M8gHzjxpNU=,t+kFcRdzL6o=-/M8gHzjxpNU=,A4tgQv5cqkc=,13,1
2023-02-19,xIqe+QQIQXQ=,t+kFcRdzL6o=,/M8gHzjxpNU=,xIqe+QQIQXQ=-/M8gHzjxpNU=,A4tgQv5cqkc=,13,3
2023-02-19,xIqe+QQIQXQ=,t+kFcRdzL6o=,/M8gHzjxpNU=,xIqe+QQIQXQ=-t+kFcRdzL6o=,A4tgQv5cqkc=,13,3
2023-02-19,xIqe+QQIQXQ=,t+kFcRdzL6o=,/M8gHzjxpNU=,t+kFcRdzL6o=-/M8gHzjxpNU=,A4tgQv5cqkc=,12,1
2023-02-19,xIqe+QQIQXQ=,t+kFcRdzL6o=,/M8gHzjxpNU=,xIqe+QQIQXQ=-/M8gHzjxpNU=,A4tgQv5cqkc=,12,3
2023-02-19,xIqe+QQIQXQ=,t+kFcRdzL6o=,/M8gHzjxpNU=,xIqe+QQIQXQ=-t+kFcRdzL6o=,A4tgQv5cqkc=,12,3
2023-02-19,xIqe+QQIQXQ=,t+kFcRdzL6o=,/M8gHzjxpNU=,t+kFcRdzL6o=-/M8gHzjxpNU=,A4tgQv5cqkc=,11,1
2023-02-19,xIqe+QQIQXQ=,t+kFcRdzL6o=,/M8gHzjxpNU=,xIqe+QQIQXQ=-/M8gHzjxpNU=,A4tgQv5cqkc=,11,3
2023-02-19,xIqe+QQIQXQ=,t+kFcRdzL6o=,/M8gHzjxpNU=,xIqe+QQIQXQ=-t+kFcRdzL6o=,A4tgQv5cqkc=,11,3
2023-02-19,xIqe+QQIQXQ=,t+kFcRdzL6o=,/M8gHzjxpNU=,t+kFcRdzL6o=-/M8gHzjxpNU=,A4tgQv5cqkc=,10,2
2023-02-19,xIqe+QQIQXQ=,t+kFcRdzL6o=,/M8gHzjxpNU=,xIqe+QQIQXQ=-/M8gHzjxpNU=,A4tgQv5cqkc=,10,4
2023-02-19,xIqe+QQIQXQ=,t+kFcRdzL6o=,/M8gHzjxpNU=,xIqe+QQIQXQ=-t+kFcRdzL6o=,A4tgQv5cqkc=,10,4
2023-02-19,xIqe+QQIQXQ=,t+kFcRdzL6o=,/M8gHzjxpNU=,t+kFcRdzL6o=-/M8gHzjxpNU=,A4tgQv5cqkc=,9,10
2023-02-19,xIqe+QQIQXQ=,t+kFcRdzL6o=,/M8gHzjxpNU=,xIqe+QQIQXQ=-/M8gHzjxpNU=,A4tgQv5cqkc=,9,12
2023-02-19,xIqe+QQIQXQ=,t+kFcRdzL6o=,/M8gHzjxpNU=,xIqe+QQIQXQ=-t+kFcRdzL6o=,A4tgQv5cqkc=,9,12
2023-02-19,xIqe+QQIQXQ=,t+kFcRdzL6o=,/M8gHzjxpNU=,t+kFcRdzL6o=-/M8gHzjxpNU=,A4tgQv5cqkc=,8,22
2023-02-19,xIqe+QQIQXQ=,t+kFcRdzL6o=,/M8gHzjxpNU=,xIqe+QQIQXQ=-/M8gHzjxpNU=,A4tgQv5cqkc=,8,24
2023-02-19,xIqe+QQIQXQ=,t+kFcRdzL6o=,/M8gHzjxpNU=,xIqe+QQIQXQ=-t+kFcRdzL6o=,A4tgQv5cqkc=,8,24
2023-02-19,xIqe+QQIQXQ=,t+kFcRdzL6o=,/M8gHzjxpNU=,t+kFcRdzL6o=-/M8gHzjxpNU=,A4tgQv5cqkc=,7,22
2023-02-19,xIqe+QQIQXQ=,t+kFcRdzL6o=,/M8gHzjxpNU=,xIqe+QQIQXQ=-/M8gHzjxpNU=,A4tgQv5cqkc=,7,24
2023-02-19,xIqe+QQIQXQ=,t+kFcRdzL6o=,/M8gHzjxpNU=,xIqe+QQIQXQ=-t+kFcRdzL6o=,A4tgQv5cqkc=,7,24
2023-02-19,xIqe+QQIQXQ=,t+kFcRdzL6o=,/M8gHzjxpNU=,t+kFcRdzL6o=-/M8gHzjxpNU=,A4tgQv5cqkc=,6,32
2023-02-19,xIqe+QQIQXQ=,t+kFcRdzL6o=,/M8gHzjxpNU=,xIqe+QQIQXQ=-/M8gHzjxpNU=,A4tgQv5cqkc=,6,33
2023-02-19,xIqe+QQIQXQ=,t+kFcRdzL6o=,/M8gHzjxpNU=,xIqe+QQIQXQ=-t+kFcRdzL6o=,A4tgQv5cqkc=,6,33
2023-02-19,xIqe+QQIQXQ=,t+kFcRdzL6o=,/M8gHzjxpNU=,t+kFcRdzL6o=-/M8gHzjxpNU=,A4tgQv5cqkc=,5,37
2023-02-19,xIqe+QQIQXQ=,t+kFcRdzL6o=,/M8gHzjxpNU=,xIqe+QQIQXQ=-/M8gHzjxpNU=,A4tgQv5cqkc=,5,37
2023-02-19,xIqe+QQIQXQ=,t+kFcRdzL6o=,/M8gHzjxpNU=,xIqe+QQIQXQ=-t+kFcRdzL6o=,A4tgQv5cqkc=,5,37
2023-02-19,xIqe+QQIQXQ=,t+kFcRdzL6o=,/M8gHzjxpNU=,t+kFcRdzL6o=-/M8gHzjxpNU=,A4tgQv5cqkc=,4,38
2023-02-19,xIqe+QQIQXQ=,t+kFcRdzL6o=,/M8gHzjxpNU=,xIqe+QQIQXQ=-/M8gHzjxpNU=,A4tgQv5cqkc=,4,39
2023-02-19,xIqe+QQIQXQ=,t+kFcRdzL6o=,/M8gHzjxpNU=,xIqe+QQIQXQ=-t+kFcRdzL6o=,A4tgQv5cqkc=,4,39
2023-02-19,xIqe+QQIQXQ=,t+kFcRdzL6o=,/M8gHzjxpNU=,t+kFcRdzL6o=-/M8gHzjxpNU=,A4tgQv5cqkc=,3,45
2023-02-19,xIqe+QQIQXQ=,t+kFcRdzL6o=,/M8gHzjxpNU=,xIqe+QQIQXQ=-/M8gHzjxpNU=,A4tgQv5cqkc=,3,48
2023-02-19,xIqe+QQIQXQ=,t+kFcRdzL6o=,/M8gHzjxpNU=,xIqe+QQIQXQ=-t+kFcRdzL6o=,A4tgQv5cqkc=,3,48
2023-02-19,xIqe+QQIQXQ=,t+kFcRdzL6o=,/M8gHzjxpNU=,t+kFcRdzL6o=-/M8gHzjxpNU=,A4tgQv5cqkc=,2,79
2023-02-19,xIqe+QQIQXQ=,t+kFcRdzL6o=,/M8gHzjxpNU=,xIqe+QQIQXQ=-/M8gHzjxpNU=,A4tgQv5cqkc=,2,79
2023-02-19,xIqe+QQIQXQ=,t+kFcRdzL6o=,/M8gHzjxpNU=,xIqe+QQIQXQ=-t+kFcRdzL6o=,A4tgQv5cqkc=,2,79
2023-02-19,xIqe+QQIQXQ=,t+kFcRdzL6o=,/M8gHzjxpNU=,t+kFcRdzL6o=-/M8gHzjxpNU=,A4tgQv5cqkc=,1,117
2023-02-19,xIqe+QQIQXQ=,t+kFcRdzL6o=,/M8gHzjxpNU=,xIqe+QQIQXQ=-/M8gHzjxpNU=,A4tgQv5cqkc=,1,113
2023-02-19,xIqe+QQIQXQ=,t+kFcRdzL6o=,/M8gHzjxpNU=,xIqe+QQIQXQ=-t+kFcRdzL6o=,A4tgQv5cqkc=,1,113
2023-02-19,xIqe+QQIQXQ=,t+kFcRdzL6o=,/M8gHzjxpNU=,t+kFcRdzL6o=-/M8gHzjxpNU=,A4tgQv5cqkc=,0,154
2023-02-19,xIqe+QQIQXQ=,t+kFcRdzL6o=,/M8gHzjxpNU=,xIqe+QQIQXQ=-/M8gHzjxpNU=,A4tgQv5cqkc=,0,148
2023-02-19,xIqe+QQIQXQ=,t+kFcRdzL6o=,/M8gHzjxpNU=,xIqe+QQIQXQ=-t+kFcRdzL6o=,A4tgQv5cqkc=,0,148
2023-02-19,xIqe+QQIQXQ=,t+kFcRdzL6o=,/M8gHzjxpNU=,t+kFcRdzL6o=-/M8gHzjxpNU=,A4tgQv5cqkc=,-1,154
2023-02-19,xIqe+QQIQXQ=,t+kFcRdzL6o=,/M8gHzjxpNU=,xIqe+QQIQXQ=-/M8gHzjxpNU=,A4tgQv5cqkc=,-1,148
2023-02-19,xIqe+QQIQXQ=,t+kFcRdzL6o=,/M8gHzjxpNU=,xIqe+QQIQXQ=-t+kFcRdzL6o=,A4tgQv5cqkc=,-1,148
2023-02-20,xIqe+QQIQXQ=,t+kFcRdzL6o=,/M8gHzjxpNU=,t+kFcRdzL6o=-/M8gHzjxpNU=,A4tgQv5cqkc=,29,0
2023-02-20,xIqe+QQIQXQ=,t+kFcRdzL6o=,/M8gHzjxpNU=,xIqe+QQIQXQ=-/M8gHzjxpNU=,A4tgQv5cqkc=,29,0
2023-02-20,xIqe+QQIQXQ=,t+kFcRdzL6o=,/M8gHzjxpNU=,xIqe+QQIQXQ=-t+kFcRdzL6o=,A4tgQv5cqkc=,29,0
2023-02-20,xIqe+QQIQXQ=,t+kFcRdzL6o=,/M8gHzjxpNU=,t+kFcRdzL6o=-/M8gHzjxpNU=,A4tgQv5cqkc=,28,0
2023-02-20,xIqe+QQIQXQ=,t+kFcRdzL6o=,/M8gHzjxpNU=,xIqe+QQIQXQ=-/M8gHzjxpNU=,A4tgQv5cqkc=,28,0
2023-02-20,xIqe+QQIQXQ=,t+kFcRdzL6o=,/M8gHzjxpNU=,xIqe+QQIQXQ=-t+kFcRdzL6o=,A4tgQv5cqkc=,28,0
2023-02-20,xIqe+QQIQXQ=,t+kFcRdzL6o=,/M8gHzjxpNU=,t+kFcRdzL6o=-/M8gHzjxpNU=,A4tgQv5cqkc=,27,0
2023-02-20,xIqe+QQIQXQ=,t+kFcRdzL6o=,/M8gHzjxpNU=,xIqe+QQIQXQ=-/M8gHzjxpNU=,A4tgQv5cqkc=,27,0
2023-02-20,xIqe+QQIQXQ=,t+kFcRdzL6o=,/M8gHzjxpNU=,xIqe+QQIQXQ=-t+kFcRdzL6o=,A4tgQv5cqkc=,27,0
2023-02-20,xIqe+QQIQXQ=,t+kFcRdzL6o=,/M8gHzjxpNU=,t+kFcRdzL6o=-/M8gHzjxpNU=,A4tgQv5cqkc=,26,0
2023-02-20,xIqe+QQIQXQ=,t+kFcRdzL6o=,/M8gHzjxpNU=,xIqe+QQIQXQ=-/M8gHzjxpNU=,A4tgQv5cqkc=,26,0
2023-02-20,xIqe+QQIQXQ=,t+kFcRdzL6o=,/M8gHzjxpNU=,xIqe+QQIQXQ=-t+kFcRdzL6o=,A4tgQv5cqkc=,26,0
2023-02-20,xIqe+QQIQXQ=,t+kFcRdzL6o=,/M8gHzjxpNU=,t+kFcRdzL6o=-/M8gHzjxpNU=,A4tgQv5cqkc=,25,0
2023-02-20,xIqe+QQIQXQ=,t+kFcRdzL6o=,/M8gHzjxpNU=,xIqe+QQIQXQ=-/M8gHzjxpNU=,A4tgQv5cqkc=,25,0
2023-02-20,xIqe+QQIQXQ=,t+kFcRdzL6o=,/M8gHzjxpNU=,xIqe+QQIQXQ=-t+kFcRdzL6o=,A4tgQv5cqkc=,25,0
2023-02-20,xIqe+QQIQXQ=,t+kFcRdzL6o=,/M8gHzjxpNU=,t+kFcRdzL6o=-/M8gHzjxpNU=,A4tgQv5cqkc=,24,0
2023-02-20,xIqe+QQIQXQ=,t+kFcRdzL6o=,/M8gHzjxpNU=,xIqe+QQIQXQ=-/M8gHzjxpNU=,A4tgQv5cqkc=,24,0
2023-02-20,xIqe+QQIQXQ=,t+kFcRdzL6o=,/M8gHzjxpNU=,xIqe+QQIQXQ=-t+kFcRdzL6o=,A4tgQv5cqkc=,24,0
2023-02-20,xIqe+QQIQXQ=,t+kFcRdzL6o=,/M8gHzjxpNU=,t+kFcRdzL6o=-/M8gHzjxpNU=,A4tgQv5cqkc=,23,0
2023-02-20,xIqe+QQIQXQ=,t+kFcRdzL6o=,/M8gHzjxpNU=,xIqe+QQIQXQ=-/M8gHzjxpNU=,A4tgQv5cqkc=,23,0
2023-02-20,xIqe+QQIQXQ=,t+kFcRdzL6o=,/M8gHzjxpNU=,xIqe+QQIQXQ=-t+kFcRdzL6o=,A4tgQv5cqkc=,23,0
2023-02-20,xIqe+QQIQXQ=,t+kFcRdzL6o=,/M8gHzjxpNU=,t+kFcRdzL6o=-/M8gHzjxpNU=,A4tgQv5cqkc=,22,0
2023-02-20,xIqe+QQIQXQ=,t+kFcRdzL6o=,/M8gHzjxpNU=,xIqe+QQIQXQ=-/M8gHzjxpNU=,A4tgQv5cqkc=,22,0
2023-02-20,xIqe+QQIQXQ=,t+kFcRdzL6o=,/M8gHzjxpNU=,xIqe+QQIQXQ=-t+kFcRdzL6o=,A4tgQv5cqkc=,22,0
2023-02-20,xIqe+QQIQXQ=,t+kFcRdzL6o=,/M8gHzjxpNU=,t+kFcRdzL6o=-/M8gHzjxpNU=,A4tgQv5cqkc=,21,2
2023-02-20,xIqe+QQIQXQ=,t+kFcRdzL6o=,/M8gHzjxpNU=,xIqe+QQIQXQ=-/M8gHzjxpNU=,A4tgQv5cqkc=,21,2
2023-02-20,xIqe+QQIQXQ=,t+kFcRdzL6o=,/M8gHzjxpNU=,xIqe+QQIQXQ=-t+kFcRdzL6o=,A4tgQv5cqkc=,21,2
2023-02-20,xIqe+QQIQXQ=,t+kFcRdzL6o=,/M8gHzjxpNU=,t+kFcRdzL6o=-/M8gHzjxpNU=,A4tgQv5cqkc=,20,2
2023-02-20,xIqe+QQIQXQ=,t+kFcRdzL6o=,/M8gHzjxpNU=,xIqe+QQIQXQ=-/M8gHzjxpNU=,A4tgQv5cqkc=,20,2
2023-02-20,xIqe+QQIQXQ=,t+kFcRdzL6o=,/M8gHzjxpNU=,xIqe+QQIQXQ=-t+kFcRdzL6o=,A4tgQv5cqkc=,20,2
2023-02-20,xIqe+QQIQXQ=,t+kFcRdzL6o=,/M8gHzjxpNU=,t+kFcRdzL6o=-/M8gHzjxpNU=,A4tgQv5cqkc=,19,2
2023-02-20,xIqe+QQIQXQ=,t+kFcRdzL6o=,/M8gHzjxpNU=,xIqe+QQIQXQ=-/M8gHzjxpNU=,A4tgQv5cqkc=,19,2
2023-02-20,xIqe+QQIQXQ=,t+kFcRdzL6o=,/M8gHzjxpNU=,xIqe+QQIQXQ=-t+kFcRdzL6o=,A4tgQv5cqkc=,19,2
2023-02-20,xIqe+QQIQXQ=,t+kFcRdzL6o=,/M8gHzjxpNU=,t+kFcRdzL6o=-/M8gHzjxpNU=,A4tgQv5cqkc=,18,2
2023-02-20,xIqe+QQIQXQ=,t+kFcRdzL6o=,/M8gHzjxpNU=,xIqe+QQIQXQ=-/M8gHzjxpNU=,A4tgQv5cqkc=,18,2
2023-02-20,xIqe+QQIQXQ=,t+kFcRdzL6o=,/M8gHzjxpNU=,xIqe+QQIQXQ=-t+kFcRdzL6o=,A4tgQv5cqkc=,18,2
2023-02-20,xIqe+QQIQXQ=,t+kFcRdzL6o=,/M8gHzjxpNU=,t+kFcRdzL6o=-/M8gHzjxpNU=,A4tgQv5cqkc=,17,2
2023-02-20,xIqe+QQIQXQ=,t+kFcRdzL6o=,/M8gHzjxpNU=,xIqe+QQIQXQ=-/M8gHzjxpNU=,A4tgQv5cqkc=,17,2
2023-02-20,xIqe+QQIQXQ=,t+kFcRdzL6o=,/M8gHzjxpNU=,xIqe+QQIQXQ=-t+kFcRdzL6o=,A4tgQv5cqkc=,17,2
2023-02-20,xIqe+QQIQXQ=,t+kFcRdzL6o=,/M8gHzjxpNU=,t+kFcRdzL6o=-/M8gHzjxpNU=,A4tgQv5cqkc=,16,2
2023-02-20,xIqe+QQIQXQ=,t+kFcRdzL6o=,/M8gHzjxpNU=,xIqe+QQIQXQ=-/M8gHzjxpNU=,A4tgQv5cqkc=,16,2
2023-02-20,xIqe+QQIQXQ=,t+kFcRdzL6o=,/M8gHzjxpNU=,xIqe+QQIQXQ=-t+kFcRdzL6o=,A4tgQv5cqkc=,16,2
2023-02-20,xIqe+QQIQXQ=,t+kFcRdzL6o=,/M8gHzjxpNU=,t+kFcRdzL6o=-/M8gHzjxpNU=,A4tgQv5cqkc=,15,2
2023-02-20,xIqe+QQIQXQ=,t+kFcRdzL6o=,/M8gHzjxpNU=,xIqe+QQIQXQ=-/M8gHzjxpNU=,A4tgQv5cqkc=,15,2
2023-02-20,xIqe+QQIQXQ=,t+kFcRdzL6o=,/M8gHzjxpNU=,xIqe+QQIQXQ=-t+kFcRdzL6o=,A4tgQv5cqkc=,15,2
2023-02-20,xIqe+QQIQXQ=,t+kFcRdzL6o=,/M8gHzjxpNU=,t+kFcRdzL6o=-/M8gHzjxpNU=,A4tgQv5cqkc=,14,2
2023-02-20,xIqe+QQIQXQ=,t+kFcRdzL6o=,/M8gHzjxpNU=,xIqe+QQIQXQ=-/M8gHzjxpNU=,A4tgQv5cqkc=,14,2
2023-02-20,xIqe+QQIQXQ=,t+kFcRdzL6o=,/M8gHzjxpNU=,xIqe+QQIQXQ=-t+kFcRdzL6o=,A4tgQv5cqkc=,14,2
2023-02-20,xIqe+QQIQXQ=,t+kFcRdzL6o=,/M8gHzjxpNU=,t+kFcRdzL6o=-/M8gHzjxpNU=,A4tgQv5cqkc=,13,2
2023-02-20,xIqe+QQIQXQ=,t+kFcRdzL6o=,/M8gHzjxpNU=,xIqe+QQIQXQ=-/M8gHzjxpNU=,A4tgQv5cqkc=,13,2
2023-02-20,xIqe+QQIQXQ=,t+kFcRdzL6o=,/M8gHzjxpNU=,xIqe+QQIQXQ=-t+kFcRdzL6o=,A4tgQv5cqkc=,13,2
2023-02-20,xIqe+QQIQXQ=,t+kFcRdzL6o=,/M8gHzjxpNU=,t+kFcRdzL6o=-/M8gHzjxpNU=,A4tgQv5cqkc=,12,2
2023-02-20,xIqe+QQIQXQ=,t+kFcRdzL6o=,/M8gHzjxpNU=,xIqe+QQIQXQ=-/M8gHzjxpNU=,A4tgQv5cqkc=,12,2
2023-02-20,xIqe+QQIQXQ=,t+kFcRdzL6o=,/M8gHzjxpNU=,xIqe+QQIQXQ=-t+kFcRdzL6o=,A4tgQv5cqkc=,12,2
2023-02-20,xIqe+QQIQXQ=,t+kFcRdzL6o=,/M8gHzjxpNU=,t+kFcRdzL6o=-/M8gHzjxpNU=,A4tgQv5cqkc=,11,3
2023-02-20,xIqe+QQIQXQ=,t+kFcRdzL6o=,/M8gHzjxpNU=,xIqe+QQIQXQ=-/M8gHzjxpNU=,A4tgQv5cqkc=,11,3
2023-02-20,xIqe+QQIQXQ=,t+kFcRdzL6o=,/M8gHzjxpNU=,xIqe+QQIQXQ=-t+kFcRdzL6o=,A4tgQv5cqkc=,11,3
2023-02-20,xIqe+QQIQXQ=,t+kFcRdzL6o=,/M8gHzjxpNU=,t+kFcRdzL6o=-/M8gHzjxpNU=,A4tgQv5cqkc=,10,3
2023-02-20,xIqe+QQIQXQ=,t+kFcRdzL6o=,/M8gHzjxpNU=,xIqe+QQIQXQ=-/M8gHzjxpNU=,A4tgQv5cqkc=,10,3
2023-02-20,xIqe+QQIQXQ=,t+kFcRdzL6o=,/M8gHzjxpNU=,xIqe+QQIQXQ=-t+kFcRdzL6o=,A4tgQv5cqkc=,10,3
2023-02-20,xIqe+QQIQXQ=,t+kFcRdzL6o=,/M8gHzjxpNU=,t+kFcRdzL6o=-/M8gHzjxpNU=,A4tgQv5cqkc=,9,3
2023-02-20,xIqe+QQIQXQ=,t+kFcRdzL6o=,/M8gHzjxpNU=,xIqe+QQIQXQ=-/M8gHzjxpNU=,A4tgQv5cqkc=,9,3
2023-02-20,xIqe+QQIQXQ=,t+kFcRdzL6o=,/M8gHzjxpNU=,xIqe+QQIQXQ=-t+kFcRdzL6o=,A4tgQv5cqkc=,9,3
2023-02-20,xIqe+QQIQXQ=,t+kFcRdzL6o=,/M8gHzjxpNU=,t+kFcRdzL6o=-/M8gHzjxpNU=,A4tgQv5cqkc=,8,4
2023-02-20,xIqe+QQIQXQ=,t+kFcRdzL6o=,/M8gHzjxpNU=,xIqe+QQIQXQ=-/M8gHzjxpNU=,A4tgQv5cqkc=,8,4
2023-02-20,xIqe+QQIQXQ=,t+kFcRdzL6o=,/M8gHzjxpNU=,xIqe+QQIQXQ=-t+kFcRdzL6o=,A4tgQv5cqkc=,8,4
2023-02-20,xIqe+QQIQXQ=,t+kFcRdzL6o=,/M8gHzjxpNU=,t+kFcRdzL6o=-/M8gHzjxpNU=,A4tgQv5cqkc=,7,4
2023-02-20,xIqe+QQIQXQ=,t+kFcRdzL6o=,/M8gHzjxpNU=,xIqe+QQIQXQ=-/M8gHzjxpNU=,A4tgQv5cqkc=,7,4
2023-02-20,xIqe+QQIQXQ=,t+kFcRdzL6o=,/M8gHzjxpNU=,xIqe+QQIQXQ=-t+kFcRdzL6o=,A4tgQv5cqkc=,7,4
2023-02-20,xIqe+QQIQXQ=,t+kFcRdzL6o=,/M8gHzjxpNU=,t+kFcRdzL6o=-/M8gHzjxpNU=,A4tgQv5cqkc=,6,6
2023-02-20,xIqe+QQIQXQ=,t+kFcRdzL6o=,/M8gHzjxpNU=,xIqe+QQIQXQ=-/M8gHzjxpNU=,A4tgQv5cqkc=,6,6
2023-02-20,xIqe+QQIQXQ=,t+kFcRdzL6o=,/M8gHzjxpNU=,xIqe+QQIQXQ=-t+kFcRdzL6o=,A4tgQv5cqkc=,6,6
2023-02-20,xIqe+QQIQXQ=,t+kFcRdzL6o=,/M8gHzjxpNU=,t+kFcRdzL6o=-/M8gHzjxpNU=,A4tgQv5cqkc=,5,7
2023-02-20,xIqe+QQIQXQ=,t+kFcRdzL6o=,/M8gHzjxpNU=,xIqe+QQIQXQ=-/M8gHzjxpNU=,A4tgQv5cqkc=,5,6
2023-02-20,xIqe+QQIQXQ=,t+kFcRdzL6o=,/M8gHzjxpNU=,xIqe+QQIQXQ=-t+kFcRdzL6o=,A4tgQv5cqkc=,5,6
2023-02-20,xIqe+QQIQXQ=,t+kFcRdzL6o=,/M8gHzjxpNU=,t+kFcRdzL6o=-/M8gHzjxpNU=,A4tgQv5cqkc=,4,22
2023-02-20,xIqe+QQIQXQ=,t+kFcRdzL6o=,/M8gHzjxpNU=,xIqe+QQIQXQ=-/M8gHzjxpNU=,A4tgQv5cqkc=,4,14
2023-02-20,xIqe+QQIQXQ=,t+kFcRdzL6o=,/M8gHzjxpNU=,xIqe+QQIQXQ=-t+kFcRdzL6o=,A4tgQv5cqkc=,4,14
2023-02-20,xIqe+QQIQXQ=,t+kFcRdzL6o=,/M8gHzjxpNU=,t+kFcRdzL6o=-/M8gHzjxpNU=,A4tgQv5cqkc=,3,60
2023-02-20,xIqe+QQIQXQ=,t+kFcRdzL6o=,/M8gHzjxpNU=,xIqe+QQIQXQ=-/M8gHzjxpNU=,A4tgQv5cqkc=,3,45
2023-02-20,xIqe+QQIQXQ=,t+kFcRdzL6o=,/M8gHzjxpNU=,xIqe+QQIQXQ=-t+kFcRdzL6o=,A4tgQv5cqkc=,3,45
2023-02-20,xIqe+QQIQXQ=,t+kFcRdzL6o=,/M8gHzjxpNU=,t+kFcRdzL6o=-/M8gHzjxpNU=,A4tgQv5cqkc=,2,82
2023-02-20,xIqe+QQIQXQ=,t+kFcRdzL6o=,/M8gHzjxpNU=,xIqe+QQIQXQ=-/M8gHzjxpNU=,A4tgQv5cqkc=,2,65
2023-02-20,xIqe+QQIQXQ=,t+kFcRdzL6o=,/M8gHzjxpNU=,xIqe+QQIQXQ=-t+kFcRdzL6o=,A4tgQv5cqkc=,2,65
2023-02-20,xIqe+QQIQXQ=,t+kFcRdzL6o=,/M8gHzjxpNU=,t+kFcRdzL6o=-/M8gHzjxpNU=,A4tgQv5cqkc=,1,116
2023-02-20,xIqe+QQIQXQ=,t+kFcRdzL6o=,/M8gHzjxpNU=,xIqe+QQIQXQ=-/M8gHzjxpNU=,A4tgQv5cqkc=,1,90
2023-02-20,xIqe+QQIQXQ=,t+kFcRdzL6o=,/M8gHzjxpNU=,xIqe+QQIQXQ=-t+kFcRdzL6o=,A4tgQv5cqkc=,1,90
2023-02-20,xIqe+QQIQXQ=,t+kFcRdzL6o=,/M8gHzjxpNU=,t+kFcRdzL6o=-/M8gHzjxpNU=,A4tgQv5cqkc=,0,141
2023-02-20,xIqe+QQIQXQ=,t+kFcRdzL6o=,/M8gHzjxpNU=,xIqe+QQIQXQ=-/M8gHzjxpNU=,A4tgQv5cqkc=,0,115
2023-02-20,xIqe+QQIQXQ=,t+kFcRdzL6o=,/M8gHzjxpNU=,xIqe+QQIQXQ=-t+kFcRdzL6o=,A4tgQv5cqkc=,0,115
2023-02-20,xIqe+QQIQXQ=,t+kFcRdzL6o=,/M8gHzjxpNU=,t+kFcRdzL6o=-/M8gHzjxpNU=,A4tgQv5cqkc=,-1,141
2023-02-20,xIqe+QQIQXQ=,t+kFcRdzL6o=,/M8gHzjxpNU=,xIqe+QQIQXQ=-/M8gHzjxpNU=,A4tgQv5cqkc=,-1,115
2023-02-20,xIqe+QQIQXQ=,t+kFcRdzL6o=,/M8gHzjxpNU=,xIqe+QQIQXQ=-t+kFcRdzL6o=,A4tgQv5cqkc=,-1,115
2023-02-24,xIqe+QQIQXQ=,t+kFcRdzL6o=,/M8gHzjxpNU=,t+kFcRdzL6o=-/M8gHzjxpNU=,A4tgQv5cqkc=,29,2
2023-02-24,xIqe+QQIQXQ=,t+kFcRdzL6o=,/M8gHzjxpNU=,xIqe+QQIQXQ=-/M8gHzjxpNU=,A4tgQv5cqkc=,29,2
2023-02-24,xIqe+QQIQXQ=,t+kFcRdzL6o=,/M8gHzjxpNU=,xIqe+QQIQXQ=-t+kFcRdzL6o=,A4tgQv5cqkc=,29,2
2023-02-24,xIqe+QQIQXQ=,t+kFcRdzL6o=,/M8gHzjxpNU=,t+kFcRdzL6o=-/M8gHzjxpNU=,A4tgQv5cqkc=,28,2
2023-02-24,xIqe+QQIQXQ=,t+kFcRdzL6o=,/M8gHzjxpNU=,xIqe+QQIQXQ=-/M8gHzjxpNU=,A4tgQv5cqkc=,28,2
2023-02-24,xIqe+QQIQXQ=,t+kFcRdzL6o=,/M8gHzjxpNU=,xIqe+QQIQXQ=-t+kFcRdzL6o=,A4tgQv5cqkc=,28,2
2023-02-24,xIqe+QQIQXQ=,t+kFcRdzL6o=,/M8gHzjxpNU=,t+kFcRdzL6o=-/M8gHzjxpNU=,A4tgQv5cqkc=,27,2
2023-02-24,xIqe+QQIQXQ=,t+kFcRdzL6o=,/M8gHzjxpNU=,xIqe+QQIQXQ=-/M8gHzjxpNU=,A4tgQv5cqkc=,27,2
2023-02-24,xIqe+QQIQXQ=,t+kFcRdzL6o=,/M8gHzjxpNU=,xIqe+QQIQXQ=-t+kFcRdzL6o=,A4tgQv5cqkc=,27,2
2023-02-24,xIqe+QQIQXQ=,t+kFcRdzL6o=,/M8gHzjxpNU=,t+kFcRdzL6o=-/M8gHzjxpNU=,A4tgQv5cqkc=,26,2
2023-02-24,xIqe+QQIQXQ=,t+kFcRdzL6o=,/M8gHzjxpNU=,xIqe+QQIQXQ=-/M8gHzjxpNU=,A4tgQv5cqkc=,26,2
2023-02-24,xIqe+QQIQXQ=,t+kFcRdzL6o=,/M8gHzjxpNU=,xIqe+QQIQXQ=-t+kFcRdzL6o=,A4tgQv5cqkc=,26,2
2023-02-24,xIqe+QQIQXQ=,t+kFcRdzL6o=,/M8gHzjxpNU=,t+kFcRdzL6o=-/M8gHzjxpNU=,A4tgQv5cqkc=,25,2
2023-02-24,xIqe+QQIQXQ=,t+kFcRdzL6o=,/M8gHzjxpNU=,xIqe+QQIQXQ=-/M8gHzjxpNU=,A4tgQv5cqkc=,25,2
2023-02-24,xIqe+QQIQXQ=,t+kFcRdzL6o=,/M8gHzjxpNU=,xIqe+QQIQXQ=-t+kFcRdzL6o=,A4tgQv5cqkc=,25,2
2023-02-24,xIqe+QQIQXQ=,t+kFcRdzL6o=,/M8gHzjxpNU=,t+kFcRdzL6o=-/M8gHzjxpNU=,A4tgQv5cqkc=,24,2
2023-02-24,xIqe+QQIQXQ=,t+kFcRdzL6o=,/M8gHzjxpNU=,xIqe+QQIQXQ=-/M8gHzjxpNU=,A4tgQv5cqkc=,24,2
2023-02-24,xIqe+QQIQXQ=,t+kFcRdzL6o=,/M8gHzjxpNU=,xIqe+QQIQXQ=-t+kFcRdzL6o=,A4tgQv5cqkc=,24,2
2023-02-24,xIqe+QQIQXQ=,t+kFcRdzL6o=,/M8gHzjxpNU=,t+kFcRdzL6o=-/M8gHzjxpNU=,A4tgQv5cqkc=,23,2
2023-02-24,xIqe+QQIQXQ=,t+kFcRdzL6o=,/M8gHzjxpNU=,xIqe+QQIQXQ=-/M8gHzjxpNU=,A4tgQv5cqkc=,23,2
2023-02-24,xIqe+QQIQXQ=,t+kFcRdzL6o=,/M8gHzjxpNU=,xIqe+QQIQXQ=-t+kFcRdzL6o=,A4tgQv5cqkc=,23,2
2023-02-24,xIqe+QQIQXQ=,t+kFcRdzL6o=,/M8gHzjxpNU=,t+kFcRdzL6o=-/M8gHzjxpNU=,A4tgQv5cqkc=,22,2
2023-02-24,xIqe+QQIQXQ=,t+kFcRdzL6o=,/M8gHzjxpNU=,xIqe+QQIQXQ=-/M8gHzjxpNU=,A4tgQv5cqkc=,22,2
2023-02-24,xIqe+QQIQXQ=,t+kFcRdzL6o=,/M8gHzjxpNU=,xIqe+QQIQXQ=-t+kFcRdzL6o=,A4tgQv5cqkc=,22,2
2023-02-24,xIqe+QQIQXQ=,t+kFcRdzL6o=,/M8gHzjxpNU=,t+kFcRdzL6o=-/M8gHzjxpNU=,A4tgQv5cqkc=,21,2
2023-02-24,xIqe+QQIQXQ=,t+kFcRdzL6o=,/M8gHzjxpNU=,xIqe+QQIQXQ=-/M8gHzjxpNU=,A4tgQv5cqkc=,21,2
2023-02-24,xIqe+QQIQXQ=,t+kFcRdzL6o=,/M8gHzjxpNU=,xIqe+QQIQXQ=-t+kFcRdzL6o=,A4tgQv5cqkc=,21,2
2023-02-24,xIqe+QQIQXQ=,t+kFcRdzL6o=,/M8gHzjxpNU=,t+kFcRdzL6o=-/M8gHzjxpNU=,A4tgQv5cqkc=,20,2
2023-02-24,xIqe+QQIQXQ=,t+kFcRdzL6o=,/M8gHzjxpNU=,xIqe+QQIQXQ=-/M8gHzjxpNU=,A4tgQv5cqkc=,20,2
2023-02-24,xIqe+QQIQXQ=,t+kFcRdzL6o=,/M8gHzjxpNU=,xIqe+QQIQXQ=-t+kFcRdzL6o=,A4tgQv5cqkc=,20,2
2023-02-24,xIqe+QQIQXQ=,t+kFcRdzL6o=,/M8gHzjxpNU=,t+kFcRdzL6o=-/M8gHzjxpNU=,A4tgQv5cqkc=,19,2
2023-02-24,xIqe+QQIQXQ=,t+kFcRdzL6o=,/M8gHzjxpNU=,xIqe+QQIQXQ=-/M8gHzjxpNU=,A4tgQv5cqkc=,19,2
2023-02-24,xIqe+QQIQXQ=,t+kFcRdzL6o=,/M8gHzjxpNU=,xIqe+QQIQXQ=-t+kFcRdzL6o=,A4tgQv5cqkc=,19,2
2023-02-24,xIqe+QQIQXQ=,t+kFcRdzL6o=,/M8gHzjxpNU=,t+kFcRdzL6o=-/M8gHzjxpNU=,A4tgQv5cqkc=,18,2
2023-02-24,xIqe+QQIQXQ=,t+kFcRdzL6o=,/M8gHzjxpNU=,xIqe+QQIQXQ=-/M8gHzjxpNU=,A4tgQv5cqkc=,18,2
2023-02-24,xIqe+QQIQXQ=,t+kFcRdzL6o=,/M8gHzjxpNU=,xIqe+QQIQXQ=-t+kFcRdzL6o=,A4tgQv5cqkc=,18,2
2023-02-24,xIqe+QQIQXQ=,t+kFcRdzL6o=,/M8gHzjxpNU=,t+kFcRdzL6o=-/M8gHzjxpNU=,A4tgQv5cqkc=,17,2
2023-02-24,xIqe+QQIQXQ=,t+kFcRdzL6o=,/M8gHzjxpNU=,xIqe+QQIQXQ=-/M8gHzjxpNU=,A4tgQv5cqkc=,17,2
2023-02-24,xIqe+QQIQXQ=,t+kFcRdzL6o=,/M8gHzjxpNU=,xIqe+QQIQXQ=-t+kFcRdzL6o=,A4tgQv5cqkc=,17,2
2023-02-24,xIqe+QQIQXQ=,t+kFcRdzL6o=,/M8gHzjxpNU=,t+kFcRdzL6o=-/M8gHzjxpNU=,A4tgQv5cqkc=,16,2
2023-02-24,xIqe+QQIQXQ=,t+kFcRdzL6o=,/M8gHzjxpNU=,xIqe+QQIQXQ=-/M8gHzjxpNU=,A4tgQv5cqkc=,16,2
2023-02-24,xIqe+QQIQXQ=,t+kFcRdzL6o=,/M8gHzjxpNU=,xIqe+QQIQXQ=-t+kFcRdzL6o=,A4tgQv5cqkc=,16,2
2023-02-24,xIqe+QQIQXQ=,t+kFcRdzL6o=,/M8gHzjxpNU=,t+kFcRdzL6o=-/M8gHzjxpNU=,A4tgQv5cqkc=,15,2
2023-02-24,xIqe+QQIQXQ=,t+kFcRdzL6o=,/M8gHzjxpNU=,xIqe+QQIQXQ=-/M8gHzjxpNU=,A4tgQv5cqkc=,15,2
2023-02-24,xIqe+QQIQXQ=,t+kFcRdzL6o=,/M8gHzjxpNU=,xIqe+QQIQXQ=-t+kFcRdzL6o=,A4tgQv5cqkc=,15,2
2023-02-24,xIqe+QQIQXQ=,t+kFcRdzL6o=,/M8gHzjxpNU=,t+kFcRdzL6o=-/M8gHzjxpNU=,A4tgQv5cqkc=,14,2
2023-02-24,xIqe+QQIQXQ=,t+kFcRdzL6o=,/M8gHzjxpNU=,xIqe+QQIQXQ=-/M8gHzjxpNU=,A4tgQv5cqkc=,14,2
2023-02-24,xIqe+QQIQXQ=,t+kFcRdzL6o=,/M8gHzjxpNU=,xIqe+QQIQXQ=-t+kFcRdzL6o=,A4tgQv5cqkc=,14,2
2023-02-24,xIqe+QQIQXQ=,t+kFcRdzL6o=,/M8gHzjxpNU=,t+kFcRdzL6o=-/M8gHzjxpNU=,A4tgQv5cqkc=,13,3
2023-02-24,xIqe+QQIQXQ=,t+kFcRdzL6o=,/M8gHzjxpNU=,xIqe+QQIQXQ=-/M8gHzjxpNU=,A4tgQv5cqkc=,13,3
2023-02-24,xIqe+QQIQXQ=,t+kFcRdzL6o=,/M8gHzjxpNU=,xIqe+QQIQXQ=-t+kFcRdzL6o=,A4tgQv5cqkc=,13,3
2023-02-24,xIqe+QQIQXQ=,t+kFcRdzL6o=,/M8gHzjxpNU=,t+kFcRdzL6o=-/M8gHzjxpNU=,A4tgQv5cqkc=,12,3
2023-02-24,xIqe+QQIQXQ=,t+kFcRdzL6o=,/M8gHzjxpNU=,xIqe+QQIQXQ=-/M8gHzjxpNU=,A4tgQv5cqkc=,12,3
2023-02-24,xIqe+QQIQXQ=,t+kFcRdzL6o=,/M8gHzjxpNU=,xIqe+QQIQXQ=-t+kFcRdzL6o=,A4tgQv5cqkc=,12,3
2023-02-24,xIqe+QQIQXQ=,t+kFcRdzL6o=,/M8gHzjxpNU=,t+kFcRdzL6o=-/M8gHzjxpNU=,A4tgQv5cqkc=,11,3
2023-02-24,xIqe+QQIQXQ=,t+kFcRdzL6o=,/M8gHzjxpNU=,xIqe+QQIQXQ=-/M8gHzjxpNU=,A4tgQv5cqkc=,11,3
2023-02-24,xIqe+QQIQXQ=,t+kFcRdzL6o=,/M8gHzjxpNU=,xIqe+QQIQXQ=-t+kFcRdzL6o=,A4tgQv5cqkc=,11,3
2023-02-24,xIqe+QQIQXQ=,t+kFcRdzL6o=,/M8gHzjxpNU=,t+kFcRdzL6o=-/M8gHzjxpNU=,A4tgQv5cqkc=,10,3
2023-02-24,xIqe+QQIQXQ=,t+kFcRdzL6o=,/M8gHzjxpNU=,xIqe+QQIQXQ=-/M8gHzjxpNU=,A4tgQv5cqkc=,10,3
2023-02-24,xIqe+QQIQXQ=,t+kFcRdzL6o=,/M8gHzjxpNU=,xIqe+QQIQXQ=-t+kFcRdzL6o=,A4tgQv5cqkc=,10,3
2023-02-24,xIqe+QQIQXQ=,t+kFcRdzL6o=,/M8gHzjxpNU=,t+kFcRdzL6o=-/M8gHzjxpNU=,A4tgQv5cqkc=,9,3
2023-02-24,xIqe+QQIQXQ=,t+kFcRdzL6o=,/M8gHzjxpNU=,xIqe+QQIQXQ=-/M8gHzjxpNU=,A4tgQv5cqkc=,9,3
2023-02-24,xIqe+QQIQXQ=,t+kFcRdzL6o=,/M8gHzjxpNU=,xIqe+QQIQXQ=-t+kFcRdzL6o=,A4tgQv5cqkc=,9,3
2023-02-24,xIqe+QQIQXQ=,t+kFcRdzL6o=,/M8gHzjxpNU=,t+kFcRdzL6o=-/M8gHzjxpNU=,A4tgQv5cqkc=,8,4
2023-02-24,xIqe+QQIQXQ=,t+kFcRdzL6o=,/M8gHzjxpNU=,xIqe+QQIQXQ=-/M8gHzjxpNU=,A4tgQv5cqkc=,8,4
2023-02-24,xIqe+QQIQXQ=,t+kFcRdzL6o=,/M8gHzjxpNU=,xIqe+QQIQXQ=-t+kFcRdzL6o=,A4tgQv5cqkc=,8,4
2023-02-24,xIqe+QQIQXQ=,t+kFcRdzL6o=,/M8gHzjxpNU=,t+kFcRdzL6o=-/M8gHzjxpNU=,A4tgQv5cqkc=,7,7
2023-02-24,xIqe+QQIQXQ=,t+kFcRdzL6o=,/M8gHzjxpNU=,xIqe+QQIQXQ=-/M8gHzjxpNU=,A4tgQv5cqkc=,7,7
2023-02-24,xIqe+QQIQXQ=,t+kFcRdzL6o=,/M8gHzjxpNU=,xIqe+QQIQXQ=-t+kFcRdzL6o=,A4tgQv5cqkc=,7,7
2023-02-24,xIqe+QQIQXQ=,t+kFcRdzL6o=,/M8gHzjxpNU=,t+kFcRdzL6o=-/M8gHzjxpNU=,A4tgQv5cqkc=,6,12
2023-02-24,xIqe+QQIQXQ=,t+kFcRdzL6o=,/M8gHzjxpNU=,xIqe+QQIQXQ=-/M8gHzjxpNU=,A4tgQv5cqkc=,6,10
2023-02-24,xIqe+QQIQXQ=,t+kFcRdzL6o=,/M8gHzjxpNU=,xIqe+QQIQXQ=-t+kFcRdzL6o=,A4tgQv5cqkc=,6,10
2023-02-24,xIqe+QQIQXQ=,t+kFcRdzL6o=,/M8gHzjxpNU=,t+kFcRdzL6o=-/M8gHzjxpNU=,A4tgQv5cqkc=,5,29
2023-02-24,xIqe+QQIQXQ=,t+kFcRdzL6o=,/M8gHzjxpNU=,xIqe+QQIQXQ=-/M8gHzjxpNU=,A4tgQv5cqkc=,5,15
2023-02-24,xIqe+QQIQXQ=,t+kFcRdzL6o=,/M8gHzjxpNU=,xIqe+QQIQXQ=-t+kFcRdzL6o=,A4tgQv5cqkc=,5,15
2023-02-24,xIqe+QQIQXQ=,t+kFcRdzL6o=,/M8gHzjxpNU=,t+kFcRdzL6o=-/M8gHzjxpNU=,A4tgQv5cqkc=,4,32
2023-02-24,xIqe+QQIQXQ=,t+kFcRdzL6o=,/M8gHzjxpNU=,xIqe+QQIQXQ=-/M8gHzjxpNU=,A4tgQv5cqkc=,4,17
2023-02-24,xIqe+QQIQXQ=,t+kFcRdzL6o=,/M8gHzjxpNU=,xIqe+QQIQXQ=-t+kFcRdzL6o=,A4tgQv5cqkc=,4,17
2023-02-24,xIqe+QQIQXQ=,t+kFcRdzL6o=,/M8gHzjxpNU=,t+kFcRdzL6o=-/M8gHzjxpNU=,A4tgQv5cqkc=,3,42
2023-02-24,xIqe+QQIQXQ=,t+kFcRdzL6o=,/M8gHzjxpNU=,xIqe+QQIQXQ=-/M8gHzjxpNU=,A4tgQv5cqkc=,3,28
2023-02-24,xIqe+QQIQXQ=,t+kFcRdzL6o=,/M8gHzjxpNU=,xIqe+QQIQXQ=-t+kFcRdzL6o=,A4tgQv5cqkc=,3,28
2023-02-24,xIqe+QQIQXQ=,t+kFcRdzL6o=,/M8gHzjxpNU=,t+kFcRdzL6o=-/M8gHzjxpNU=,A4tgQv5cqkc=,2,108
2023-02-24,xIqe+QQIQXQ=,t+kFcRdzL6o=,/M8gHzjxpNU=,xIqe+QQIQXQ=-/M8gHzjxpNU=,A4tgQv5cqkc=,2,83
2023-02-24,xIqe+QQIQXQ=,t+kFcRdzL6o=,/M8gHzjxpNU=,xIqe+QQIQXQ=-t+kFcRdzL6o=,A4tgQv5cqkc=,2,83
2023-02-24,xIqe+QQIQXQ=,t+kFcRdzL6o=,/M8gHzjxpNU=,t+kFcRdzL6o=-/M8gHzjxpNU=,A4tgQv5cqkc=,1,154
2023-02-24,xIqe+QQIQXQ=,t+kFcRdzL6o=,/M8gHzjxpNU=,xIqe+QQIQXQ=-/M8gHzjxpNU=,A4tgQv5cqkc=,1,123
2023-02-24,xIqe+QQIQXQ=,t+kFcRdzL6o=,/M8gHzjxpNU=,xIqe+QQIQXQ=-t+kFcRdzL6o=,A4tgQv5cqkc=,1,123
2023-02-24,xIqe+QQIQXQ=,t+kFcRdzL6o=,/M8gHzjxpNU=,t+kFcRdzL6o=-/M8gHzjxpNU=,A4tgQv5cqkc=,0,183
2023-02-24,xIqe+QQIQXQ=,t+kFcRdzL6o=,/M8gHzjxpNU=,xIqe+QQIQXQ=-/M8gHzjxpNU=,A4tgQv5cqkc=,0,143
2023-02-24,xIqe+QQIQXQ=,t+kFcRdzL6o=,/M8gHzjxpNU=,xIqe+QQIQXQ=-t+kFcRdzL6o=,A4tgQv5cqkc=,0,143
2023-02-24,xIqe+QQIQXQ=,t+kFcRdzL6o=,/M8gHzjxpNU=,t+kFcRdzL6o=-/M8gHzjxpNU=,A4tgQv5cqkc=,-1,183
2023-02-24,xIqe+QQIQXQ=,t+kFcRdzL6o=,/M8gHzjxpNU=,xIqe+QQIQXQ=-/M8gHzjxpNU=,A4tgQv5cqkc=,-1,143
2023-02-24,xIqe+QQIQXQ=,t+kFcRdzL6o=,/M8gHzjxpNU=,xIqe+QQIQXQ=-t+kFcRdzL6o=,A4tgQv5cqkc=,-1,143
2023-02-26,xIqe+QQIQXQ=,t+kFcRdzL6o=,/M8gHzjxpNU=,t+kFcRdzL6o=-/M8gHzjxpNU=,A4tgQv5cqkc=,29,8
2023-02-26,xIqe+QQIQXQ=,t+kFcRdzL6o=,/M8gHzjxpNU=,xIqe+QQIQXQ=-/M8gHzjxpNU=,A4tgQv5cqkc=,29,8
2023-02-26,xIqe+QQIQXQ=,t+kFcRdzL6o=,/M8gHzjxpNU=,xIqe+QQIQXQ=-t+kFcRdzL6o=,A4tgQv5cqkc=,29,8
2023-02-26,xIqe+QQIQXQ=,t+kFcRdzL6o=,/M8gHzjxpNU=,t+kFcRdzL6o=-/M8gHzjxpNU=,A4tgQv5cqkc=,28,8
2023-02-26,xIqe+QQIQXQ=,t+kFcRdzL6o=,/M8gHzjxpNU=,xIqe+QQIQXQ=-/M8gHzjxpNU=,A4tgQv5cqkc=,28,8
2023-02-26,xIqe+QQIQXQ=,t+kFcRdzL6o=,/M8gHzjxpNU=,xIqe+QQIQXQ=-t+kFcRdzL6o=,A4tgQv5cqkc=,28,8
2023-02-26,xIqe+QQIQXQ=,t+kFcRdzL6o=,/M8gHzjxpNU=,t+kFcRdzL6o=-/M8gHzjxpNU=,A4tgQv5cqkc=,27,8
2023-02-26,xIqe+QQIQXQ=,t+kFcRdzL6o=,/M8gHzjxpNU=,xIqe+QQIQXQ=-/M8gHzjxpNU=,A4tgQv5cqkc=,27,8
2023-02-26,xIqe+QQIQXQ=,t+kFcRdzL6o=,/M8gHzjxpNU=,xIqe+QQIQXQ=-t+kFcRdzL6o=,A4tgQv5cqkc=,27,8
2023-02-26,xIqe+QQIQXQ=,t+kFcRdzL6o=,/M8gHzjxpNU=,t+kFcRdzL6o=-/M8gHzjxpNU=,A4tgQv5cqkc=,26,8
2023-02-26,xIqe+QQIQXQ=,t+kFcRdzL6o=,/M8gHzjxpNU=,xIqe+QQIQXQ=-/M8gHzjxpNU=,A4tgQv5cqkc=,26,8
2023-02-26,xIqe+QQIQXQ=,t+kFcRdzL6o=,/M8gHzjxpNU=,xIqe+QQIQXQ=-t+kFcRdzL6o=,A4tgQv5cqkc=,26,8
2023-02-26,xIqe+QQIQXQ=,t+kFcRdzL6o=,/M8gHzjxpNU=,t+kFcRdzL6o=-/M8gHzjxpNU=,A4tgQv5cqkc=,25,8
2023-02-26,xIqe+QQIQXQ=,t+kFcRdzL6o=,/M8gHzjxpNU=,xIqe+QQIQXQ=-/M8gHzjxpNU=,A4tgQv5cqkc=,25,8
2023-02-26,xIqe+QQIQXQ=,t+kFcRdzL6o=,/M8gHzjxpNU=,xIqe+QQIQXQ=-t+kFcRdzL6o=,A4tgQv5cqkc=,25,8
2023-02-26,xIqe+QQIQXQ=,t+kFcRdzL6o=,/M8gHzjxpNU=,t+kFcRdzL6o=-/M8gHzjxpNU=,A4tgQv5cqkc=,24,8
2023-02-26,xIqe+QQIQXQ=,t+kFcRdzL6o=,/M8gHzjxpNU=,xIqe+QQIQXQ=-/M8gHzjxpNU=,A4tgQv5cqkc=,24,8
2023-02-26,xIqe+QQIQXQ=,t+kFcRdzL6o=,/M8gHzjxpNU=,xIqe+QQIQXQ=-t+kFcRdzL6o=,A4tgQv5cqkc=,24,8
2023-02-26,xIqe+QQIQXQ=,t+kFcRdzL6o=,/M8gHzjxpNU=,t+kFcRdzL6o=-/M8gHzjxpNU=,A4tgQv5cqkc=,23,8
2023-02-26,xIqe+QQIQXQ=,t+kFcRdzL6o=,/M8gHzjxpNU=,xIqe+QQIQXQ=-/M8gHzjxpNU=,A4tgQv5cqkc=,23,8
2023-02-26,xIqe+QQIQXQ=,t+kFcRdzL6o=,/M8gHzjxpNU=,xIqe+QQIQXQ=-t+kFcRdzL6o=,A4tgQv5cqkc=,23,8
2023-02-26,xIqe+QQIQXQ=,t+kFcRdzL6o=,/M8gHzjxpNU=,t+kFcRdzL6o=-/M8gHzjxpNU=,A4tgQv5cqkc=,22,8
2023-02-26,xIqe+QQIQXQ=,t+kFcRdzL6o=,/M8gHzjxpNU=,xIqe+QQIQXQ=-/M8gHzjxpNU=,A4tgQv5cqkc=,22,8
2023-02-26,xIqe+QQIQXQ=,t+kFcRdzL6o=,/M8gHzjxpNU=,xIqe+QQIQXQ=-t+kFcRdzL6o=,A4tgQv5cqkc=,22,8
2023-02-26,xIqe+QQIQXQ=,t+kFcRdzL6o=,/M8gHzjxpNU=,t+kFcRdzL6o=-/M8gHzjxpNU=,A4tgQv5cqkc=,21,8
2023-02-26,xIqe+QQIQXQ=,t+kFcRdzL6o=,/M8gHzjxpNU=,xIqe+QQIQXQ=-/M8gHzjxpNU=,A4tgQv5cqkc=,21,8
2023-02-26,xIqe+QQIQXQ=,t+kFcRdzL6o=,/M8gHzjxpNU=,xIqe+QQIQXQ=-t+kFcRdzL6o=,A4tgQv5cqkc=,21,8
2023-02-26,xIqe+QQIQXQ=,t+kFcRdzL6o=,/M8gHzjxpNU=,t+kFcRdzL6o=-/M8gHzjxpNU=,A4tgQv5cqkc=,20,8
2023-02-26,xIqe+QQIQXQ=,t+kFcRdzL6o=,/M8gHzjxpNU=,xIqe+QQIQXQ=-/M8gHzjxpNU=,A4tgQv5cqkc=,20,8
2023-02-26,xIqe+QQIQXQ=,t+kFcRdzL6o=,/M8gHzjxpNU=,xIqe+QQIQXQ=-t+kFcRdzL6o=,A4tgQv5cqkc=,20,8
2023-02-26,xIqe+QQIQXQ=,t+kFcRdzL6o=,/M8gHzjxpNU=,t+kFcRdzL6o=-/M8gHzjxpNU=,A4tgQv5cqkc=,19,8
2023-02-26,xIqe+QQIQXQ=,t+kFcRdzL6o=,/M8gHzjxpNU=,xIqe+QQIQXQ=-/M8gHzjxpNU=,A4tgQv5cqkc=,19,8
2023-02-26,xIqe+QQIQXQ=,t+kFcRdzL6o=,/M8gHzjxpNU=,xIqe+QQIQXQ=-t+kFcRdzL6o=,A4tgQv5cqkc=,19,8
2023-02-26,xIqe+QQIQXQ=,t+kFcRdzL6o=,/M8gHzjxpNU=,t+kFcRdzL6o=-/M8gHzjxpNU=,A4tgQv5cqkc=,18,8
2023-02-26,xIqe+QQIQXQ=,t+kFcRdzL6o=,/M8gHzjxpNU=,xIqe+QQIQXQ=-/M8gHzjxpNU=,A4tgQv5cqkc=,18,9
2023-02-26,xIqe+QQIQXQ=,t+kFcRdzL6o=,/M8gHzjxpNU=,xIqe+QQIQXQ=-t+kFcRdzL6o=,A4tgQv5cqkc=,18,9
2023-02-26,xIqe+QQIQXQ=,t+kFcRdzL6o=,/M8gHzjxpNU=,t+kFcRdzL6o=-/M8gHzjxpNU=,A4tgQv5cqkc=,17,8
2023-02-26,xIqe+QQIQXQ=,t+kFcRdzL6o=,/M8gHzjxpNU=,xIqe+QQIQXQ=-/M8gHzjxpNU=,A4tgQv5cqkc=,17,9
2023-02-26,xIqe+QQIQXQ=,t+kFcRdzL6o=,/M8gHzjxpNU=,xIqe+QQIQXQ=-t+kFcRdzL6o=,A4tgQv5cqkc=,17,9
2023-02-26,xIqe+QQIQXQ=,t+kFcRdzL6o=,/M8gHzjxpNU=,t+kFcRdzL6o=-/M8gHzjxpNU=,A4tgQv5cqkc=,16,8
2023-02-26,xIqe+QQIQXQ=,t+kFcRdzL6o=,/M8gHzjxpNU=,xIqe+QQIQXQ=-/M8gHzjxpNU=,A4tgQv5cqkc=,16,9
2023-02-26,xIqe+QQIQXQ=,t+kFcRdzL6o=,/M8gHzjxpNU=,xIqe+QQIQXQ=-t+kFcRdzL6o=,A4tgQv5cqkc=,16,9
2023-02-26,xIqe+QQIQXQ=,t+kFcRdzL6o=,/M8gHzjxpNU=,t+kFcRdzL6o=-/M8gHzjxpNU=,A4tgQv5cqkc=,15,8
2023-02-26,xIqe+QQIQXQ=,t+kFcRdzL6o=,/M8gHzjxpNU=,xIqe+QQIQXQ=-/M8gHzjxpNU=,A4tgQv5cqkc=,15,9
2023-02-26,xIqe+QQIQXQ=,t+kFcRdzL6o=,/M8gHzjxpNU=,xIqe+QQIQXQ=-t+kFcRdzL6o=,A4tgQv5cqkc=,15,9
2023-02-26,xIqe+QQIQXQ=,t+kFcRdzL6o=,/M8gHzjxpNU=,t+kFcRdzL6o=-/M8gHzjxpNU=,A4tgQv5cqkc=,14,8
2023-02-26,xIqe+QQIQXQ=,t+kFcRdzL6o=,/M8gHzjxpNU=,xIqe+QQIQXQ=-/M8gHzjxpNU=,A4tgQv5cqkc=,14,9
2023-02-26,xIqe+QQIQXQ=,t+kFcRdzL6o=,/M8gHzjxpNU=,xIqe+QQIQXQ=-t+kFcRdzL6o=,A4tgQv5cqkc=,14,9
2023-02-26,xIqe+QQIQXQ=,t+kFcRdzL6o=,/M8gHzjxpNU=,t+kFcRdzL6o=-/M8gHzjxpNU=,A4tgQv5cqkc=,13,8
2023-02-26,xIqe+QQIQXQ=,t+kFcRdzL6o=,/M8gHzjxpNU=,xIqe+QQIQXQ=-/M8gHzjxpNU=,A4tgQv5cqkc=,13,9
2023-02-26,xIqe+QQIQXQ=,t+kFcRdzL6o=,/M8gHzjxpNU=,xIqe+QQIQXQ=-t+kFcRdzL6o=,A4tgQv5cqkc=,13,9
2023-02-26,xIqe+QQIQXQ=,t+kFcRdzL6o=,/M8gHzjxpNU=,t+kFcRdzL6o=-/M8gHzjxpNU=,A4tgQv5cqkc=,12,9
2023-02-26,xIqe+QQIQXQ=,t+kFcRdzL6o=,/M8gHzjxpNU=,xIqe+QQIQXQ=-/M8gHzjxpNU=,A4tgQv5cqkc=,12,9
2023-02-26,xIqe+QQIQXQ=,t+kFcRdzL6o=,/M8gHzjxpNU=,xIqe+QQIQXQ=-t+kFcRdzL6o=,A4tgQv5cqkc=,12,9
2023-02-26,xIqe+QQIQXQ=,t+kFcRdzL6o=,/M8gHzjxpNU=,t+kFcRdzL6o=-/M8gHzjxpNU=,A4tgQv5cqkc=,11,10
2023-02-26,xIqe+QQIQXQ=,t+kFcRdzL6o=,/M8gHzjxpNU=,xIqe+QQIQXQ=-/M8gHzjxpNU=,A4tgQv5cqkc=,11,9
2023-02-26,xIqe+QQIQXQ=,t+kFcRdzL6o=,/M8gHzjxpNU=,xIqe+QQIQXQ=-t+kFcRdzL6o=,A4tgQv5cqkc=,11,9
2023-02-26,xIqe+QQIQXQ=,t+kFcRdzL6o=,/M8gHzjxpNU=,t+kFcRdzL6o=-/M8gHzjxpNU=,A4tgQv5cqkc=,10,10
2023-02-26,xIqe+QQIQXQ=,t+kFcRdzL6o=,/M8gHzjxpNU=,xIqe+QQIQXQ=-/M8gHzjxpNU=,A4tgQv5cqkc=,10,9
2023-02-26,xIqe+QQIQXQ=,t+kFcRdzL6o=,/M8gHzjxpNU=,xIqe+QQIQXQ=-t+kFcRdzL6o=,A4tgQv5cqkc=,10,9
2023-02-26,xIqe+QQIQXQ=,t+kFcRdzL6o=,/M8gHzjxpNU=,t+kFcRdzL6o=-/M8gHzjxpNU=,A4tgQv5cqkc=,9,18
2023-02-26,xIqe+QQIQXQ=,t+kFcRdzL6o=,/M8gHzjxpNU=,xIqe+QQIQXQ=-/M8gHzjxpNU=,A4tgQv5cqkc=,9,16
2023-02-26,xIqe+QQIQXQ=,t+kFcRdzL6o=,/M8gHzjxpNU=,xIqe+QQIQXQ=-t+kFcRdzL6o=,A4tgQv5cqkc=,9,16
2023-02-26,xIqe+QQIQXQ=,t+kFcRdzL6o=,/M8gHzjxpNU=,t+kFcRdzL6o=-/M8gHzjxpNU=,A4tgQv5cqkc=,8,20
2023-02-26,xIqe+QQIQXQ=,t+kFcRdzL6o=,/M8gHzjxpNU=,xIqe+QQIQXQ=-/M8gHzjxpNU=,A4tgQv5cqkc=,8,18
2023-02-26,xIqe+QQIQXQ=,t+kFcRdzL6o=,/M8gHzjxpNU=,xIqe+QQIQXQ=-t+kFcRdzL6o=,A4tgQv5cqkc=,8,18
2023-02-26,xIqe+QQIQXQ=,t+kFcRdzL6o=,/M8gHzjxpNU=,t+kFcRdzL6o=-/M8gHzjxpNU=,A4tgQv5cqkc=,7,24
2023-02-26,xIqe+QQIQXQ=,t+kFcRdzL6o=,/M8gHzjxpNU=,xIqe+QQIQXQ=-/M8gHzjxpNU=,A4tgQv5cqkc=,7,22
2023-02-26,xIqe+QQIQXQ=,t+kFcRdzL6o=,/M8gHzjxpNU=,xIqe+QQIQXQ=-t+kFcRdzL6o=,A4tgQv5cqkc=,7,22
2023-02-26,xIqe+QQIQXQ=,t+kFcRdzL6o=,/M8gHzjxpNU=,t+kFcRdzL6o=-/M8gHzjxpNU=,A4tgQv5cqkc=,6,36
2023-02-26,xIqe+QQIQXQ=,t+kFcRdzL6o=,/M8gHzjxpNU=,xIqe+QQIQXQ=-/M8gHzjxpNU=,A4tgQv5cqkc=,6,24
2023-02-26,xIqe+QQIQXQ=,t+kFcRdzL6o=,/M8gHzjxpNU=,xIqe+QQIQXQ=-t+kFcRdzL6o=,A4tgQv5cqkc=,6,24
2023-02-26,xIqe+QQIQXQ=,t+kFcRdzL6o=,/M8gHzjxpNU=,t+kFcRdzL6o=-/M8gHzjxpNU=,A4tgQv5cqkc=,5,59
2023-02-26,xIqe+QQIQXQ=,t+kFcRdzL6o=,/M8gHzjxpNU=,xIqe+QQIQXQ=-/M8gHzjxpNU=,A4tgQv5cqkc=,5,47
2023-02-26,xIqe+QQIQXQ=,t+kFcRdzL6o=,/M8gHzjxpNU=,xIqe+QQIQXQ=-t+kFcRdzL6o=,A4tgQv5cqkc=,5,47
2023-02-26,xIqe+QQIQXQ=,t+kFcRdzL6o=,/M8gHzjxpNU=,t+kFcRdzL6o=-/M8gHzjxpNU=,A4tgQv5cqkc=,4,76
2023-02-26,xIqe+QQIQXQ=,t+kFcRdzL6o=,/M8gHzjxpNU=,xIqe+QQIQXQ=-/M8gHzjxpNU=,A4tgQv5cqkc=,4,63
2023-02-26,xIqe+QQIQXQ=,t+kFcRdzL6o=,/M8gHzjxpNU=,xIqe+QQIQXQ=-t+kFcRdzL6o=,A4tgQv5cqkc=,4,63
2023-02-26,xIqe+QQIQXQ=,t+kFcRdzL6o=,/M8gHzjxpNU=,t+kFcRdzL6o=-/M8gHzjxpNU=,A4tgQv5cqkc=,3,109
2023-02-26,xIqe+QQIQXQ=,t+kFcRdzL6o=,/M8gHzjxpNU=,xIqe+QQIQXQ=-/M8gHzjxpNU=,A4tgQv5cqkc=,3,92
2023-02-26,xIqe+QQIQXQ=,t+kFcRdzL6o=,/M8gHzjxpNU=,xIqe+QQIQXQ=-t+kFcRdzL6o=,A4tgQv5cqkc=,3,92
2023-02-26,xIqe+QQIQXQ=,t+kFcRdzL6o=,/M8gHzjxpNU=,t+kFcRdzL6o=-/M8gHzjxpNU=,A4tgQv5cqkc=,2,121
2023-02-26,xIqe+QQIQXQ=,t+kFcRdzL6o=,/M8gHzjxpNU=,xIqe+QQIQXQ=-/M8gHzjxpNU=,A4tgQv5cqkc=,2,104
2023-02-26,xIqe+QQIQXQ=,t+kFcRdzL6o=,/M8gHzjxpNU=,xIqe+QQIQXQ=-t+kFcRdzL6o=,A4tgQv5cqkc=,2,104
2023-02-26,xIqe+QQIQXQ=,t+kFcRdzL6o=,/M8gHzjxpNU=,t+kFcRdzL6o=-/M8gHzjxpNU=,A4tgQv5cqkc=,1,131
2023-02-26,xIqe+QQIQXQ=,t+kFcRdzL6o=,/M8gHzjxpNU=,xIqe+QQIQXQ=-/M8gHzjxpNU=,A4tgQv5cqkc=,1,115
2023-02-26,xIqe+QQIQXQ=,t+kFcRdzL6o=,/M8gHzjxpNU=,xIqe+QQIQXQ=-t+kFcRdzL6o=,A4tgQv5cqkc=,1,115
2023-02-26,xIqe+QQIQXQ=,t+kFcRdzL6o=,/M8gHzjxpNU=,t+kFcRdzL6o=-/M8gHzjxpNU=,A4tgQv5cqkc=,0,155
2023-02-26,xIqe+QQIQXQ=,t+kFcRdzL6o=,/M8gHzjxpNU=,xIqe+QQIQXQ=-/M8gHzjxpNU=,A4tgQv5cqkc=,0,141
2023-02-26,xIqe+QQIQXQ=,t+kFcRdzL6o=,/M8gHzjxpNU=,xIqe+QQIQXQ=-t+kFcRdzL6o=,A4tgQv5cqkc=,0,141
2023-02-26,xIqe+QQIQXQ=,t+kFcRdzL6o=,/M8gHzjxpNU=,t+kFcRdzL6o=-/M8gHzjxpNU=,A4tgQv5cqkc=,-1,155
2023-02-26,xIqe+QQIQXQ=,t+kFcRdzL6o=,/M8gHzjxpNU=,xIqe+QQIQXQ=-/M8gHzjxpNU=,A4tgQv5cqkc=,-1,141
2023-02-26,xIqe+QQIQXQ=,t+kFcRdzL6o=,/M8gHzjxpNU=,xIqe+QQIQXQ=-t+kFcRdzL6o=,A4tgQv5cqkc=,-1,141
2023-02-27,xIqe+QQIQXQ=,t+kFcRdzL6o=,/M8gHzjxpNU=,t+kFcRdzL6o=-/M8gHzjxpNU=,A4tgQv5cqkc=,29,5
2023-02-27,xIqe+QQIQXQ=,t+kFcRdzL6o=,/M8gHzjxpNU=,xIqe+QQIQXQ=-/M8gHzjxpNU=,A4tgQv5cqkc=,29,5
2023-02-27,xIqe+QQIQXQ=,t+kFcRdzL6o=,/M8gHzjxpNU=,xIqe+QQIQXQ=-t+kFcRdzL6o=,A4tgQv5cqkc=,29,5
2023-02-27,xIqe+QQIQXQ=,t+kFcRdzL6o=,/M8gHzjxpNU=,t+kFcRdzL6o=-/M8gHzjxpNU=,A4tgQv5cqkc=,28,5
2023-02-27,xIqe+QQIQXQ=,t+kFcRdzL6o=,/M8gHzjxpNU=,xIqe+QQIQXQ=-/M8gHzjxpNU=,A4tgQv5cqkc=,28,5
2023-02-27,xIqe+QQIQXQ=,t+kFcRdzL6o=,/M8gHzjxpNU=,xIqe+QQIQXQ=-t+kFcRdzL6o=,A4tgQv5cqkc=,28,5
2023-02-27,xIqe+QQIQXQ=,t+kFcRdzL6o=,/M8gHzjxpNU=,t+kFcRdzL6o=-/M8gHzjxpNU=,A4tgQv5cqkc=,27,5
2023-02-27,xIqe+QQIQXQ=,t+kFcRdzL6o=,/M8gHzjxpNU=,xIqe+QQIQXQ=-/M8gHzjxpNU=,A4tgQv5cqkc=,27,5
2023-02-27,xIqe+QQIQXQ=,t+kFcRdzL6o=,/M8gHzjxpNU=,xIqe+QQIQXQ=-t+kFcRdzL6o=,A4tgQv5cqkc=,27,5
2023-02-27,xIqe+QQIQXQ=,t+kFcRdzL6o=,/M8gHzjxpNU=,t+kFcRdzL6o=-/M8gHzjxpNU=,A4tgQv5cqkc=,26,5
2023-02-27,xIqe+QQIQXQ=,t+kFcRdzL6o=,/M8gHzjxpNU=,xIqe+QQIQXQ=-/M8gHzjxpNU=,A4tgQv5cqkc=,26,5
2023-02-27,xIqe+QQIQXQ=,t+kFcRdzL6o=,/M8gHzjxpNU=,xIqe+QQIQXQ=-t+kFcRdzL6o=,A4tgQv5cqkc=,26,5
2023-02-27,xIqe+QQIQXQ=,t+kFcRdzL6o=,/M8gHzjxpNU=,t+kFcRdzL6o=-/M8gHzjxpNU=,A4tgQv5cqkc=,25,5
2023-02-27,xIqe+QQIQXQ=,t+kFcRdzL6o=,/M8gHzjxpNU=,xIqe+QQIQXQ=-/M8gHzjxpNU=,A4tgQv5cqkc=,25,5
2023-02-27,xIqe+QQIQXQ=,t+kFcRdzL6o=,/M8gHzjxpNU=,xIqe+QQIQXQ=-t+kFcRdzL6o=,A4tgQv5cqkc=,25,5
2023-02-27,xIqe+QQIQXQ=,t+kFcRdzL6o=,/M8gHzjxpNU=,t+kFcRdzL6o=-/M8gHzjxpNU=,A4tgQv5cqkc=,24,5
2023-02-27,xIqe+QQIQXQ=,t+kFcRdzL6o=,/M8gHzjxpNU=,xIqe+QQIQXQ=-/M8gHzjxpNU=,A4tgQv5cqkc=,24,5
2023-02-27,xIqe+QQIQXQ=,t+kFcRdzL6o=,/M8gHzjxpNU=,xIqe+QQIQXQ=-t+kFcRdzL6o=,A4tgQv5cqkc=,24,5
2023-02-27,xIqe+QQIQXQ=,t+kFcRdzL6o=,/M8gHzjxpNU=,t+kFcRdzL6o=-/M8gHzjxpNU=,A4tgQv5cqkc=,23,5
2023-02-27,xIqe+QQIQXQ=,t+kFcRdzL6o=,/M8gHzjxpNU=,xIqe+QQIQXQ=-/M8gHzjxpNU=,A4tgQv5cqkc=,23,5
2023-02-27,xIqe+QQIQXQ=,t+kFcRdzL6o=,/M8gHzjxpNU=,xIqe+QQIQXQ=-t+kFcRdzL6o=,A4tgQv5cqkc=,23,5
2023-02-27,xIqe+QQIQXQ=,t+kFcRdzL6o=,/M8gHzjxpNU=,t+kFcRdzL6o=-/M8gHzjxpNU=,A4tgQv5cqkc=,22,5
2023-02-27,xIqe+QQIQXQ=,t+kFcRdzL6o=,/M8gHzjxpNU=,xIqe+QQIQXQ=-/M8gHzjxpNU=,A4tgQv5cqkc=,22,5
2023-02-27,xIqe+QQIQXQ=,t+kFcRdzL6o=,/M8gHzjxpNU=,xIqe+QQIQXQ=-t+kFcRdzL6o=,A4tgQv5cqkc=,22,5
2023-02-27,xIqe+QQIQXQ=,t+kFcRdzL6o=,/M8gHzjxpNU=,t+kFcRdzL6o=-/M8gHzjxpNU=,A4tgQv5cqkc=,21,5
2023-02-27,xIqe+QQIQXQ=,t+kFcRdzL6o=,/M8gHzjxpNU=,xIqe+QQIQXQ=-/M8gHzjxpNU=,A4tgQv5cqkc=,21,5
2023-02-27,xIqe+QQIQXQ=,t+kFcRdzL6o=,/M8gHzjxpNU=,xIqe+QQIQXQ=-t+kFcRdzL6o=,A4tgQv5cqkc=,21,5
2023-02-27,xIqe+QQIQXQ=,t+kFcRdzL6o=,/M8gHzjxpNU=,t+kFcRdzL6o=-/M8gHzjxpNU=,A4tgQv5cqkc=,20,5
2023-02-27,xIqe+QQIQXQ=,t+kFcRdzL6o=,/M8gHzjxpNU=,xIqe+QQIQXQ=-/M8gHzjxpNU=,A4tgQv5cqkc=,20,5
2023-02-27,xIqe+QQIQXQ=,t+kFcRdzL6o=,/M8gHzjxpNU=,xIqe+QQIQXQ=-t+kFcRdzL6o=,A4tgQv5cqkc=,20,5
2023-02-27,xIqe+QQIQXQ=,t+kFcRdzL6o=,/M8gHzjxpNU=,t+kFcRdzL6o=-/M8gHzjxpNU=,A4tgQv5cqkc=,19,5
2023-02-27,xIqe+QQIQXQ=,t+kFcRdzL6o=,/M8gHzjxpNU=,xIqe+QQIQXQ=-/M8gHzjxpNU=,A4tgQv5cqkc=,19,5
2023-02-27,xIqe+QQIQXQ=,t+kFcRdzL6o=,/M8gHzjxpNU=,xIqe+QQIQXQ=-t+kFcRdzL6o=,A4tgQv5cqkc=,19,5
2023-02-27,xIqe+QQIQXQ=,t+kFcRdzL6o=,/M8gHzjxpNU=,t+kFcRdzL6o=-/M8gHzjxpNU=,A4tgQv5cqkc=,18,5
2023-02-27,xIqe+QQIQXQ=,t+kFcRdzL6o=,/M8gHzjxpNU=,xIqe+QQIQXQ=-/M8gHzjxpNU=,A4tgQv5cqkc=,18,5
2023-02-27,xIqe+QQIQXQ=,t+kFcRdzL6o=,/M8gHzjxpNU=,xIqe+QQIQXQ=-t+kFcRdzL6o=,A4tgQv5cqkc=,18,5
2023-02-27,xIqe+QQIQXQ=,t+kFcRdzL6o=,/M8gHzjxpNU=,t+kFcRdzL6o=-/M8gHzjxpNU=,A4tgQv5cqkc=,17,5
2023-02-27,xIqe+QQIQXQ=,t+kFcRdzL6o=,/M8gHzjxpNU=,xIqe+QQIQXQ=-/M8gHzjxpNU=,A4tgQv5cqkc=,17,5
2023-02-27,xIqe+QQIQXQ=,t+kFcRdzL6o=,/M8gHzjxpNU=,xIqe+QQIQXQ=-t+kFcRdzL6o=,A4tgQv5cqkc=,17,5
2023-02-27,xIqe+QQIQXQ=,t+kFcRdzL6o=,/M8gHzjxpNU=,t+kFcRdzL6o=-/M8gHzjxpNU=,A4tgQv5cqkc=,16,5
2023-02-27,xIqe+QQIQXQ=,t+kFcRdzL6o=,/M8gHzjxpNU=,xIqe+QQIQXQ=-/M8gHzjxpNU=,A4tgQv5cqkc=,16,5
2023-02-27,xIqe+QQIQXQ=,t+kFcRdzL6o=,/M8gHzjxpNU=,xIqe+QQIQXQ=-t+kFcRdzL6o=,A4tgQv5cqkc=,16,5
2023-02-27,xIqe+QQIQXQ=,t+kFcRdzL6o=,/M8gHzjxpNU=,t+kFcRdzL6o=-/M8gHzjxpNU=,A4tgQv5cqkc=,15,5
2023-02-27,xIqe+QQIQXQ=,t+kFcRdzL6o=,/M8gHzjxpNU=,xIqe+QQIQXQ=-/M8gHzjxpNU=,A4tgQv5cqkc=,15,5
2023-02-27,xIqe+QQIQXQ=,t+kFcRdzL6o=,/M8gHzjxpNU=,xIqe+QQIQXQ=-t+kFcRdzL6o=,A4tgQv5cqkc=,15,5
2023-02-27,xIqe+QQIQXQ=,t+kFcRdzL6o=,/M8gHzjxpNU=,t+kFcRdzL6o=-/M8gHzjxpNU=,A4tgQv5cqkc=,14,5
2023-02-27,xIqe+QQIQXQ=,t+kFcRdzL6o=,/M8gHzjxpNU=,xIqe+QQIQXQ=-/M8gHzjxpNU=,A4tgQv5cqkc=,14,5
2023-02-27,xIqe+QQIQXQ=,t+kFcRdzL6o=,/M8gHzjxpNU=,xIqe+QQIQXQ=-t+kFcRdzL6o=,A4tgQv5cqkc=,14,5
2023-02-27,xIqe+QQIQXQ=,t+kFcRdzL6o=,/M8gHzjxpNU=,t+kFcRdzL6o=-/M8gHzjxpNU=,A4tgQv5cqkc=,13,5
2023-02-27,xIqe+QQIQXQ=,t+kFcRdzL6o=,/M8gHzjxpNU=,xIqe+QQIQXQ=-/M8gHzjxpNU=,A4tgQv5cqkc=,13,5
2023-02-27,xIqe+QQIQXQ=,t+kFcRdzL6o=,/M8gHzjxpNU=,xIqe+QQIQXQ=-t+kFcRdzL6o=,A4tgQv5cqkc=,13,5
2023-02-27,xIqe+QQIQXQ=,t+kFcRdzL6o=,/M8gHzjxpNU=,t+kFcRdzL6o=-/M8gHzjxpNU=,A4tgQv5cqkc=,12,5
2023-02-27,xIqe+QQIQXQ=,t+kFcRdzL6o=,/M8gHzjxpNU=,xIqe+QQIQXQ=-/M8gHzjxpNU=,A4tgQv5cqkc=,12,5
2023-02-27,xIqe+QQIQXQ=,t+kFcRdzL6o=,/M8gHzjxpNU=,xIqe+QQIQXQ=-t+kFcRdzL6o=,A4tgQv5cqkc=,12,5
2023-02-27,xIqe+QQIQXQ=,t+kFcRdzL6o=,/M8gHzjxpNU=,t+kFcRdzL6o=-/M8gHzjxpNU=,A4tgQv5cqkc=,11,5
2023-02-27,xIqe+QQIQXQ=,t+kFcRdzL6o=,/M8gHzjxpNU=,xIqe+QQIQXQ=-/M8gHzjxpNU=,A4tgQv5cqkc=,11,5
2023-02-27,xIqe+QQIQXQ=,t+kFcRdzL6o=,/M8gHzjxpNU=,xIqe+QQIQXQ=-t+kFcRdzL6o=,A4tgQv5cqkc=,11,5
2023-02-27,xIqe+QQIQXQ=,t+kFcRdzL6o=,/M8gHzjxpNU=,t+kFcRdzL6o=-/M8gHzjxpNU=,A4tgQv5cqkc=,10,6
2023-02-27,xIqe+QQIQXQ=,t+kFcRdzL6o=,/M8gHzjxpNU=,xIqe+QQIQXQ=-/M8gHzjxpNU=,A4tgQv5cqkc=,10,5
2023-02-27,xIqe+QQIQXQ=,t+kFcRdzL6o=,/M8gHzjxpNU=,xIqe+QQIQXQ=-t+kFcRdzL6o=,A4tgQv5cqkc=,10,5
2023-02-27,xIqe+QQIQXQ=,t+kFcRdzL6o=,/M8gHzjxpNU=,t+kFcRdzL6o=-/M8gHzjxpNU=,A4tgQv5cqkc=,9,6
2023-02-27,xIqe+QQIQXQ=,t+kFcRdzL6o=,/M8gHzjxpNU=,xIqe+QQIQXQ=-/M8gHzjxpNU=,A4tgQv5cqkc=,9,5
2023-02-27,xIqe+QQIQXQ=,t+kFcRdzL6o=,/M8gHzjxpNU=,xIqe+QQIQXQ=-t+kFcRdzL6o=,A4tgQv5cqkc=,9,5
2023-02-27,xIqe+QQIQXQ=,t+kFcRdzL6o=,/M8gHzjxpNU=,t+kFcRdzL6o=-/M8gHzjxpNU=,A4tgQv5cqkc=,8,6
2023-02-27,xIqe+QQIQXQ=,t+kFcRdzL6o=,/M8gHzjxpNU=,xIqe+QQIQXQ=-/M8gHzjxpNU=,A4tgQv5cqkc=,8,6
2023-02-27,xIqe+QQIQXQ=,t+kFcRdzL6o=,/M8gHzjxpNU=,xIqe+QQIQXQ=-t+kFcRdzL6o=,A4tgQv5cqkc=,8,6
2023-02-27,xIqe+QQIQXQ=,t+kFcRdzL6o=,/M8gHzjxpNU=,t+kFcRdzL6o=-/M8gHzjxpNU=,A4tgQv5cqkc=,7,6
2023-02-27,xIqe+QQIQXQ=,t+kFcRdzL6o=,/M8gHzjxpNU=,xIqe+QQIQXQ=-/M8gHzjxpNU=,A4tgQv5cqkc=,7,8
2023-02-27,xIqe+QQIQXQ=,t+kFcRdzL6o=,/M8gHzjxpNU=,xIqe+QQIQXQ=-t+kFcRdzL6o=,A4tgQv5cqkc=,7,8
2023-02-27,xIqe+QQIQXQ=,t+kFcRdzL6o=,/M8gHzjxpNU=,t+kFcRdzL6o=-/M8gHzjxpNU=,A4tgQv5cqkc=,6,15
2023-02-27,xIqe+QQIQXQ=,t+kFcRdzL6o=,/M8gHzjxpNU=,xIqe+QQIQXQ=-/M8gHzjxpNU=,A4tgQv5cqkc=,6,12
2023-02-27,xIqe+QQIQXQ=,t+kFcRdzL6o=,/M8gHzjxpNU=,xIqe+QQIQXQ=-t+kFcRdzL6o=,A4tgQv5cqkc=,6,12
2023-02-27,xIqe+QQIQXQ=,t+kFcRdzL6o=,/M8gHzjxpNU=,t+kFcRdzL6o=-/M8gHzjxpNU=,A4tgQv5cqkc=,5,43
2023-02-27,xIqe+QQIQXQ=,t+kFcRdzL6o=,/M8gHzjxpNU=,xIqe+QQIQXQ=-/M8gHzjxpNU=,A4tgQv5cqkc=,5,36
2023-02-27,xIqe+QQIQXQ=,t+kFcRdzL6o=,/M8gHzjxpNU=,xIqe+QQIQXQ=-t+kFcRdzL6o=,A4tgQv5cqkc=,5,36
2023-02-27,xIqe+QQIQXQ=,t+kFcRdzL6o=,/M8gHzjxpNU=,t+kFcRdzL6o=-/M8gHzjxpNU=,A4tgQv5cqkc=,4,72
2023-02-27,xIqe+QQIQXQ=,t+kFcRdzL6o=,/M8gHzjxpNU=,xIqe+QQIQXQ=-/M8gHzjxpNU=,A4tgQv5cqkc=,4,60
2023-02-27,xIqe+QQIQXQ=,t+kFcRdzL6o=,/M8gHzjxpNU=,xIqe+QQIQXQ=-t+kFcRdzL6o=,A4tgQv5cqkc=,4,60
2023-02-27,xIqe+QQIQXQ=,t+kFcRdzL6o=,/M8gHzjxpNU=,t+kFcRdzL6o=-/M8gHzjxpNU=,A4tgQv5cqkc=,3,103
2023-02-27,xIqe+QQIQXQ=,t+kFcRdzL6o=,/M8gHzjxpNU=,xIqe+QQIQXQ=-/M8gHzjxpNU=,A4tgQv5cqkc=,3,86
2023-02-27,xIqe+QQIQXQ=,t+kFcRdzL6o=,/M8gHzjxpNU=,xIqe+QQIQXQ=-t+kFcRdzL6o=,A4tgQv5cqkc=,3,86
2023-02-27,xIqe+QQIQXQ=,t+kFcRdzL6o=,/M8gHzjxpNU=,t+kFcRdzL6o=-/M8gHzjxpNU=,A4tgQv5cqkc=,2,111
2023-02-27,xIqe+QQIQXQ=,t+kFcRdzL6o=,/M8gHzjxpNU=,xIqe+QQIQXQ=-/M8gHzjxpNU=,A4tgQv5cqkc=,2,92
2023-02-27,xIqe+QQIQXQ=,t+kFcRdzL6o=,/M8gHzjxpNU=,xIqe+QQIQXQ=-t+kFcRdzL6o=,A4tgQv5cqkc=,2,92
2023-02-27,xIqe+QQIQXQ=,t+kFcRdzL6o=,/M8gHzjxpNU=,t+kFcRdzL6o=-/M8gHzjxpNU=,A4tgQv5cqkc=,1,135
2023-02-27,xIqe+QQIQXQ=,t+kFcRdzL6o=,/M8gHzjxpNU=,xIqe+QQIQXQ=-/M8gHzjxpNU=,A4tgQv5cqkc=,1,113
2023-02-27,xIqe+QQIQXQ=,t+kFcRdzL6o=,/M8gHzjxpNU=,xIqe+QQIQXQ=-t+kFcRdzL6o=,A4tgQv5cqkc=,1,113
2023-02-27,xIqe+QQIQXQ=,t+kFcRdzL6o=,/M8gHzjxpNU=,t+kFcRdzL6o=-/M8gHzjxpNU=,A4tgQv5cqkc=,0,159
2023-02-27,xIqe+QQIQXQ=,t+kFcRdzL6o=,/M8gHzjxpNU=,xIqe+QQIQXQ=-/M8gHzjxpNU=,A4tgQv5cqkc=,0,140
2023-02-27,xIqe+QQIQXQ=,t+kFcRdzL6o=,/M8gHzjxpNU=,xIqe+QQIQXQ=-t+kFcRdzL6o=,A4tgQv5cqkc=,0,140
2023-02-27,xIqe+QQIQXQ=,t+kFcRdzL6o=,/M8gHzjxpNU=,t+kFcRdzL6o=-/M8gHzjxpNU=,A4tgQv5cqkc=,-1,159
2023-02-27,xIqe+QQIQXQ=,t+kFcRdzL6o=,/M8gHzjxpNU=,xIqe+QQIQXQ=-/M8gHzjxpNU=,A4tgQv5cqkc=,-1,140
2023-02-27,xIqe+QQIQXQ=,t+kFcRdzL6o=,/M8gHzjxpNU=,xIqe+QQIQXQ=-t+kFcRdzL6o=,A4tgQv5cqkc=,-1,140
2023-03-01,xIqe+QQIQXQ=,t+kFcRdzL6o=,/M8gHzjxpNU=,t+kFcRdzL6o=-/M8gHzjxpNU=,A4tgQv5cqkc=,29,0
2023-03-01,xIqe+QQIQXQ=,t+kFcRdzL6o=,/M8gHzjxpNU=,xIqe+QQIQXQ=-/M8gHzjxpNU=,A4tgQv5cqkc=,29,0
2023-03-01,xIqe+QQIQXQ=,t+kFcRdzL6o=,/M8gHzjxpNU=,xIqe+QQIQXQ=-t+kFcRdzL6o=,A4tgQv5cqkc=,29,0
2023-03-01,xIqe+QQIQXQ=,t+kFcRdzL6o=,/M8gHzjxpNU=,t+kFcRdzL6o=-/M8gHzjxpNU=,A4tgQv5cqkc=,28,0
2023-03-01,xIqe+QQIQXQ=,t+kFcRdzL6o=,/M8gHzjxpNU=,xIqe+QQIQXQ=-/M8gHzjxpNU=,A4tgQv5cqkc=,28,0
2023-03-01,xIqe+QQIQXQ=,t+kFcRdzL6o=,/M8gHzjxpNU=,xIqe+QQIQXQ=-t+kFcRdzL6o=,A4tgQv5cqkc=,28,0
2023-03-01,xIqe+QQIQXQ=,t+kFcRdzL6o=,/M8gHzjxpNU=,t+kFcRdzL6o=-/M8gHzjxpNU=,A4tgQv5cqkc=,27,0
2023-03-01,xIqe+QQIQXQ=,t+kFcRdzL6o=,/M8gHzjxpNU=,xIqe+QQIQXQ=-/M8gHzjxpNU=,A4tgQv5cqkc=,27,0
2023-03-01,xIqe+QQIQXQ=,t+kFcRdzL6o=,/M8gHzjxpNU=,xIqe+QQIQXQ=-t+kFcRdzL6o=,A4tgQv5cqkc=,27,0
2023-03-01,xIqe+QQIQXQ=,t+kFcRdzL6o=,/M8gHzjxpNU=,t+kFcRdzL6o=-/M8gHzjxpNU=,A4tgQv5cqkc=,26,0
2023-03-01,xIqe+QQIQXQ=,t+kFcRdzL6o=,/M8gHzjxpNU=,xIqe+QQIQXQ=-/M8gHzjxpNU=,A4tgQv5cqkc=,26,0
2023-03-01,xIqe+QQIQXQ=,t+kFcRdzL6o=,/M8gHzjxpNU=,xIqe+QQIQXQ=-t+kFcRdzL6o=,A4tgQv5cqkc=,26,0
2023-03-01,xIqe+QQIQXQ=,t+kFcRdzL6o=,/M8gHzjxpNU=,t+kFcRdzL6o=-/M8gHzjxpNU=,A4tgQv5cqkc=,25,0
2023-03-01,xIqe+QQIQXQ=,t+kFcRdzL6o=,/M8gHzjxpNU=,xIqe+QQIQXQ=-/M8gHzjxpNU=,A4tgQv5cqkc=,25,0
2023-03-01,xIqe+QQIQXQ=,t+kFcRdzL6o=,/M8gHzjxpNU=,xIqe+QQIQXQ=-t+kFcRdzL6o=,A4tgQv5cqkc=,25,0
2023-03-01,xIqe+QQIQXQ=,t+kFcRdzL6o=,/M8gHzjxpNU=,t+kFcRdzL6o=-/M8gHzjxpNU=,A4tgQv5cqkc=,24,0
2023-03-01,xIqe+QQIQXQ=,t+kFcRdzL6o=,/M8gHzjxpNU=,xIqe+QQIQXQ=-/M8gHzjxpNU=,A4tgQv5cqkc=,24,0
2023-03-01,xIqe+QQIQXQ=,t+kFcRdzL6o=,/M8gHzjxpNU=,xIqe+QQIQXQ=-t+kFcRdzL6o=,A4tgQv5cqkc=,24,0
2023-03-01,xIqe+QQIQXQ=,t+kFcRdzL6o=,/M8gHzjxpNU=,t+kFcRdzL6o=-/M8gHzjxpNU=,A4tgQv5cqkc=,23,0
2023-03-01,xIqe+QQIQXQ=,t+kFcRdzL6o=,/M8gHzjxpNU=,xIqe+QQIQXQ=-/M8gHzjxpNU=,A4tgQv5cqkc=,23,0
2023-03-01,xIqe+QQIQXQ=,t+kFcRdzL6o=,/M8gHzjxpNU=,xIqe+QQIQXQ=-t+kFcRdzL6o=,A4tgQv5cqkc=,23,0
2023-03-01,xIqe+QQIQXQ=,t+kFcRdzL6o=,/M8gHzjxpNU=,t+kFcRdzL6o=-/M8gHzjxpNU=,A4tgQv5cqkc=,22,0
2023-03-01,xIqe+QQIQXQ=,t+kFcRdzL6o=,/M8gHzjxpNU=,xIqe+QQIQXQ=-/M8gHzjxpNU=,A4tgQv5cqkc=,22,0
2023-03-01,xIqe+QQIQXQ=,t+kFcRdzL6o=,/M8gHzjxpNU=,xIqe+QQIQXQ=-t+kFcRdzL6o=,A4tgQv5cqkc=,22,0
2023-03-01,xIqe+QQIQXQ=,t+kFcRdzL6o=,/M8gHzjxpNU=,t+kFcRdzL6o=-/M8gHzjxpNU=,A4tgQv5cqkc=,21,0
2023-03-01,xIqe+QQIQXQ=,t+kFcRdzL6o=,/M8gHzjxpNU=,xIqe+QQIQXQ=-/M8gHzjxpNU=,A4tgQv5cqkc=,21,0
2023-03-01,xIqe+QQIQXQ=,t+kFcRdzL6o=,/M8gHzjxpNU=,xIqe+QQIQXQ=-t+kFcRdzL6o=,A4tgQv5cqkc=,21,0
2023-03-01,xIqe+QQIQXQ=,t+kFcRdzL6o=,/M8gHzjxpNU=,t+kFcRdzL6o=-/M8gHzjxpNU=,A4tgQv5cqkc=,20,0
2023-03-01,xIqe+QQIQXQ=,t+kFcRdzL6o=,/M8gHzjxpNU=,xIqe+QQIQXQ=-/M8gHzjxpNU=,A4tgQv5cqkc=,20,0
2023-03-01,xIqe+QQIQXQ=,t+kFcRdzL6o=,/M8gHzjxpNU=,xIqe+QQIQXQ=-t+kFcRdzL6o=,A4tgQv5cqkc=,20,0
2023-03-01,xIqe+QQIQXQ=,t+kFcRdzL6o=,/M8gHzjxpNU=,t+kFcRdzL6o=-/M8gHzjxpNU=,A4tgQv5cqkc=,19,0
2023-03-01,xIqe+QQIQXQ=,t+kFcRdzL6o=,/M8gHzjxpNU=,xIqe+QQIQXQ=-/M8gHzjxpNU=,A4tgQv5cqkc=,19,0
2023-03-01,xIqe+QQIQXQ=,t+kFcRdzL6o=,/M8gHzjxpNU=,xIqe+QQIQXQ=-t+kFcRdzL6o=,A4tgQv5cqkc=,19,0
2023-03-01,xIqe+QQIQXQ=,t+kFcRdzL6o=,/M8gHzjxpNU=,t+kFcRdzL6o=-/M8gHzjxpNU=,A4tgQv5cqkc=,18,0
2023-03-01,xIqe+QQIQXQ=,t+kFcRdzL6o=,/M8gHzjxpNU=,xIqe+QQIQXQ=-/M8gHzjxpNU=,A4tgQv5cqkc=,18,0
2023-03-01,xIqe+QQIQXQ=,t+kFcRdzL6o=,/M8gHzjxpNU=,xIqe+QQIQXQ=-t+kFcRdzL6o=,A4tgQv5cqkc=,18,0
2023-03-01,xIqe+QQIQXQ=,t+kFcRdzL6o=,/M8gHzjxpNU=,t+kFcRdzL6o=-/M8gHzjxpNU=,A4tgQv5cqkc=,17,0
2023-03-01,xIqe+QQIQXQ=,t+kFcRdzL6o=,/M8gHzjxpNU=,xIqe+QQIQXQ=-/M8gHzjxpNU=,A4tgQv5cqkc=,17,0
2023-03-01,xIqe+QQIQXQ=,t+kFcRdzL6o=,/M8gHzjxpNU=,xIqe+QQIQXQ=-t+kFcRdzL6o=,A4tgQv5cqkc=,17,0
2023-03-01,xIqe+QQIQXQ=,t+kFcRdzL6o=,/M8gHzjxpNU=,t+kFcRdzL6o=-/M8gHzjxpNU=,A4tgQv5cqkc=,16,0
2023-03-01,xIqe+QQIQXQ=,t+kFcRdzL6o=,/M8gHzjxpNU=,xIqe+QQIQXQ=-/M8gHzjxpNU=,A4tgQv5cqkc=,16,0
2023-03-01,xIqe+QQIQXQ=,t+kFcRdzL6o=,/M8gHzjxpNU=,xIqe+QQIQXQ=-t+kFcRdzL6o=,A4tgQv5cqkc=,16,0
2023-03-01,xIqe+QQIQXQ=,t+kFcRdzL6o=,/M8gHzjxpNU=,t+kFcRdzL6o=-/M8gHzjxpNU=,A4tgQv5cqkc=,15,0
2023-03-01,xIqe+QQIQXQ=,t+kFcRdzL6o=,/M8gHzjxpNU=,xIqe+QQIQXQ=-/M8gHzjxpNU=,A4tgQv5cqkc=,15,0
2023-03-01,xIqe+QQIQXQ=,t+kFcRdzL6o=,/M8gHzjxpNU=,xIqe+QQIQXQ=-t+kFcRdzL6o=,A4tgQv5cqkc=,15,0
2023-03-01,xIqe+QQIQXQ=,t+kFcRdzL6o=,/M8gHzjxpNU=,t+kFcRdzL6o=-/M8gHzjxpNU=,A4tgQv5cqkc=,14,0
2023-03-01,xIqe+QQIQXQ=,t+kFcRdzL6o=,/M8gHzjxpNU=,xIqe+QQIQXQ=-/M8gHzjxpNU=,A4tgQv5cqkc=,14,0
2023-03-01,xIqe+QQIQXQ=,t+kFcRdzL6o=,/M8gHzjxpNU=,xIqe+QQIQXQ=-t+kFcRdzL6o=,A4tgQv5cqkc=,14,0
2023-03-01,xIqe+QQIQXQ=,t+kFcRdzL6o=,/M8gHzjxpNU=,t+kFcRdzL6o=-/M8gHzjxpNU=,A4tgQv5cqkc=,13,0
2023-03-01,xIqe+QQIQXQ=,t+kFcRdzL6o=,/M8gHzjxpNU=,xIqe+QQIQXQ=-/M8gHzjxpNU=,A4tgQv5cqkc=,13,0
2023-03-01,xIqe+QQIQXQ=,t+kFcRdzL6o=,/M8gHzjxpNU=,xIqe+QQIQXQ=-t+kFcRdzL6o=,A4tgQv5cqkc=,13,0
2023-03-01,xIqe+QQIQXQ=,t+kFcRdzL6o=,/M8gHzjxpNU=,t+kFcRdzL6o=-/M8gHzjxpNU=,A4tgQv5cqkc=,12,0
2023-03-01,xIqe+QQIQXQ=,t+kFcRdzL6o=,/M8gHzjxpNU=,xIqe+QQIQXQ=-/M8gHzjxpNU=,A4tgQv5cqkc=,12,0
2023-03-01,xIqe+QQIQXQ=,t+kFcRdzL6o=,/M8gHzjxpNU=,xIqe+QQIQXQ=-t+kFcRdzL6o=,A4tgQv5cqkc=,12,0
2023-03-01,xIqe+QQIQXQ=,t+kFcRdzL6o=,/M8gHzjxpNU=,t+kFcRdzL6o=-/M8gHzjxpNU=,A4tgQv5cqkc=,11,1
2023-03-01,xIqe+QQIQXQ=,t+kFcRdzL6o=,/M8gHzjxpNU=,xIqe+QQIQXQ=-/M8gHzjxpNU=,A4tgQv5cqkc=,11,0
2023-03-01,xIqe+QQIQXQ=,t+kFcRdzL6o=,/M8gHzjxpNU=,xIqe+QQIQXQ=-t+kFcRdzL6o=,A4tgQv5cqkc=,11,0
2023-03-01,xIqe+QQIQXQ=,t+kFcRdzL6o=,/M8gHzjxpNU=,t+kFcRdzL6o=-/M8gHzjxpNU=,A4tgQv5cqkc=,10,3
2023-03-01,xIqe+QQIQXQ=,t+kFcRdzL6o=,/M8gHzjxpNU=,xIqe+QQIQXQ=-/M8gHzjxpNU=,A4tgQv5cqkc=,10,0
2023-03-01,xIqe+QQIQXQ=,t+kFcRdzL6o=,/M8gHzjxpNU=,xIqe+QQIQXQ=-t+kFcRdzL6o=,A4tgQv5cqkc=,10,0
2023-03-01,xIqe+QQIQXQ=,t+kFcRdzL6o=,/M8gHzjxpNU=,t+kFcRdzL6o=-/M8gHzjxpNU=,A4tgQv5cqkc=,9,4
2023-03-01,xIqe+QQIQXQ=,t+kFcRdzL6o=,/M8gHzjxpNU=,xIqe+QQIQXQ=-/M8gHzjxpNU=,A4tgQv5cqkc=,9,0
2023-03-01,xIqe+QQIQXQ=,t+kFcRdzL6o=,/M8gHzjxpNU=,xIqe+QQIQXQ=-t+kFcRdzL6o=,A4tgQv5cqkc=,9,0
2023-03-01,xIqe+QQIQXQ=,t+kFcRdzL6o=,/M8gHzjxpNU=,t+kFcRdzL6o=-/M8gHzjxpNU=,A4tgQv5cqkc=,8,6
2023-03-01,xIqe+QQIQXQ=,t+kFcRdzL6o=,/M8gHzjxpNU=,xIqe+QQIQXQ=-/M8gHzjxpNU=,A4tgQv5cqkc=,8,0
2023-03-01,xIqe+QQIQXQ=,t+kFcRdzL6o=,/M8gHzjxpNU=,xIqe+QQIQXQ=-t+kFcRdzL6o=,A4tgQv5cqkc=,8,0
2023-03-01,xIqe+QQIQXQ=,t+kFcRdzL6o=,/M8gHzjxpNU=,t+kFcRdzL6o=-/M8gHzjxpNU=,A4tgQv5cqkc=,7,7
2023-03-01,xIqe+QQIQXQ=,t+kFcRdzL6o=,/M8gHzjxpNU=,xIqe+QQIQXQ=-/M8gHzjxpNU=,A4tgQv5cqkc=,7,0
2023-03-01,xIqe+QQIQXQ=,t+kFcRdzL6o=,/M8gHzjxpNU=,xIqe+QQIQXQ=-t+kFcRdzL6o=,A4tgQv5cqkc=,7,0
2023-03-01,xIqe+QQIQXQ=,t+kFcRdzL6o=,/M8gHzjxpNU=,t+kFcRdzL6o=-/M8gHzjxpNU=,A4tgQv5cqkc=,6,20
2023-03-01,xIqe+QQIQXQ=,t+kFcRdzL6o=,/M8gHzjxpNU=,xIqe+QQIQXQ=-/M8gHzjxpNU=,A4tgQv5cqkc=,6,8
2023-03-01,xIqe+QQIQXQ=,t+kFcRdzL6o=,/M8gHzjxpNU=,xIqe+QQIQXQ=-t+kFcRdzL6o=,A4tgQv5cqkc=,6,8
2023-03-01,xIqe+QQIQXQ=,t+kFcRdzL6o=,/M8gHzjxpNU=,t+kFcRdzL6o=-/M8gHzjxpNU=,A4tgQv5cqkc=,5,49
2023-03-01,xIqe+QQIQXQ=,t+kFcRdzL6o=,/M8gHzjxpNU=,xIqe+QQIQXQ=-/M8gHzjxpNU=,A4tgQv5cqkc=,5,31
2023-03-01,xIqe+QQIQXQ=,t+kFcRdzL6o=,/M8gHzjxpNU=,xIqe+QQIQXQ=-t+kFcRdzL6o=,A4tgQv5cqkc=,5,31
2023-03-01,xIqe+QQIQXQ=,t+kFcRdzL6o=,/M8gHzjxpNU=,t+kFcRdzL6o=-/M8gHzjxpNU=,A4tgQv5cqkc=,4,64
2023-03-01,xIqe+QQIQXQ=,t+kFcRdzL6o=,/M8gHzjxpNU=,xIqe+QQIQXQ=-/M8gHzjxpNU=,A4tgQv5cqkc=,4,44
2023-03-01,xIqe+QQIQXQ=,t+kFcRdzL6o=,/M8gHzjxpNU=,xIqe+QQIQXQ=-t+kFcRdzL6o=,A4tgQv5cqkc=,4,44
2023-03-01,xIqe+QQIQXQ=,t+kFcRdzL6o=,/M8gHzjxpNU=,t+kFcRdzL6o=-/M8gHzjxpNU=,A4tgQv5cqkc=,3,73
2023-03-01,xIqe+QQIQXQ=,t+kFcRdzL6o=,/M8gHzjxpNU=,xIqe+QQIQXQ=-/M8gHzjxpNU=,A4tgQv5cqkc=,3,50
2023-03-01,xIqe+QQIQXQ=,t+kFcRdzL6o=,/M8gHzjxpNU=,xIqe+QQIQXQ=-t+kFcRdzL6o=,A4tgQv5cqkc=,3,50
2023-03-01,xIqe+QQIQXQ=,t+kFcRdzL6o=,/M8gHzjxpNU=,t+kFcRdzL6o=-/M8gHzjxpNU=,A4tgQv5cqkc=,2,91
2023-03-01,xIqe+QQIQXQ=,t+kFcRdzL6o=,/M8gHzjxpNU=,xIqe+QQIQXQ=-/M8gHzjxpNU=,A4tgQv5cqkc=,2,67
2023-03-01,xIqe+QQIQXQ=,t+kFcRdzL6o=,/M8gHzjxpNU=,xIqe+QQIQXQ=-t+kFcRdzL6o=,A4tgQv5cqkc=,2,67
2023-03-01,xIqe+QQIQXQ=,t+kFcRdzL6o=,/M8gHzjxpNU=,t+kFcRdzL6o=-/M8gHzjxpNU=,A4tgQv5cqkc=,1,135
2023-03-01,xIqe+QQIQXQ=,t+kFcRdzL6o=,/M8gHzjxpNU=,xIqe+QQIQXQ=-/M8gHzjxpNU=,A4tgQv5cqkc=,1,109
2023-03-01,xIqe+QQIQXQ=,t+kFcRdzL6o=,/M8gHzjxpNU=,xIqe+QQIQXQ=-t+kFcRdzL6o=,A4tgQv5cqkc=,1,109
2023-03-01,xIqe+QQIQXQ=,t+kFcRdzL6o=,/M8gHzjxpNU=,t+kFcRdzL6o=-/M8gHzjxpNU=,A4tgQv5cqkc=,0,169
2023-03-01,xIqe+QQIQXQ=,t+kFcRdzL6o=,/M8gHzjxpNU=,xIqe+QQIQXQ=-/M8gHzjxpNU=,A4tgQv5cqkc=,0,141
2023-03-01,xIqe+QQIQXQ=,t+kFcRdzL6o=,/M8gHzjxpNU=,xIqe+QQIQXQ=-t+kFcRdzL6o=,A4tgQv5cqkc=,0,141
2023-03-01,xIqe+QQIQXQ=,t+kFcRdzL6o=,/M8gHzjxpNU=,t+kFcRdzL6o=-/M8gHzjxpNU=,A4tgQv5cqkc=,-1,169
2023-03-01,xIqe+QQIQXQ=,t+kFcRdzL6o=,/M8gHzjxpNU=,xIqe+QQIQXQ=-/M8gHzjxpNU=,A4tgQv5cqkc=,-1,141
2023-03-01,xIqe+QQIQXQ=,t+kFcRdzL6o=,/M8gHzjxpNU=,xIqe+QQIQXQ=-t+kFcRdzL6o=,A4tgQv5cqkc=,-1,141
2023-03-03,xIqe+QQIQXQ=,t+kFcRdzL6o=,/M8gHzjxpNU=,t+kFcRdzL6o=-/M8gHzjxpNU=,A4tgQv5cqkc=,29,1
2023-03-03,xIqe+QQIQXQ=,t+kFcRdzL6o=,/M8gHzjxpNU=,xIqe+QQIQXQ=-/M8gHzjxpNU=,A4tgQv5cqkc=,29,0
2023-03-03,xIqe+QQIQXQ=,t+kFcRdzL6o=,/M8gHzjxpNU=,xIqe+QQIQXQ=-t+kFcRdzL6o=,A4tgQv5cqkc=,29,0
2023-03-03,xIqe+QQIQXQ=,t+kFcRdzL6o=,/M8gHzjxpNU=,t+kFcRdzL6o=-/M8gHzjxpNU=,A4tgQv5cqkc=,28,1
2023-03-03,xIqe+QQIQXQ=,t+kFcRdzL6o=,/M8gHzjxpNU=,xIqe+QQIQXQ=-/M8gHzjxpNU=,A4tgQv5cqkc=,28,0
2023-03-03,xIqe+QQIQXQ=,t+kFcRdzL6o=,/M8gHzjxpNU=,xIqe+QQIQXQ=-t+kFcRdzL6o=,A4tgQv5cqkc=,28,0
2023-03-03,xIqe+QQIQXQ=,t+kFcRdzL6o=,/M8gHzjxpNU=,t+kFcRdzL6o=-/M8gHzjxpNU=,A4tgQv5cqkc=,27,1
2023-03-03,xIqe+QQIQXQ=,t+kFcRdzL6o=,/M8gHzjxpNU=,xIqe+QQIQXQ=-/M8gHzjxpNU=,A4tgQv5cqkc=,27,0
2023-03-03,xIqe+QQIQXQ=,t+kFcRdzL6o=,/M8gHzjxpNU=,xIqe+QQIQXQ=-t+kFcRdzL6o=,A4tgQv5cqkc=,27,0
2023-03-03,xIqe+QQIQXQ=,t+kFcRdzL6o=,/M8gHzjxpNU=,t+kFcRdzL6o=-/M8gHzjxpNU=,A4tgQv5cqkc=,26,1
2023-03-03,xIqe+QQIQXQ=,t+kFcRdzL6o=,/M8gHzjxpNU=,xIqe+QQIQXQ=-/M8gHzjxpNU=,A4tgQv5cqkc=,26,0
2023-03-03,xIqe+QQIQXQ=,t+kFcRdzL6o=,/M8gHzjxpNU=,xIqe+QQIQXQ=-t+kFcRdzL6o=,A4tgQv5cqkc=,26,0
2023-03-03,xIqe+QQIQXQ=,t+kFcRdzL6o=,/M8gHzjxpNU=,t+kFcRdzL6o=-/M8gHzjxpNU=,A4tgQv5cqkc=,25,1
2023-03-03,xIqe+QQIQXQ=,t+kFcRdzL6o=,/M8gHzjxpNU=,xIqe+QQIQXQ=-/M8gHzjxpNU=,A4tgQv5cqkc=,25,0
2023-03-03,xIqe+QQIQXQ=,t+kFcRdzL6o=,/M8gHzjxpNU=,xIqe+QQIQXQ=-t+kFcRdzL6o=,A4tgQv5cqkc=,25,0
2023-03-03,xIqe+QQIQXQ=,t+kFcRdzL6o=,/M8gHzjxpNU=,t+kFcRdzL6o=-/M8gHzjxpNU=,A4tgQv5cqkc=,24,1
2023-03-03,xIqe+QQIQXQ=,t+kFcRdzL6o=,/M8gHzjxpNU=,xIqe+QQIQXQ=-/M8gHzjxpNU=,A4tgQv5cqkc=,24,0
2023-03-03,xIqe+QQIQXQ=,t+kFcRdzL6o=,/M8gHzjxpNU=,xIqe+QQIQXQ=-t+kFcRdzL6o=,A4tgQv5cqkc=,24,0
2023-03-03,xIqe+QQIQXQ=,t+kFcRdzL6o=,/M8gHzjxpNU=,t+kFcRdzL6o=-/M8gHzjxpNU=,A4tgQv5cqkc=,23,1
2023-03-03,xIqe+QQIQXQ=,t+kFcRdzL6o=,/M8gHzjxpNU=,xIqe+QQIQXQ=-/M8gHzjxpNU=,A4tgQv5cqkc=,23,0
2023-03-03,xIqe+QQIQXQ=,t+kFcRdzL6o=,/M8gHzjxpNU=,xIqe+QQIQXQ=-t+kFcRdzL6o=,A4tgQv5cqkc=,23,0
2023-03-03,xIqe+QQIQXQ=,t+kFcRdzL6o=,/M8gHzjxpNU=,t+kFcRdzL6o=-/M8gHzjxpNU=,A4tgQv5cqkc=,22,1
2023-03-03,xIqe+QQIQXQ=,t+kFcRdzL6o=,/M8gHzjxpNU=,xIqe+QQIQXQ=-/M8gHzjxpNU=,A4tgQv5cqkc=,22,0
2023-03-03,xIqe+QQIQXQ=,t+kFcRdzL6o=,/M8gHzjxpNU=,xIqe+QQIQXQ=-t+kFcRdzL6o=,A4tgQv5cqkc=,22,0
2023-03-03,xIqe+QQIQXQ=,t+kFcRdzL6o=,/M8gHzjxpNU=,t+kFcRdzL6o=-/M8gHzjxpNU=,A4tgQv5cqkc=,21,1
2023-03-03,xIqe+QQIQXQ=,t+kFcRdzL6o=,/M8gHzjxpNU=,xIqe+QQIQXQ=-/M8gHzjxpNU=,A4tgQv5cqkc=,21,0
2023-03-03,xIqe+QQIQXQ=,t+kFcRdzL6o=,/M8gHzjxpNU=,xIqe+QQIQXQ=-t+kFcRdzL6o=,A4tgQv5cqkc=,21,0
2023-03-03,xIqe+QQIQXQ=,t+kFcRdzL6o=,/M8gHzjxpNU=,t+kFcRdzL6o=-/M8gHzjxpNU=,A4tgQv5cqkc=,20,1
2023-03-03,xIqe+QQIQXQ=,t+kFcRdzL6o=,/M8gHzjxpNU=,xIqe+QQIQXQ=-/M8gHzjxpNU=,A4tgQv5cqkc=,20,0
2023-03-03,xIqe+QQIQXQ=,t+kFcRdzL6o=,/M8gHzjxpNU=,xIqe+QQIQXQ=-t+kFcRdzL6o=,A4tgQv5cqkc=,20,0
2023-03-03,xIqe+QQIQXQ=,t+kFcRdzL6o=,/M8gHzjxpNU=,t+kFcRdzL6o=-/M8gHzjxpNU=,A4tgQv5cqkc=,19,1
2023-03-03,xIqe+QQIQXQ=,t+kFcRdzL6o=,/M8gHzjxpNU=,xIqe+QQIQXQ=-/M8gHzjxpNU=,A4tgQv5cqkc=,19,0
2023-03-03,xIqe+QQIQXQ=,t+kFcRdzL6o=,/M8gHzjxpNU=,xIqe+QQIQXQ=-t+kFcRdzL6o=,A4tgQv5cqkc=,19,0
2023-03-03,xIqe+QQIQXQ=,t+kFcRdzL6o=,/M8gHzjxpNU=,t+kFcRdzL6o=-/M8gHzjxpNU=,A4tgQv5cqkc=,18,1
2023-03-03,xIqe+QQIQXQ=,t+kFcRdzL6o=,/M8gHzjxpNU=,xIqe+QQIQXQ=-/M8gHzjxpNU=,A4tgQv5cqkc=,18,0
2023-03-03,xIqe+QQIQXQ=,t+kFcRdzL6o=,/M8gHzjxpNU=,xIqe+QQIQXQ=-t+kFcRdzL6o=,A4tgQv5cqkc=,18,0
2023-03-03,xIqe+QQIQXQ=,t+kFcRdzL6o=,/M8gHzjxpNU=,t+kFcRdzL6o=-/M8gHzjxpNU=,A4tgQv5cqkc=,17,1
2023-03-03,xIqe+QQIQXQ=,t+kFcRdzL6o=,/M8gHzjxpNU=,xIqe+QQIQXQ=-/M8gHzjxpNU=,A4tgQv5cqkc=,17,0
2023-03-03,xIqe+QQIQXQ=,t+kFcRdzL6o=,/M8gHzjxpNU=,xIqe+QQIQXQ=-t+kFcRdzL6o=,A4tgQv5cqkc=,17,0
2023-03-03,xIqe+QQIQXQ=,t+kFcRdzL6o=,/M8gHzjxpNU=,t+kFcRdzL6o=-/M8gHzjxpNU=,A4tgQv5cqkc=,16,1
2023-03-03,xIqe+QQIQXQ=,t+kFcRdzL6o=,/M8gHzjxpNU=,xIqe+QQIQXQ=-/M8gHzjxpNU=,A4tgQv5cqkc=,16,0
2023-03-03,xIqe+QQIQXQ=,t+kFcRdzL6o=,/M8gHzjxpNU=,xIqe+QQIQXQ=-t+kFcRdzL6o=,A4tgQv5cqkc=,16,0
2023-03-03,xIqe+QQIQXQ=,t+kFcRdzL6o=,/M8gHzjxpNU=,t+kFcRdzL6o=-/M8gHzjxpNU=,A4tgQv5cqkc=,15,1
2023-03-03,xIqe+QQIQXQ=,t+kFcRdzL6o=,/M8gHzjxpNU=,xIqe+QQIQXQ=-/M8gHzjxpNU=,A4tgQv5cqkc=,15,0
2023-03-03,xIqe+QQIQXQ=,t+kFcRdzL6o=,/M8gHzjxpNU=,xIqe+QQIQXQ=-t+kFcRdzL6o=,A4tgQv5cqkc=,15,0
2023-03-03,xIqe+QQIQXQ=,t+kFcRdzL6o=,/M8gHzjxpNU=,t+kFcRdzL6o=-/M8gHzjxpNU=,A4tgQv5cqkc=,14,3
2023-03-03,xIqe+QQIQXQ=,t+kFcRdzL6o=,/M8gHzjxpNU=,xIqe+QQIQXQ=-/M8gHzjxpNU=,A4tgQv5cqkc=,14,0
2023-03-03,xIqe+QQIQXQ=,t+kFcRdzL6o=,/M8gHzjxpNU=,xIqe+QQIQXQ=-t+kFcRdzL6o=,A4tgQv5cqkc=,14,0
2023-03-03,xIqe+QQIQXQ=,t+kFcRdzL6o=,/M8gHzjxpNU=,t+kFcRdzL6o=-/M8gHzjxpNU=,A4tgQv5cqkc=,13,4
2023-03-03,xIqe+QQIQXQ=,t+kFcRdzL6o=,/M8gHzjxpNU=,xIqe+QQIQXQ=-/M8gHzjxpNU=,A4tgQv5cqkc=,13,0
2023-03-03,xIqe+QQIQXQ=,t+kFcRdzL6o=,/M8gHzjxpNU=,xIqe+QQIQXQ=-t+kFcRdzL6o=,A4tgQv5cqkc=,13,0
2023-03-03,xIqe+QQIQXQ=,t+kFcRdzL6o=,/M8gHzjxpNU=,t+kFcRdzL6o=-/M8gHzjxpNU=,A4tgQv5cqkc=,12,5
2023-03-03,xIqe+QQIQXQ=,t+kFcRdzL6o=,/M8gHzjxpNU=,xIqe+QQIQXQ=-/M8gHzjxpNU=,A4tgQv5cqkc=,12,0
2023-03-03,xIqe+QQIQXQ=,t+kFcRdzL6o=,/M8gHzjxpNU=,xIqe+QQIQXQ=-t+kFcRdzL6o=,A4tgQv5cqkc=,12,0
2023-03-03,xIqe+QQIQXQ=,t+kFcRdzL6o=,/M8gHzjxpNU=,t+kFcRdzL6o=-/M8gHzjxpNU=,A4tgQv5cqkc=,11,6
2023-03-03,xIqe+QQIQXQ=,t+kFcRdzL6o=,/M8gHzjxpNU=,xIqe+QQIQXQ=-/M8gHzjxpNU=,A4tgQv5cqkc=,11,0
2023-03-03,xIqe+QQIQXQ=,t+kFcRdzL6o=,/M8gHzjxpNU=,xIqe+QQIQXQ=-t+kFcRdzL6o=,A4tgQv5cqkc=,11,0
2023-03-03,xIqe+QQIQXQ=,t+kFcRdzL6o=,/M8gHzjxpNU=,t+kFcRdzL6o=-/M8gHzjxpNU=,A4tgQv5cqkc=,10,6
2023-03-03,xIqe+QQIQXQ=,t+kFcRdzL6o=,/M8gHzjxpNU=,xIqe+QQIQXQ=-/M8gHzjxpNU=,A4tgQv5cqkc=,10,0
2023-03-03,xIqe+QQIQXQ=,t+kFcRdzL6o=,/M8gHzjxpNU=,xIqe+QQIQXQ=-t+kFcRdzL6o=,A4tgQv5cqkc=,10,0
2023-03-03,xIqe+QQIQXQ=,t+kFcRdzL6o=,/M8gHzjxpNU=,t+kFcRdzL6o=-/M8gHzjxpNU=,A4tgQv5cqkc=,9,6
2023-03-03,xIqe+QQIQXQ=,t+kFcRdzL6o=,/M8gHzjxpNU=,xIqe+QQIQXQ=-/M8gHzjxpNU=,A4tgQv5cqkc=,9,0
2023-03-03,xIqe+QQIQXQ=,t+kFcRdzL6o=,/M8gHzjxpNU=,xIqe+QQIQXQ=-t+kFcRdzL6o=,A4tgQv5cqkc=,9,0
2023-03-03,xIqe+QQIQXQ=,t+kFcRdzL6o=,/M8gHzjxpNU=,t+kFcRdzL6o=-/M8gHzjxpNU=,A4tgQv5cqkc=,8,13
2023-03-03,xIqe+QQIQXQ=,t+kFcRdzL6o=,/M8gHzjxpNU=,xIqe+QQIQXQ=-/M8gHzjxpNU=,A4tgQv5cqkc=,8,6
2023-03-03,xIqe+QQIQXQ=,t+kFcRdzL6o=,/M8gHzjxpNU=,xIqe+QQIQXQ=-t+kFcRdzL6o=,A4tgQv5cqkc=,8,6
2023-03-03,xIqe+QQIQXQ=,t+kFcRdzL6o=,/M8gHzjxpNU=,t+kFcRdzL6o=-/M8gHzjxpNU=,A4tgQv5cqkc=,7,21
2023-03-03,xIqe+QQIQXQ=,t+kFcRdzL6o=,/M8gHzjxpNU=,xIqe+QQIQXQ=-/M8gHzjxpNU=,A4tgQv5cqkc=,7,13
2023-03-03,xIqe+QQIQXQ=,t+kFcRdzL6o=,/M8gHzjxpNU=,xIqe+QQIQXQ=-t+kFcRdzL6o=,A4tgQv5cqkc=,7,13
2023-03-03,xIqe+QQIQXQ=,t+kFcRdzL6o=,/M8gHzjxpNU=,t+kFcRdzL6o=-/M8gHzjxpNU=,A4tgQv5cqkc=,6,42
2023-03-03,xIqe+QQIQXQ=,t+kFcRdzL6o=,/M8gHzjxpNU=,xIqe+QQIQXQ=-/M8gHzjxpNU=,A4tgQv5cqkc=,6,30
2023-03-03,xIqe+QQIQXQ=,t+kFcRdzL6o=,/M8gHzjxpNU=,xIqe+QQIQXQ=-t+kFcRdzL6o=,A4tgQv5cqkc=,6,30
2023-03-03,xIqe+QQIQXQ=,t+kFcRdzL6o=,/M8gHzjxpNU=,t+kFcRdzL6o=-/M8gHzjxpNU=,A4tgQv5cqkc=,5,53
2023-03-03,xIqe+QQIQXQ=,t+kFcRdzL6o=,/M8gHzjxpNU=,xIqe+QQIQXQ=-/M8gHzjxpNU=,A4tgQv5cqkc=,5,36
2023-03-03,xIqe+QQIQXQ=,t+kFcRdzL6o=,/M8gHzjxpNU=,xIqe+QQIQXQ=-t+kFcRdzL6o=,A4tgQv5cqkc=,5,36
2023-03-03,xIqe+QQIQXQ=,t+kFcRdzL6o=,/M8gHzjxpNU=,t+kFcRdzL6o=-/M8gHzjxpNU=,A4tgQv5cqkc=,4,65
2023-03-03,xIqe+QQIQXQ=,t+kFcRdzL6o=,/M8gHzjxpNU=,xIqe+QQIQXQ=-/M8gHzjxpNU=,A4tgQv5cqkc=,4,47
2023-03-03,xIqe+QQIQXQ=,t+kFcRdzL6o=,/M8gHzjxpNU=,xIqe+QQIQXQ=-t+kFcRdzL6o=,A4tgQv5cqkc=,4,47
2023-03-03,xIqe+QQIQXQ=,t+kFcRdzL6o=,/M8gHzjxpNU=,t+kFcRdzL6o=-/M8gHzjxpNU=,A4tgQv5cqkc=,3,79
2023-03-03,xIqe+QQIQXQ=,t+kFcRdzL6o=,/M8gHzjxpNU=,xIqe+QQIQXQ=-/M8gHzjxpNU=,A4tgQv5cqkc=,3,62
2023-03-03,xIqe+QQIQXQ=,t+kFcRdzL6o=,/M8gHzjxpNU=,xIqe+QQIQXQ=-t+kFcRdzL6o=,A4tgQv5cqkc=,3,62
2023-03-03,xIqe+QQIQXQ=,t+kFcRdzL6o=,/M8gHzjxpNU=,t+kFcRdzL6o=-/M8gHzjxpNU=,A4tgQv5cqkc=,2,113
2023-03-03,xIqe+QQIQXQ=,t+kFcRdzL6o=,/M8gHzjxpNU=,xIqe+QQIQXQ=-/M8gHzjxpNU=,A4tgQv5cqkc=,2,93
2023-03-03,xIqe+QQIQXQ=,t+kFcRdzL6o=,/M8gHzjxpNU=,xIqe+QQIQXQ=-t+kFcRdzL6o=,A4tgQv5cqkc=,2,93
2023-03-03,xIqe+QQIQXQ=,t+kFcRdzL6o=,/M8gHzjxpNU=,t+kFcRdzL6o=-/M8gHzjxpNU=,A4tgQv5cqkc=,1,140
2023-03-03,xIqe+QQIQXQ=,t+kFcRdzL6o=,/M8gHzjxpNU=,xIqe+QQIQXQ=-/M8gHzjxpNU=,A4tgQv5cqkc=,1,120
2023-03-03,xIqe+QQIQXQ=,t+kFcRdzL6o=,/M8gHzjxpNU=,xIqe+QQIQXQ=-t+kFcRdzL6o=,A4tgQv5cqkc=,1,120
2023-03-03,xIqe+QQIQXQ=,t+kFcRdzL6o=,/M8gHzjxpNU=,t+kFcRdzL6o=-/M8gHzjxpNU=,A4tgQv5cqkc=,0,176
2023-03-03,xIqe+QQIQXQ=,t+kFcRdzL6o=,/M8gHzjxpNU=,xIqe+QQIQXQ=-/M8gHzjxpNU=,A4tgQv5cqkc=,0,154
2023-03-03,xIqe+QQIQXQ=,t+kFcRdzL6o=,/M8gHzjxpNU=,xIqe+QQIQXQ=-t+kFcRdzL6o=,A4tgQv5cqkc=,0,154
2023-03-03,xIqe+QQIQXQ=,t+kFcRdzL6o=,/M8gHzjxpNU=,t+kFcRdzL6o=-/M8gHzjxpNU=,A4tgQv5cqkc=,-1,176
2023-03-03,xIqe+QQIQXQ=,t+kFcRdzL6o=,/M8gHzjxpNU=,xIqe+QQIQXQ=-/M8gHzjxpNU=,A4tgQv5cqkc=,-1,154
2023-03-03,xIqe+QQIQXQ=,t+kFcRdzL6o=,/M8gHzjxpNU=,xIqe+QQIQXQ=-t+kFcRdzL6o=,A4tgQv5cqkc=,-1,154
2023-03-05,xIqe+QQIQXQ=,t+kFcRdzL6o=,/M8gHzjxpNU=,t+kFcRdzL6o=-/M8gHzjxpNU=,A4tgQv5cqkc=,29,0
2023-03-05,xIqe+QQIQXQ=,t+kFcRdzL6o=,/M8gHzjxpNU=,xIqe+QQIQXQ=-/M8gHzjxpNU=,A4tgQv5cqkc=,29,0
2023-03-05,xIqe+QQIQXQ=,t+kFcRdzL6o=,/M8gHzjxpNU=,xIqe+QQIQXQ=-t+kFcRdzL6o=,A4tgQv5cqkc=,29,0
2023-03-05,xIqe+QQIQXQ=,t+kFcRdzL6o=,/M8gHzjxpNU=,t+kFcRdzL6o=-/M8gHzjxpNU=,A4tgQv5cqkc=,28,0
2023-03-05,xIqe+QQIQXQ=,t+kFcRdzL6o=,/M8gHzjxpNU=,xIqe+QQIQXQ=-/M8gHzjxpNU=,A4tgQv5cqkc=,28,0
2023-03-05,xIqe+QQIQXQ=,t+kFcRdzL6o=,/M8gHzjxpNU=,xIqe+QQIQXQ=-t+kFcRdzL6o=,A4tgQv5cqkc=,28,0
2023-03-05,xIqe+QQIQXQ=,t+kFcRdzL6o=,/M8gHzjxpNU=,t+kFcRdzL6o=-/M8gHzjxpNU=,A4tgQv5cqkc=,27,0
2023-03-05,xIqe+QQIQXQ=,t+kFcRdzL6o=,/M8gHzjxpNU=,xIqe+QQIQXQ=-/M8gHzjxpNU=,A4tgQv5cqkc=,27,1
2023-03-05,xIqe+QQIQXQ=,t+kFcRdzL6o=,/M8gHzjxpNU=,xIqe+QQIQXQ=-t+kFcRdzL6o=,A4tgQv5cqkc=,27,1
2023-03-05,xIqe+QQIQXQ=,t+kFcRdzL6o=,/M8gHzjxpNU=,t+kFcRdzL6o=-/M8gHzjxpNU=,A4tgQv5cqkc=,26,0
2023-03-05,xIqe+QQIQXQ=,t+kFcRdzL6o=,/M8gHzjxpNU=,xIqe+QQIQXQ=-/M8gHzjxpNU=,A4tgQv5cqkc=,26,1
2023-03-05,xIqe+QQIQXQ=,t+kFcRdzL6o=,/M8gHzjxpNU=,xIqe+QQIQXQ=-t+kFcRdzL6o=,A4tgQv5cqkc=,26,1
2023-03-05,xIqe+QQIQXQ=,t+kFcRdzL6o=,/M8gHzjxpNU=,t+kFcRdzL6o=-/M8gHzjxpNU=,A4tgQv5cqkc=,25,0
2023-03-05,xIqe+QQIQXQ=,t+kFcRdzL6o=,/M8gHzjxpNU=,xIqe+QQIQXQ=-/M8gHzjxpNU=,A4tgQv5cqkc=,25,1
2023-03-05,xIqe+QQIQXQ=,t+kFcRdzL6o=,/M8gHzjxpNU=,xIqe+QQIQXQ=-t+kFcRdzL6o=,A4tgQv5cqkc=,25,1
2023-03-05,xIqe+QQIQXQ=,t+kFcRdzL6o=,/M8gHzjxpNU=,t+kFcRdzL6o=-/M8gHzjxpNU=,A4tgQv5cqkc=,24,0
2023-03-05,xIqe+QQIQXQ=,t+kFcRdzL6o=,/M8gHzjxpNU=,xIqe+QQIQXQ=-/M8gHzjxpNU=,A4tgQv5cqkc=,24,1
2023-03-05,xIqe+QQIQXQ=,t+kFcRdzL6o=,/M8gHzjxpNU=,xIqe+QQIQXQ=-t+kFcRdzL6o=,A4tgQv5cqkc=,24,1
2023-03-05,xIqe+QQIQXQ=,t+kFcRdzL6o=,/M8gHzjxpNU=,t+kFcRdzL6o=-/M8gHzjxpNU=,A4tgQv5cqkc=,23,2
2023-03-05,xIqe+QQIQXQ=,t+kFcRdzL6o=,/M8gHzjxpNU=,xIqe+QQIQXQ=-/M8gHzjxpNU=,A4tgQv5cqkc=,23,1
2023-03-05,xIqe+QQIQXQ=,t+kFcRdzL6o=,/M8gHzjxpNU=,xIqe+QQIQXQ=-t+kFcRdzL6o=,A4tgQv5cqkc=,23,1
2023-03-05,xIqe+QQIQXQ=,t+kFcRdzL6o=,/M8gHzjxpNU=,t+kFcRdzL6o=-/M8gHzjxpNU=,A4tgQv5cqkc=,22,2
2023-03-05,xIqe+QQIQXQ=,t+kFcRdzL6o=,/M8gHzjxpNU=,xIqe+QQIQXQ=-/M8gHzjxpNU=,A4tgQv5cqkc=,22,1
2023-03-05,xIqe+QQIQXQ=,t+kFcRdzL6o=,/M8gHzjxpNU=,xIqe+QQIQXQ=-t+kFcRdzL6o=,A4tgQv5cqkc=,22,1
2023-03-05,xIqe+QQIQXQ=,t+kFcRdzL6o=,/M8gHzjxpNU=,t+kFcRdzL6o=-/M8gHzjxpNU=,A4tgQv5cqkc=,21,2
2023-03-05,xIqe+QQIQXQ=,t+kFcRdzL6o=,/M8gHzjxpNU=,xIqe+QQIQXQ=-/M8gHzjxpNU=,A4tgQv5cqkc=,21,1
2023-03-05,xIqe+QQIQXQ=,t+kFcRdzL6o=,/M8gHzjxpNU=,xIqe+QQIQXQ=-t+kFcRdzL6o=,A4tgQv5cqkc=,21,1
2023-03-05,xIqe+QQIQXQ=,t+kFcRdzL6o=,/M8gHzjxpNU=,t+kFcRdzL6o=-/M8gHzjxpNU=,A4tgQv5cqkc=,20,2
2023-03-05,xIqe+QQIQXQ=,t+kFcRdzL6o=,/M8gHzjxpNU=,xIqe+QQIQXQ=-/M8gHzjxpNU=,A4tgQv5cqkc=,20,1
2023-03-05,xIqe+QQIQXQ=,t+kFcRdzL6o=,/M8gHzjxpNU=,xIqe+QQIQXQ=-t+kFcRdzL6o=,A4tgQv5cqkc=,20,1
2023-03-05,xIqe+QQIQXQ=,t+kFcRdzL6o=,/M8gHzjxpNU=,t+kFcRdzL6o=-/M8gHzjxpNU=,A4tgQv5cqkc=,19,2
2023-03-05,xIqe+QQIQXQ=,t+kFcRdzL6o=,/M8gHzjxpNU=,xIqe+QQIQXQ=-/M8gHzjxpNU=,A4tgQv5cqkc=,19,1
2023-03-05,xIqe+QQIQXQ=,t+kFcRdzL6o=,/M8gHzjxpNU=,xIqe+QQIQXQ=-t+kFcRdzL6o=,A4tgQv5cqkc=,19,1
2023-03-05,xIqe+QQIQXQ=,t+kFcRdzL6o=,/M8gHzjxpNU=,t+kFcRdzL6o=-/M8gHzjxpNU=,A4tgQv5cqkc=,18,2
2023-03-05,xIqe+QQIQXQ=,t+kFcRdzL6o=,/M8gHzjxpNU=,xIqe+QQIQXQ=-/M8gHzjxpNU=,A4tgQv5cqkc=,18,1
2023-03-05,xIqe+QQIQXQ=,t+kFcRdzL6o=,/M8gHzjxpNU=,xIqe+QQIQXQ=-t+kFcRdzL6o=,A4tgQv5cqkc=,18,1
2023-03-05,xIqe+QQIQXQ=,t+kFcRdzL6o=,/M8gHzjxpNU=,t+kFcRdzL6o=-/M8gHzjxpNU=,A4tgQv5cqkc=,17,2
2023-03-05,xIqe+QQIQXQ=,t+kFcRdzL6o=,/M8gHzjxpNU=,xIqe+QQIQXQ=-/M8gHzjxpNU=,A4tgQv5cqkc=,17,1
2023-03-05,xIqe+QQIQXQ=,t+kFcRdzL6o=,/M8gHzjxpNU=,xIqe+QQIQXQ=-t+kFcRdzL6o=,A4tgQv5cqkc=,17,1
2023-03-05,xIqe+QQIQXQ=,t+kFcRdzL6o=,/M8gHzjxpNU=,t+kFcRdzL6o=-/M8gHzjxpNU=,A4tgQv5cqkc=,16,2
2023-03-05,xIqe+QQIQXQ=,t+kFcRdzL6o=,/M8gHzjxpNU=,xIqe+QQIQXQ=-/M8gHzjxpNU=,A4tgQv5cqkc=,16,1
2023-03-05,xIqe+QQIQXQ=,t+kFcRdzL6o=,/M8gHzjxpNU=,xIqe+QQIQXQ=-t+kFcRdzL6o=,A4tgQv5cqkc=,16,1
2023-03-05,xIqe+QQIQXQ=,t+kFcRdzL6o=,/M8gHzjxpNU=,t+kFcRdzL6o=-/M8gHzjxpNU=,A4tgQv5cqkc=,15,2
2023-03-05,xIqe+QQIQXQ=,t+kFcRdzL6o=,/M8gHzjxpNU=,xIqe+QQIQXQ=-/M8gHzjxpNU=,A4tgQv5cqkc=,15,1
2023-03-05,xIqe+QQIQXQ=,t+kFcRdzL6o=,/M8gHzjxpNU=,xIqe+QQIQXQ=-t+kFcRdzL6o=,A4tgQv5cqkc=,15,1
2023-03-05,xIqe+QQIQXQ=,t+kFcRdzL6o=,/M8gHzjxpNU=,t+kFcRdzL6o=-/M8gHzjxpNU=,A4tgQv5cqkc=,14,2
2023-03-05,xIqe+QQIQXQ=,t+kFcRdzL6o=,/M8gHzjxpNU=,xIqe+QQIQXQ=-/M8gHzjxpNU=,A4tgQv5cqkc=,14,1
2023-03-05,xIqe+QQIQXQ=,t+kFcRdzL6o=,/M8gHzjxpNU=,xIqe+QQIQXQ=-t+kFcRdzL6o=,A4tgQv5cqkc=,14,1
2023-03-05,xIqe+QQIQXQ=,t+kFcRdzL6o=,/M8gHzjxpNU=,t+kFcRdzL6o=-/M8gHzjxpNU=,A4tgQv5cqkc=,13,2
2023-03-05,xIqe+QQIQXQ=,t+kFcRdzL6o=,/M8gHzjxpNU=,xIqe+QQIQXQ=-/M8gHzjxpNU=,A4tgQv5cqkc=,13,1
2023-03-05,xIqe+QQIQXQ=,t+kFcRdzL6o=,/M8gHzjxpNU=,xIqe+QQIQXQ=-t+kFcRdzL6o=,A4tgQv5cqkc=,13,1
2023-03-05,xIqe+QQIQXQ=,t+kFcRdzL6o=,/M8gHzjxpNU=,t+kFcRdzL6o=-/M8gHzjxpNU=,A4tgQv5cqkc=,12,2
2023-03-05,xIqe+QQIQXQ=,t+kFcRdzL6o=,/M8gHzjxpNU=,xIqe+QQIQXQ=-/M8gHzjxpNU=,A4tgQv5cqkc=,12,1
2023-03-05,xIqe+QQIQXQ=,t+kFcRdzL6o=,/M8gHzjxpNU=,xIqe+QQIQXQ=-t+kFcRdzL6o=,A4tgQv5cqkc=,12,1
2023-03-05,xIqe+QQIQXQ=,t+kFcRdzL6o=,/M8gHzjxpNU=,t+kFcRdzL6o=-/M8gHzjxpNU=,A4tgQv5cqkc=,11,4
2023-03-05,xIqe+QQIQXQ=,t+kFcRdzL6o=,/M8gHzjxpNU=,xIqe+QQIQXQ=-/M8gHzjxpNU=,A4tgQv5cqkc=,11,2
2023-03-05,xIqe+QQIQXQ=,t+kFcRdzL6o=,/M8gHzjxpNU=,xIqe+QQIQXQ=-t+kFcRdzL6o=,A4tgQv5cqkc=,11,2
2023-03-05,xIqe+QQIQXQ=,t+kFcRdzL6o=,/M8gHzjxpNU=,t+kFcRdzL6o=-/M8gHzjxpNU=,A4tgQv5cqkc=,10,8
2023-03-05,xIqe+QQIQXQ=,t+kFcRdzL6o=,/M8gHzjxpNU=,xIqe+QQIQXQ=-/M8gHzjxpNU=,A4tgQv5cqkc=,10,5
2023-03-05,xIqe+QQIQXQ=,t+kFcRdzL6o=,/M8gHzjxpNU=,xIqe+QQIQXQ=-t+kFcRdzL6o=,A4tgQv5cqkc=,10,5
2023-03-05,xIqe+QQIQXQ=,t+kFcRdzL6o=,/M8gHzjxpNU=,t+kFcRdzL6o=-/M8gHzjxpNU=,A4tgQv5cqkc=,9,14
2023-03-05,xIqe+QQIQXQ=,t+kFcRdzL6o=,/M8gHzjxpNU=,xIqe+QQIQXQ=-/M8gHzjxpNU=,A4tgQv5cqkc=,9,11
2023-03-05,xIqe+QQIQXQ=,t+kFcRdzL6o=,/M8gHzjxpNU=,xIqe+QQIQXQ=-t+kFcRdzL6o=,A4tgQv5cqkc=,9,11
2023-03-05,xIqe+QQIQXQ=,t+kFcRdzL6o=,/M8gHzjxpNU=,t+kFcRdzL6o=-/M8gHzjxpNU=,A4tgQv5cqkc=,8,25
2023-03-05,xIqe+QQIQXQ=,t+kFcRdzL6o=,/M8gHzjxpNU=,xIqe+QQIQXQ=-/M8gHzjxpNU=,A4tgQv5cqkc=,8,20
2023-03-05,xIqe+QQIQXQ=,t+kFcRdzL6o=,/M8gHzjxpNU=,xIqe+QQIQXQ=-t+kFcRdzL6o=,A4tgQv5cqkc=,8,20
2023-03-05,xIqe+QQIQXQ=,t+kFcRdzL6o=,/M8gHzjxpNU=,t+kFcRdzL6o=-/M8gHzjxpNU=,A4tgQv5cqkc=,7,28
2023-03-05,xIqe+QQIQXQ=,t+kFcRdzL6o=,/M8gHzjxpNU=,xIqe+QQIQXQ=-/M8gHzjxpNU=,A4tgQv5cqkc=,7,20
2023-03-05,xIqe+QQIQXQ=,t+kFcRdzL6o=,/M8gHzjxpNU=,xIqe+QQIQXQ=-t+kFcRdzL6o=,A4tgQv5cqkc=,7,20
2023-03-05,xIqe+QQIQXQ=,t+kFcRdzL6o=,/M8gHzjxpNU=,t+kFcRdzL6o=-/M8gHzjxpNU=,A4tgQv5cqkc=,6,42
2023-03-05,xIqe+QQIQXQ=,t+kFcRdzL6o=,/M8gHzjxpNU=,xIqe+QQIQXQ=-/M8gHzjxpNU=,A4tgQv5cqkc=,6,23
2023-03-05,xIqe+QQIQXQ=,t+kFcRdzL6o=,/M8gHzjxpNU=,xIqe+QQIQXQ=-t+kFcRdzL6o=,A4tgQv5cqkc=,6,23
2023-03-05,xIqe+QQIQXQ=,t+kFcRdzL6o=,/M8gHzjxpNU=,t+kFcRdzL6o=-/M8gHzjxpNU=,A4tgQv5cqkc=,5,46
2023-03-05,xIqe+QQIQXQ=,t+kFcRdzL6o=,/M8gHzjxpNU=,xIqe+QQIQXQ=-/M8gHzjxpNU=,A4tgQv5cqkc=,5,27
2023-03-05,xIqe+QQIQXQ=,t+kFcRdzL6o=,/M8gHzjxpNU=,xIqe+QQIQXQ=-t+kFcRdzL6o=,A4tgQv5cqkc=,5,27
2023-03-05,xIqe+QQIQXQ=,t+kFcRdzL6o=,/M8gHzjxpNU=,t+kFcRdzL6o=-/M8gHzjxpNU=,A4tgQv5cqkc=,4,56
2023-03-05,xIqe+QQIQXQ=,t+kFcRdzL6o=,/M8gHzjxpNU=,xIqe+QQIQXQ=-/M8gHzjxpNU=,A4tgQv5cqkc=,4,39
2023-03-05,xIqe+QQIQXQ=,t+kFcRdzL6o=,/M8gHzjxpNU=,xIqe+QQIQXQ=-t+kFcRdzL6o=,A4tgQv5cqkc=,4,39
2023-03-05,xIqe+QQIQXQ=,t+kFcRdzL6o=,/M8gHzjxpNU=,t+kFcRdzL6o=-/M8gHzjxpNU=,A4tgQv5cqkc=,3,74
2023-03-05,xIqe+QQIQXQ=,t+kFcRdzL6o=,/M8gHzjxpNU=,xIqe+QQIQXQ=-/M8gHzjxpNU=,A4tgQv5cqkc=,3,54
2023-03-05,xIqe+QQIQXQ=,t+kFcRdzL6o=,/M8gHzjxpNU=,xIqe+QQIQXQ=-t+kFcRdzL6o=,A4tgQv5cqkc=,3,54
2023-03-05,xIqe+QQIQXQ=,t+kFcRdzL6o=,/M8gHzjxpNU=,t+kFcRdzL6o=-/M8gHzjxpNU=,A4tgQv5cqkc=,2,111
2023-03-05,xIqe+QQIQXQ=,t+kFcRdzL6o=,/M8gHzjxpNU=,xIqe+QQIQXQ=-/M8gHzjxpNU=,A4tgQv5cqkc=,2,80
2023-03-05,xIqe+QQIQXQ=,t+kFcRdzL6o=,/M8gHzjxpNU=,xIqe+QQIQXQ=-t+kFcRdzL6o=,A4tgQv5cqkc=,2,80
2023-03-05,xIqe+QQIQXQ=,t+kFcRdzL6o=,/M8gHzjxpNU=,t+kFcRdzL6o=-/M8gHzjxpNU=,A4tgQv5cqkc=,1,148
2023-03-05,xIqe+QQIQXQ=,t+kFcRdzL6o=,/M8gHzjxpNU=,xIqe+QQIQXQ=-/M8gHzjxpNU=,A4tgQv5cqkc=,1,116
2023-03-05,xIqe+QQIQXQ=,t+kFcRdzL6o=,/M8gHzjxpNU=,xIqe+QQIQXQ=-t+kFcRdzL6o=,A4tgQv5cqkc=,1,116
2023-03-05,xIqe+QQIQXQ=,t+kFcRdzL6o=,/M8gHzjxpNU=,t+kFcRdzL6o=-/M8gHzjxpNU=,A4tgQv5cqkc=,0,178
2023-03-05,xIqe+QQIQXQ=,t+kFcRdzL6o=,/M8gHzjxpNU=,xIqe+QQIQXQ=-/M8gHzjxpNU=,A4tgQv5cqkc=,0,146
2023-03-05,xIqe+QQIQXQ=,t+kFcRdzL6o=,/M8gHzjxpNU=,xIqe+QQIQXQ=-t+kFcRdzL6o=,A4tgQv5cqkc=,0,146
2023-03-05,xIqe+QQIQXQ=,t+kFcRdzL6o=,/M8gHzjxpNU=,t+kFcRdzL6o=-/M8gHzjxpNU=,A4tgQv5cqkc=,-1,178
2023-03-05,xIqe+QQIQXQ=,t+kFcRdzL6o=,/M8gHzjxpNU=,xIqe+QQIQXQ=-/M8gHzjxpNU=,A4tgQv5cqkc=,-1,146
2023-03-05,xIqe+QQIQXQ=,t+kFcRdzL6o=,/M8gHzjxpNU=,xIqe+QQIQXQ=-t+kFcRdzL6o=,A4tgQv5cqkc=,-1,146
2023-03-12,xIqe+QQIQXQ=,t+kFcRdzL6o=,/M8gHzjxpNU=,t+kFcRdzL6o=-/M8gHzjxpNU=,A4tgQv5cqkc=,29,0
2023-03-12,xIqe+QQIQXQ=,t+kFcRdzL6o=,/M8gHzjxpNU=,xIqe+QQIQXQ=-/M8gHzjxpNU=,A4tgQv5cqkc=,29,0
2023-03-12,xIqe+QQIQXQ=,t+kFcRdzL6o=,/M8gHzjxpNU=,xIqe+QQIQXQ=-t+kFcRdzL6o=,A4tgQv5cqkc=,29,0
2023-03-12,xIqe+QQIQXQ=,t+kFcRdzL6o=,/M8gHzjxpNU=,t+kFcRdzL6o=-/M8gHzjxpNU=,A4tgQv5cqkc=,28,0
2023-03-12,xIqe+QQIQXQ=,t+kFcRdzL6o=,/M8gHzjxpNU=,xIqe+QQIQXQ=-/M8gHzjxpNU=,A4tgQv5cqkc=,28,0
2023-03-12,xIqe+QQIQXQ=,t+kFcRdzL6o=,/M8gHzjxpNU=,xIqe+QQIQXQ=-t+kFcRdzL6o=,A4tgQv5cqkc=,28,0
2023-03-12,xIqe+QQIQXQ=,t+kFcRdzL6o=,/M8gHzjxpNU=,t+kFcRdzL6o=-/M8gHzjxpNU=,A4tgQv5cqkc=,27,0
2023-03-12,xIqe+QQIQXQ=,t+kFcRdzL6o=,/M8gHzjxpNU=,xIqe+QQIQXQ=-/M8gHzjxpNU=,A4tgQv5cqkc=,27,0
2023-03-12,xIqe+QQIQXQ=,t+kFcRdzL6o=,/M8gHzjxpNU=,xIqe+QQIQXQ=-t+kFcRdzL6o=,A4tgQv5cqkc=,27,0
2023-03-12,xIqe+QQIQXQ=,t+kFcRdzL6o=,/M8gHzjxpNU=,t+kFcRdzL6o=-/M8gHzjxpNU=,A4tgQv5cqkc=,26,0
2023-03-12,xIqe+QQIQXQ=,t+kFcRdzL6o=,/M8gHzjxpNU=,xIqe+QQIQXQ=-/M8gHzjxpNU=,A4tgQv5cqkc=,26,0
2023-03-12,xIqe+QQIQXQ=,t+kFcRdzL6o=,/M8gHzjxpNU=,xIqe+QQIQXQ=-t+kFcRdzL6o=,A4tgQv5cqkc=,26,0
2023-03-12,xIqe+QQIQXQ=,t+kFcRdzL6o=,/M8gHzjxpNU=,t+kFcRdzL6o=-/M8gHzjxpNU=,A4tgQv5cqkc=,25,0
2023-03-12,xIqe+QQIQXQ=,t+kFcRdzL6o=,/M8gHzjxpNU=,xIqe+QQIQXQ=-/M8gHzjxpNU=,A4tgQv5cqkc=,25,0
2023-03-12,xIqe+QQIQXQ=,t+kFcRdzL6o=,/M8gHzjxpNU=,xIqe+QQIQXQ=-t+kFcRdzL6o=,A4tgQv5cqkc=,25,0
2023-03-12,xIqe+QQIQXQ=,t+kFcRdzL6o=,/M8gHzjxpNU=,t+kFcRdzL6o=-/M8gHzjxpNU=,A4tgQv5cqkc=,24,0
2023-03-12,xIqe+QQIQXQ=,t+kFcRdzL6o=,/M8gHzjxpNU=,xIqe+QQIQXQ=-/M8gHzjxpNU=,A4tgQv5cqkc=,24,0
2023-03-12,xIqe+QQIQXQ=,t+kFcRdzL6o=,/M8gHzjxpNU=,xIqe+QQIQXQ=-t+kFcRdzL6o=,A4tgQv5cqkc=,24,0
2023-03-12,xIqe+QQIQXQ=,t+kFcRdzL6o=,/M8gHzjxpNU=,t+kFcRdzL6o=-/M8gHzjxpNU=,A4tgQv5cqkc=,23,0
2023-03-12,xIqe+QQIQXQ=,t+kFcRdzL6o=,/M8gHzjxpNU=,xIqe+QQIQXQ=-/M8gHzjxpNU=,A4tgQv5cqkc=,23,0
2023-03-12,xIqe+QQIQXQ=,t+kFcRdzL6o=,/M8gHzjxpNU=,xIqe+QQIQXQ=-t+kFcRdzL6o=,A4tgQv5cqkc=,23,0
2023-03-12,xIqe+QQIQXQ=,t+kFcRdzL6o=,/M8gHzjxpNU=,t+kFcRdzL6o=-/M8gHzjxpNU=,A4tgQv5cqkc=,22,0
2023-03-12,xIqe+QQIQXQ=,t+kFcRdzL6o=,/M8gHzjxpNU=,xIqe+QQIQXQ=-/M8gHzjxpNU=,A4tgQv5cqkc=,22,0
2023-03-12,xIqe+QQIQXQ=,t+kFcRdzL6o=,/M8gHzjxpNU=,xIqe+QQIQXQ=-t+kFcRdzL6o=,A4tgQv5cqkc=,22,0
2023-03-12,xIqe+QQIQXQ=,t+kFcRdzL6o=,/M8gHzjxpNU=,t+kFcRdzL6o=-/M8gHzjxpNU=,A4tgQv5cqkc=,21,0
2023-03-12,xIqe+QQIQXQ=,t+kFcRdzL6o=,/M8gHzjxpNU=,xIqe+QQIQXQ=-/M8gHzjxpNU=,A4tgQv5cqkc=,21,0
2023-03-12,xIqe+QQIQXQ=,t+kFcRdzL6o=,/M8gHzjxpNU=,xIqe+QQIQXQ=-t+kFcRdzL6o=,A4tgQv5cqkc=,21,0
2023-03-12,xIqe+QQIQXQ=,t+kFcRdzL6o=,/M8gHzjxpNU=,t+kFcRdzL6o=-/M8gHzjxpNU=,A4tgQv5cqkc=,20,0
2023-03-12,xIqe+QQIQXQ=,t+kFcRdzL6o=,/M8gHzjxpNU=,xIqe+QQIQXQ=-/M8gHzjxpNU=,A4tgQv5cqkc=,20,0
2023-03-12,xIqe+QQIQXQ=,t+kFcRdzL6o=,/M8gHzjxpNU=,xIqe+QQIQXQ=-t+kFcRdzL6o=,A4tgQv5cqkc=,20,0
2023-03-12,xIqe+QQIQXQ=,t+kFcRdzL6o=,/M8gHzjxpNU=,t+kFcRdzL6o=-/M8gHzjxpNU=,A4tgQv5cqkc=,19,1
2023-03-12,xIqe+QQIQXQ=,t+kFcRdzL6o=,/M8gHzjxpNU=,xIqe+QQIQXQ=-/M8gHzjxpNU=,A4tgQv5cqkc=,19,0
2023-03-12,xIqe+QQIQXQ=,t+kFcRdzL6o=,/M8gHzjxpNU=,xIqe+QQIQXQ=-t+kFcRdzL6o=,A4tgQv5cqkc=,19,0
2023-03-12,xIqe+QQIQXQ=,t+kFcRdzL6o=,/M8gHzjxpNU=,t+kFcRdzL6o=-/M8gHzjxpNU=,A4tgQv5cqkc=,18,1
2023-03-12,xIqe+QQIQXQ=,t+kFcRdzL6o=,/M8gHzjxpNU=,xIqe+QQIQXQ=-/M8gHzjxpNU=,A4tgQv5cqkc=,18,0
2023-03-12,xIqe+QQIQXQ=,t+kFcRdzL6o=,/M8gHzjxpNU=,xIqe+QQIQXQ=-t+kFcRdzL6o=,A4tgQv5cqkc=,18,0
2023-03-12,xIqe+QQIQXQ=,t+kFcRdzL6o=,/M8gHzjxpNU=,t+kFcRdzL6o=-/M8gHzjxpNU=,A4tgQv5cqkc=,17,1
2023-03-12,xIqe+QQIQXQ=,t+kFcRdzL6o=,/M8gHzjxpNU=,xIqe+QQIQXQ=-/M8gHzjxpNU=,A4tgQv5cqkc=,17,0
2023-03-12,xIqe+QQIQXQ=,t+kFcRdzL6o=,/M8gHzjxpNU=,xIqe+QQIQXQ=-t+kFcRdzL6o=,A4tgQv5cqkc=,17,0
2023-03-12,xIqe+QQIQXQ=,t+kFcRdzL6o=,/M8gHzjxpNU=,t+kFcRdzL6o=-/M8gHzjxpNU=,A4tgQv5cqkc=,16,1
2023-03-12,xIqe+QQIQXQ=,t+kFcRdzL6o=,/M8gHzjxpNU=,xIqe+QQIQXQ=-/M8gHzjxpNU=,A4tgQv5cqkc=,16,0
2023-03-12,xIqe+QQIQXQ=,t+kFcRdzL6o=,/M8gHzjxpNU=,xIqe+QQIQXQ=-t+kFcRdzL6o=,A4tgQv5cqkc=,16,0
2023-03-12,xIqe+QQIQXQ=,t+kFcRdzL6o=,/M8gHzjxpNU=,t+kFcRdzL6o=-/M8gHzjxpNU=,A4tgQv5cqkc=,15,1
2023-03-12,xIqe+QQIQXQ=,t+kFcRdzL6o=,/M8gHzjxpNU=,xIqe+QQIQXQ=-/M8gHzjxpNU=,A4tgQv5cqkc=,15,0
2023-03-12,xIqe+QQIQXQ=,t+kFcRdzL6o=,/M8gHzjxpNU=,xIqe+QQIQXQ=-t+kFcRdzL6o=,A4tgQv5cqkc=,15,0
2023-03-12,xIqe+QQIQXQ=,t+kFcRdzL6o=,/M8gHzjxpNU=,t+kFcRdzL6o=-/M8gHzjxpNU=,A4tgQv5cqkc=,14,4
2023-03-12,xIqe+QQIQXQ=,t+kFcRdzL6o=,/M8gHzjxpNU=,xIqe+QQIQXQ=-/M8gHzjxpNU=,A4tgQv5cqkc=,14,0
2023-03-12,xIqe+QQIQXQ=,t+kFcRdzL6o=,/M8gHzjxpNU=,xIqe+QQIQXQ=-t+kFcRdzL6o=,A4tgQv5cqkc=,14,0
2023-03-12,xIqe+QQIQXQ=,t+kFcRdzL6o=,/M8gHzjxpNU=,t+kFcRdzL6o=-/M8gHzjxpNU=,A4tgQv5cqkc=,13,5
2023-03-12,xIqe+QQIQXQ=,t+kFcRdzL6o=,/M8gHzjxpNU=,xIqe+QQIQXQ=-/M8gHzjxpNU=,A4tgQv5cqkc=,13,0
2023-03-12,xIqe+QQIQXQ=,t+kFcRdzL6o=,/M8gHzjxpNU=,xIqe+QQIQXQ=-t+kFcRdzL6o=,A4tgQv5cqkc=,13,0
2023-03-12,xIqe+QQIQXQ=,t+kFcRdzL6o=,/M8gHzjxpNU=,t+kFcRdzL6o=-/M8gHzjxpNU=,A4tgQv5cqkc=,12,8
2023-03-12,xIqe+QQIQXQ=,t+kFcRdzL6o=,/M8gHzjxpNU=,xIqe+QQIQXQ=-/M8gHzjxpNU=,A4tgQv5cqkc=,12,1
2023-03-12,xIqe+QQIQXQ=,t+kFcRdzL6o=,/M8gHzjxpNU=,xIqe+QQIQXQ=-t+kFcRdzL6o=,A4tgQv5cqkc=,12,1
2023-03-12,xIqe+QQIQXQ=,t+kFcRdzL6o=,/M8gHzjxpNU=,t+kFcRdzL6o=-/M8gHzjxpNU=,A4tgQv5cqkc=,11,10
2023-03-12,xIqe+QQIQXQ=,t+kFcRdzL6o=,/M8gHzjxpNU=,xIqe+QQIQXQ=-/M8gHzjxpNU=,A4tgQv5cqkc=,11,3
2023-03-12,xIqe+QQIQXQ=,t+kFcRdzL6o=,/M8gHzjxpNU=,xIqe+QQIQXQ=-t+kFcRdzL6o=,A4tgQv5cqkc=,11,3
2023-03-12,xIqe+QQIQXQ=,t+kFcRdzL6o=,/M8gHzjxpNU=,t+kFcRdzL6o=-/M8gHzjxpNU=,A4tgQv5cqkc=,10,17
2023-03-12,xIqe+QQIQXQ=,t+kFcRdzL6o=,/M8gHzjxpNU=,xIqe+QQIQXQ=-/M8gHzjxpNU=,A4tgQv5cqkc=,10,8
2023-03-12,xIqe+QQIQXQ=,t+kFcRdzL6o=,/M8gHzjxpNU=,xIqe+QQIQXQ=-t+kFcRdzL6o=,A4tgQv5cqkc=,10,8
2023-03-12,xIqe+QQIQXQ=,t+kFcRdzL6o=,/M8gHzjxpNU=,t+kFcRdzL6o=-/M8gHzjxpNU=,A4tgQv5cqkc=,9,21
2023-03-12,xIqe+QQIQXQ=,t+kFcRdzL6o=,/M8gHzjxpNU=,xIqe+QQIQXQ=-/M8gHzjxpNU=,A4tgQv5cqkc=,9,12
2023-03-12,xIqe+QQIQXQ=,t+kFcRdzL6o=,/M8gHzjxpNU=,xIqe+QQIQXQ=-t+kFcRdzL6o=,A4tgQv5cqkc=,9,12
2023-03-12,xIqe+QQIQXQ=,t+kFcRdzL6o=,/M8gHzjxpNU=,t+kFcRdzL6o=-/M8gHzjxpNU=,A4tgQv5cqkc=,8,22
2023-03-12,xIqe+QQIQXQ=,t+kFcRdzL6o=,/M8gHzjxpNU=,xIqe+QQIQXQ=-/M8gHzjxpNU=,A4tgQv5cqkc=,8,13
2023-03-12,xIqe+QQIQXQ=,t+kFcRdzL6o=,/M8gHzjxpNU=,xIqe+QQIQXQ=-t+kFcRdzL6o=,A4tgQv5cqkc=,8,13
2023-03-12,xIqe+QQIQXQ=,t+kFcRdzL6o=,/M8gHzjxpNU=,t+kFcRdzL6o=-/M8gHzjxpNU=,A4tgQv5cqkc=,7,28
2023-03-12,xIqe+QQIQXQ=,t+kFcRdzL6o=,/M8gHzjxpNU=,xIqe+QQIQXQ=-/M8gHzjxpNU=,A4tgQv5cqkc=,7,18
2023-03-12,xIqe+QQIQXQ=,t+kFcRdzL6o=,/M8gHzjxpNU=,xIqe+QQIQXQ=-t+kFcRdzL6o=,A4tgQv5cqkc=,7,18
2023-03-12,xIqe+QQIQXQ=,t+kFcRdzL6o=,/M8gHzjxpNU=,t+kFcRdzL6o=-/M8gHzjxpNU=,A4tgQv5cqkc=,6,40
2023-03-12,xIqe+QQIQXQ=,t+kFcRdzL6o=,/M8gHzjxpNU=,xIqe+QQIQXQ=-/M8gHzjxpNU=,A4tgQv5cqkc=,6,23
2023-03-12,xIqe+QQIQXQ=,t+kFcRdzL6o=,/M8gHzjxpNU=,xIqe+QQIQXQ=-t+kFcRdzL6o=,A4tgQv5cqkc=,6,23
2023-03-12,xIqe+QQIQXQ=,t+kFcRdzL6o=,/M8gHzjxpNU=,t+kFcRdzL6o=-/M8gHzjxpNU=,A4tgQv5cqkc=,5,50
2023-03-12,xIqe+QQIQXQ=,t+kFcRdzL6o=,/M8gHzjxpNU=,xIqe+QQIQXQ=-/M8gHzjxpNU=,A4tgQv5cqkc=,5,30
2023-03-12,xIqe+QQIQXQ=,t+kFcRdzL6o=,/M8gHzjxpNU=,xIqe+QQIQXQ=-t+kFcRdzL6o=,A4tgQv5cqkc=,5,30
2023-03-12,xIqe+QQIQXQ=,t+kFcRdzL6o=,/M8gHzjxpNU=,t+kFcRdzL6o=-/M8gHzjxpNU=,A4tgQv5cqkc=,4,64
2023-03-12,xIqe+QQIQXQ=,t+kFcRdzL6o=,/M8gHzjxpNU=,xIqe+QQIQXQ=-/M8gHzjxpNU=,A4tgQv5cqkc=,4,39
2023-03-12,xIqe+QQIQXQ=,t+kFcRdzL6o=,/M8gHzjxpNU=,xIqe+QQIQXQ=-t+kFcRdzL6o=,A4tgQv5cqkc=,4,39
2023-03-12,xIqe+QQIQXQ=,t+kFcRdzL6o=,/M8gHzjxpNU=,t+kFcRdzL6o=-/M8gHzjxpNU=,A4tgQv5cqkc=,3,92
2023-03-12,xIqe+QQIQXQ=,t+kFcRdzL6o=,/M8gHzjxpNU=,xIqe+QQIQXQ=-/M8gHzjxpNU=,A4tgQv5cqkc=,3,66
2023-03-12,xIqe+QQIQXQ=,t+kFcRdzL6o=,/M8gHzjxpNU=,xIqe+QQIQXQ=-t+kFcRdzL6o=,A4tgQv5cqkc=,3,66
2023-03-12,xIqe+QQIQXQ=,t+kFcRdzL6o=,/M8gHzjxpNU=,t+kFcRdzL6o=-/M8gHzjxpNU=,A4tgQv5cqkc=,2,140
2023-03-12,xIqe+QQIQXQ=,t+kFcRdzL6o=,/M8gHzjxpNU=,xIqe+QQIQXQ=-/M8gHzjxpNU=,A4tgQv5cqkc=,2,103
2023-03-12,xIqe+QQIQXQ=,t+kFcRdzL6o=,/M8gHzjxpNU=,xIqe+QQIQXQ=-t+kFcRdzL6o=,A4tgQv5cqkc=,2,103
2023-03-12,xIqe+QQIQXQ=,t+kFcRdzL6o=,/M8gHzjxpNU=,t+kFcRdzL6o=-/M8gHzjxpNU=,A4tgQv5cqkc=,1,161
2023-03-12,xIqe+QQIQXQ=,t+kFcRdzL6o=,/M8gHzjxpNU=,xIqe+QQIQXQ=-/M8gHzjxpNU=,A4tgQv5cqkc=,1,128
2023-03-12,xIqe+QQIQXQ=,t+kFcRdzL6o=,/M8gHzjxpNU=,xIqe+QQIQXQ=-t+kFcRdzL6o=,A4tgQv5cqkc=,1,128
2023-03-12,xIqe+QQIQXQ=,t+kFcRdzL6o=,/M8gHzjxpNU=,t+kFcRdzL6o=-/M8gHzjxpNU=,A4tgQv5cqkc=,0,176
2023-03-12,xIqe+QQIQXQ=,t+kFcRdzL6o=,/M8gHzjxpNU=,xIqe+QQIQXQ=-/M8gHzjxpNU=,A4tgQv5cqkc=,0,148
2023-03-12,xIqe+QQIQXQ=,t+kFcRdzL6o=,/M8gHzjxpNU=,xIqe+QQIQXQ=-t+kFcRdzL6o=,A4tgQv5cqkc=,0,148
2023-03-12,xIqe+QQIQXQ=,t+kFcRdzL6o=,/M8gHzjxpNU=,t+kFcRdzL6o=-/M8gHzjxpNU=,A4tgQv5cqkc=,-1,176
2023-03-12,xIqe+QQIQXQ=,t+kFcRdzL6o=,/M8gHzjxpNU=,xIqe+QQIQXQ=-/M8gHzjxpNU=,A4tgQv5cqkc=,-1,148
2023-03-12,xIqe+QQIQXQ=,t+kFcRdzL6o=,/M8gHzjxpNU=,xIqe+QQIQXQ=-t+kFcRdzL6o=,A4tgQv5cqkc=,-1,148
2023-03-19,xIqe+QQIQXQ=,t+kFcRdzL6o=,/M8gHzjxpNU=,t+kFcRdzL6o=-/M8gHzjxpNU=,A4tgQv5cqkc=,29,0
2023-03-19,xIqe+QQIQXQ=,t+kFcRdzL6o=,/M8gHzjxpNU=,xIqe+QQIQXQ=-/M8gHzjxpNU=,A4tgQv5cqkc=,29,0
2023-03-19,xIqe+QQIQXQ=,t+kFcRdzL6o=,/M8gHzjxpNU=,xIqe+QQIQXQ=-t+kFcRdzL6o=,A4tgQv5cqkc=,29,0
2023-03-19,xIqe+QQIQXQ=,t+kFcRdzL6o=,/M8gHzjxpNU=,t+kFcRdzL6o=-/M8gHzjxpNU=,A4tgQv5cqkc=,28,0
2023-03-19,xIqe+QQIQXQ=,t+kFcRdzL6o=,/M8gHzjxpNU=,xIqe+QQIQXQ=-/M8gHzjxpNU=,A4tgQv5cqkc=,28,0
2023-03-19,xIqe+QQIQXQ=,t+kFcRdzL6o=,/M8gHzjxpNU=,xIqe+QQIQXQ=-t+kFcRdzL6o=,A4tgQv5cqkc=,28,0
2023-03-19,xIqe+QQIQXQ=,t+kFcRdzL6o=,/M8gHzjxpNU=,t+kFcRdzL6o=-/M8gHzjxpNU=,A4tgQv5cqkc=,27,0
2023-03-19,xIqe+QQIQXQ=,t+kFcRdzL6o=,/M8gHzjxpNU=,xIqe+QQIQXQ=-/M8gHzjxpNU=,A4tgQv5cqkc=,27,0
2023-03-19,xIqe+QQIQXQ=,t+kFcRdzL6o=,/M8gHzjxpNU=,xIqe+QQIQXQ=-t+kFcRdzL6o=,A4tgQv5cqkc=,27,0
2023-03-19,xIqe+QQIQXQ=,t+kFcRdzL6o=,/M8gHzjxpNU=,t+kFcRdzL6o=-/M8gHzjxpNU=,A4tgQv5cqkc=,26,0
2023-03-19,xIqe+QQIQXQ=,t+kFcRdzL6o=,/M8gHzjxpNU=,xIqe+QQIQXQ=-/M8gHzjxpNU=,A4tgQv5cqkc=,26,0
2023-03-19,xIqe+QQIQXQ=,t+kFcRdzL6o=,/M8gHzjxpNU=,xIqe+QQIQXQ=-t+kFcRdzL6o=,A4tgQv5cqkc=,26,0
2023-03-19,xIqe+QQIQXQ=,t+kFcRdzL6o=,/M8gHzjxpNU=,t+kFcRdzL6o=-/M8gHzjxpNU=,A4tgQv5cqkc=,25,0
2023-03-19,xIqe+QQIQXQ=,t+kFcRdzL6o=,/M8gHzjxpNU=,xIqe+QQIQXQ=-/M8gHzjxpNU=,A4tgQv5cqkc=,25,0
2023-03-19,xIqe+QQIQXQ=,t+kFcRdzL6o=,/M8gHzjxpNU=,xIqe+QQIQXQ=-t+kFcRdzL6o=,A4tgQv5cqkc=,25,0
2023-03-19,xIqe+QQIQXQ=,t+kFcRdzL6o=,/M8gHzjxpNU=,t+kFcRdzL6o=-/M8gHzjxpNU=,A4tgQv5cqkc=,24,0
2023-03-19,xIqe+QQIQXQ=,t+kFcRdzL6o=,/M8gHzjxpNU=,xIqe+QQIQXQ=-/M8gHzjxpNU=,A4tgQv5cqkc=,24,0
2023-03-19,xIqe+QQIQXQ=,t+kFcRdzL6o=,/M8gHzjxpNU=,xIqe+QQIQXQ=-t+kFcRdzL6o=,A4tgQv5cqkc=,24,0
2023-03-19,xIqe+QQIQXQ=,t+kFcRdzL6o=,/M8gHzjxpNU=,t+kFcRdzL6o=-/M8gHzjxpNU=,A4tgQv5cqkc=,23,0
2023-03-19,xIqe+QQIQXQ=,t+kFcRdzL6o=,/M8gHzjxpNU=,xIqe+QQIQXQ=-/M8gHzjxpNU=,A4tgQv5cqkc=,23,0
2023-03-19,xIqe+QQIQXQ=,t+kFcRdzL6o=,/M8gHzjxpNU=,xIqe+QQIQXQ=-t+kFcRdzL6o=,A4tgQv5cqkc=,23,0
2023-03-19,xIqe+QQIQXQ=,t+kFcRdzL6o=,/M8gHzjxpNU=,t+kFcRdzL6o=-/M8gHzjxpNU=,A4tgQv5cqkc=,22,2
2023-03-19,xIqe+QQIQXQ=,t+kFcRdzL6o=,/M8gHzjxpNU=,xIqe+QQIQXQ=-/M8gHzjxpNU=,A4tgQv5cqkc=,22,0
2023-03-19,xIqe+QQIQXQ=,t+kFcRdzL6o=,/M8gHzjxpNU=,xIqe+QQIQXQ=-t+kFcRdzL6o=,A4tgQv5cqkc=,22,0
2023-03-19,xIqe+QQIQXQ=,t+kFcRdzL6o=,/M8gHzjxpNU=,t+kFcRdzL6o=-/M8gHzjxpNU=,A4tgQv5cqkc=,21,2
2023-03-19,xIqe+QQIQXQ=,t+kFcRdzL6o=,/M8gHzjxpNU=,xIqe+QQIQXQ=-/M8gHzjxpNU=,A4tgQv5cqkc=,21,0
2023-03-19,xIqe+QQIQXQ=,t+kFcRdzL6o=,/M8gHzjxpNU=,xIqe+QQIQXQ=-t+kFcRdzL6o=,A4tgQv5cqkc=,21,0
2023-03-19,xIqe+QQIQXQ=,t+kFcRdzL6o=,/M8gHzjxpNU=,t+kFcRdzL6o=-/M8gHzjxpNU=,A4tgQv5cqkc=,20,2
2023-03-19,xIqe+QQIQXQ=,t+kFcRdzL6o=,/M8gHzjxpNU=,xIqe+QQIQXQ=-/M8gHzjxpNU=,A4tgQv5cqkc=,20,0
2023-03-19,xIqe+QQIQXQ=,t+kFcRdzL6o=,/M8gHzjxpNU=,xIqe+QQIQXQ=-t+kFcRdzL6o=,A4tgQv5cqkc=,20,0
2023-03-19,xIqe+QQIQXQ=,t+kFcRdzL6o=,/M8gHzjxpNU=,t+kFcRdzL6o=-/M8gHzjxpNU=,A4tgQv5cqkc=,19,2
2023-03-19,xIqe+QQIQXQ=,t+kFcRdzL6o=,/M8gHzjxpNU=,xIqe+QQIQXQ=-/M8gHzjxpNU=,A4tgQv5cqkc=,19,0
2023-03-19,xIqe+QQIQXQ=,t+kFcRdzL6o=,/M8gHzjxpNU=,xIqe+QQIQXQ=-t+kFcRdzL6o=,A4tgQv5cqkc=,19,0
2023-03-19,xIqe+QQIQXQ=,t+kFcRdzL6o=,/M8gHzjxpNU=,t+kFcRdzL6o=-/M8gHzjxpNU=,A4tgQv5cqkc=,18,2
2023-03-19,xIqe+QQIQXQ=,t+kFcRdzL6o=,/M8gHzjxpNU=,xIqe+QQIQXQ=-/M8gHzjxpNU=,A4tgQv5cqkc=,18,0
2023-03-19,xIqe+QQIQXQ=,t+kFcRdzL6o=,/M8gHzjxpNU=,xIqe+QQIQXQ=-t+kFcRdzL6o=,A4tgQv5cqkc=,18,0
2023-03-19,xIqe+QQIQXQ=,t+kFcRdzL6o=,/M8gHzjxpNU=,t+kFcRdzL6o=-/M8gHzjxpNU=,A4tgQv5cqkc=,17,2
2023-03-19,xIqe+QQIQXQ=,t+kFcRdzL6o=,/M8gHzjxpNU=,xIqe+QQIQXQ=-/M8gHzjxpNU=,A4tgQv5cqkc=,17,0
2023-03-19,xIqe+QQIQXQ=,t+kFcRdzL6o=,/M8gHzjxpNU=,xIqe+QQIQXQ=-t+kFcRdzL6o=,A4tgQv5cqkc=,17,0
2023-03-19,xIqe+QQIQXQ=,t+kFcRdzL6o=,/M8gHzjxpNU=,t+kFcRdzL6o=-/M8gHzjxpNU=,A4tgQv5cqkc=,16,3
2023-03-19,xIqe+QQIQXQ=,t+kFcRdzL6o=,/M8gHzjxpNU=,xIqe+QQIQXQ=-/M8gHzjxpNU=,A4tgQv5cqkc=,16,0
2023-03-19,xIqe+QQIQXQ=,t+kFcRdzL6o=,/M8gHzjxpNU=,xIqe+QQIQXQ=-t+kFcRdzL6o=,A4tgQv5cqkc=,16,0
2023-03-19,xIqe+QQIQXQ=,t+kFcRdzL6o=,/M8gHzjxpNU=,t+kFcRdzL6o=-/M8gHzjxpNU=,A4tgQv5cqkc=,15,5
2023-03-19,xIqe+QQIQXQ=,t+kFcRdzL6o=,/M8gHzjxpNU=,xIqe+QQIQXQ=-/M8gHzjxpNU=,A4tgQv5cqkc=,15,2
2023-03-19,xIqe+QQIQXQ=,t+kFcRdzL6o=,/M8gHzjxpNU=,xIqe+QQIQXQ=-t+kFcRdzL6o=,A4tgQv5cqkc=,15,2
2023-03-19,xIqe+QQIQXQ=,t+kFcRdzL6o=,/M8gHzjxpNU=,t+kFcRdzL6o=-/M8gHzjxpNU=,A4tgQv5cqkc=,14,5
2023-03-19,xIqe+QQIQXQ=,t+kFcRdzL6o=,/M8gHzjxpNU=,xIqe+QQIQXQ=-/M8gHzjxpNU=,A4tgQv5cqkc=,14,2
2023-03-19,xIqe+QQIQXQ=,t+kFcRdzL6o=,/M8gHzjxpNU=,xIqe+QQIQXQ=-t+kFcRdzL6o=,A4tgQv5cqkc=,14,2
2023-03-19,xIqe+QQIQXQ=,t+kFcRdzL6o=,/M8gHzjxpNU=,t+kFcRdzL6o=-/M8gHzjxpNU=,A4tgQv5cqkc=,13,6
2023-03-19,xIqe+QQIQXQ=,t+kFcRdzL6o=,/M8gHzjxpNU=,xIqe+QQIQXQ=-/M8gHzjxpNU=,A4tgQv5cqkc=,13,3
2023-03-19,xIqe+QQIQXQ=,t+kFcRdzL6o=,/M8gHzjxpNU=,xIqe+QQIQXQ=-t+kFcRdzL6o=,A4tgQv5cqkc=,13,3
2023-03-19,xIqe+QQIQXQ=,t+kFcRdzL6o=,/M8gHzjxpNU=,t+kFcRdzL6o=-/M8gHzjxpNU=,A4tgQv5cqkc=,12,5
2023-03-19,xIqe+QQIQXQ=,t+kFcRdzL6o=,/M8gHzjxpNU=,xIqe+QQIQXQ=-/M8gHzjxpNU=,A4tgQv5cqkc=,12,2
2023-03-19,xIqe+QQIQXQ=,t+kFcRdzL6o=,/M8gHzjxpNU=,xIqe+QQIQXQ=-t+kFcRdzL6o=,A4tgQv5cqkc=,12,2
2023-03-19,xIqe+QQIQXQ=,t+kFcRdzL6o=,/M8gHzjxpNU=,t+kFcRdzL6o=-/M8gHzjxpNU=,A4tgQv5cqkc=,11,6
2023-03-19,xIqe+QQIQXQ=,t+kFcRdzL6o=,/M8gHzjxpNU=,xIqe+QQIQXQ=-/M8gHzjxpNU=,A4tgQv5cqkc=,11,4
2023-03-19,xIqe+QQIQXQ=,t+kFcRdzL6o=,/M8gHzjxpNU=,xIqe+QQIQXQ=-t+kFcRdzL6o=,A4tgQv5cqkc=,11,4
2023-03-19,xIqe+QQIQXQ=,t+kFcRdzL6o=,/M8gHzjxpNU=,t+kFcRdzL6o=-/M8gHzjxpNU=,A4tgQv5cqkc=,10,6
2023-03-19,xIqe+QQIQXQ=,t+kFcRdzL6o=,/M8gHzjxpNU=,xIqe+QQIQXQ=-/M8gHzjxpNU=,A4tgQv5cqkc=,10,4
2023-03-19,xIqe+QQIQXQ=,t+kFcRdzL6o=,/M8gHzjxpNU=,xIqe+QQIQXQ=-t+kFcRdzL6o=,A4tgQv5cqkc=,10,4
2023-03-19,xIqe+QQIQXQ=,t+kFcRdzL6o=,/M8gHzjxpNU=,t+kFcRdzL6o=-/M8gHzjxpNU=,A4tgQv5cqkc=,9,10
2023-03-19,xIqe+QQIQXQ=,t+kFcRdzL6o=,/M8gHzjxpNU=,xIqe+QQIQXQ=-/M8gHzjxpNU=,A4tgQv5cqkc=,9,8
2023-03-19,xIqe+QQIQXQ=,t+kFcRdzL6o=,/M8gHzjxpNU=,xIqe+QQIQXQ=-t+kFcRdzL6o=,A4tgQv5cqkc=,9,8
2023-03-19,xIqe+QQIQXQ=,t+kFcRdzL6o=,/M8gHzjxpNU=,t+kFcRdzL6o=-/M8gHzjxpNU=,A4tgQv5cqkc=,8,18
2023-03-19,xIqe+QQIQXQ=,t+kFcRdzL6o=,/M8gHzjxpNU=,xIqe+QQIQXQ=-/M8gHzjxpNU=,A4tgQv5cqkc=,8,15
2023-03-19,xIqe+QQIQXQ=,t+kFcRdzL6o=,/M8gHzjxpNU=,xIqe+QQIQXQ=-t+kFcRdzL6o=,A4tgQv5cqkc=,8,15
2023-03-19,xIqe+QQIQXQ=,t+kFcRdzL6o=,/M8gHzjxpNU=,t+kFcRdzL6o=-/M8gHzjxpNU=,A4tgQv5cqkc=,7,21
2023-03-19,xIqe+QQIQXQ=,t+kFcRdzL6o=,/M8gHzjxpNU=,xIqe+QQIQXQ=-/M8gHzjxpNU=,A4tgQv5cqkc=,7,17
2023-03-19,xIqe+QQIQXQ=,t+kFcRdzL6o=,/M8gHzjxpNU=,xIqe+QQIQXQ=-t+kFcRdzL6o=,A4tgQv5cqkc=,7,17
2023-03-19,xIqe+QQIQXQ=,t+kFcRdzL6o=,/M8gHzjxpNU=,t+kFcRdzL6o=-/M8gHzjxpNU=,A4tgQv5cqkc=,6,29
2023-03-19,xIqe+QQIQXQ=,t+kFcRdzL6o=,/M8gHzjxpNU=,xIqe+QQIQXQ=-/M8gHzjxpNU=,A4tgQv5cqkc=,6,25
2023-03-19,xIqe+QQIQXQ=,t+kFcRdzL6o=,/M8gHzjxpNU=,xIqe+QQIQXQ=-t+kFcRdzL6o=,A4tgQv5cqkc=,6,25
2023-03-19,xIqe+QQIQXQ=,t+kFcRdzL6o=,/M8gHzjxpNU=,t+kFcRdzL6o=-/M8gHzjxpNU=,A4tgQv5cqkc=,5,44
2023-03-19,xIqe+QQIQXQ=,t+kFcRdzL6o=,/M8gHzjxpNU=,xIqe+QQIQXQ=-/M8gHzjxpNU=,A4tgQv5cqkc=,5,32
2023-03-19,xIqe+QQIQXQ=,t+kFcRdzL6o=,/M8gHzjxpNU=,xIqe+QQIQXQ=-t+kFcRdzL6o=,A4tgQv5cqkc=,5,32
2023-03-19,xIqe+QQIQXQ=,t+kFcRdzL6o=,/M8gHzjxpNU=,t+kFcRdzL6o=-/M8gHzjxpNU=,A4tgQv5cqkc=,4,58
2023-03-19,xIqe+QQIQXQ=,t+kFcRdzL6o=,/M8gHzjxpNU=,xIqe+QQIQXQ=-/M8gHzjxpNU=,A4tgQv5cqkc=,4,47
2023-03-19,xIqe+QQIQXQ=,t+kFcRdzL6o=,/M8gHzjxpNU=,xIqe+QQIQXQ=-t+kFcRdzL6o=,A4tgQv5cqkc=,4,47
2023-03-19,xIqe+QQIQXQ=,t+kFcRdzL6o=,/M8gHzjxpNU=,t+kFcRdzL6o=-/M8gHzjxpNU=,A4tgQv5cqkc=,3,76
2023-03-19,xIqe+QQIQXQ=,t+kFcRdzL6o=,/M8gHzjxpNU=,xIqe+QQIQXQ=-/M8gHzjxpNU=,A4tgQv5cqkc=,3,67
2023-03-19,xIqe+QQIQXQ=,t+kFcRdzL6o=,/M8gHzjxpNU=,xIqe+QQIQXQ=-t+kFcRdzL6o=,A4tgQv5cqkc=,3,67
2023-03-19,xIqe+QQIQXQ=,t+kFcRdzL6o=,/M8gHzjxpNU=,t+kFcRdzL6o=-/M8gHzjxpNU=,A4tgQv5cqkc=,2,112
2023-03-19,xIqe+QQIQXQ=,t+kFcRdzL6o=,/M8gHzjxpNU=,xIqe+QQIQXQ=-/M8gHzjxpNU=,A4tgQv5cqkc=,2,98
2023-03-19,xIqe+QQIQXQ=,t+kFcRdzL6o=,/M8gHzjxpNU=,xIqe+QQIQXQ=-t+kFcRdzL6o=,A4tgQv5cqkc=,2,98
2023-03-19,xIqe+QQIQXQ=,t+kFcRdzL6o=,/M8gHzjxpNU=,t+kFcRdzL6o=-/M8gHzjxpNU=,A4tgQv5cqkc=,1,155
2023-03-19,xIqe+QQIQXQ=,t+kFcRdzL6o=,/M8gHzjxpNU=,xIqe+QQIQXQ=-/M8gHzjxpNU=,A4tgQv5cqkc=,1,128
2023-03-19,xIqe+QQIQXQ=,t+kFcRdzL6o=,/M8gHzjxpNU=,xIqe+QQIQXQ=-t+kFcRdzL6o=,A4tgQv5cqkc=,1,128
2023-03-19,xIqe+QQIQXQ=,t+kFcRdzL6o=,/M8gHzjxpNU=,t+kFcRdzL6o=-/M8gHzjxpNU=,A4tgQv5cqkc=,0,169
2023-03-19,xIqe+QQIQXQ=,t+kFcRdzL6o=,/M8gHzjxpNU=,xIqe+QQIQXQ=-/M8gHzjxpNU=,A4tgQv5cqkc=,0,144
2023-03-19,xIqe+QQIQXQ=,t+kFcRdzL6o=,/M8gHzjxpNU=,xIqe+QQIQXQ=-t+kFcRdzL6o=,A4tgQv5cqkc=,0,144
2023-03-19,xIqe+QQIQXQ=,t+kFcRdzL6o=,/M8gHzjxpNU=,t+kFcRdzL6o=-/M8gHzjxpNU=,A4tgQv5cqkc=,-1,169
2023-03-19,xIqe+QQIQXQ=,t+kFcRdzL6o=,/M8gHzjxpNU=,xIqe+QQIQXQ=-/M8gHzjxpNU=,A4tgQv5cqkc=,-1,144
2023-03-19,xIqe+QQIQXQ=,t+kFcRdzL6o=,/M8gHzjxpNU=,xIqe+QQIQXQ=-t+kFcRdzL6o=,A4tgQv5cqkc=,-1,144
